{
  "resourceType": "StructureDefinition",
  "id": "actualgroup",
  "text": {
    "status": "generated",
    "div": "\u003cdiv xmlns\u003d\"http://www.w3.org/1999/xhtml\"\u003eto do\u003c/div\u003e"
  },
  "extension": [
    {
      "url": "http://hl7.org/fhir/StructureDefinition/structuredefinition-fmm",
      "valueInteger": 1
    },
    {
      "url": "http://hl7.org/fhir/StructureDefinition/structuredefinition-wg",
      "valueCode": "fhir"
    },
    {
      "url": "http://hl7.org/fhir/StructureDefinition/structuredefinition-standards-status",
      "valueCode": "trial-use"
    }
  ],
  "url": "http://hl7.org/fhir/StructureDefinition/actualgroup",
  "version": "4.0.0",
  "name": "Actual Group",
  "status": "draft",
  "experimental": false,
  "date": "2018-12-27T22:37:54+11:00",
  "publisher": "HL7",
  "description": "Enforces an actual group, rather than a definitional group",
  "fhirVersion": "4.0.0",
  "mapping": [
    {
      "identity": "rim",
      "uri": "http://hl7.org/v3",
      "name": "RIM Mapping"
    },
    {
      "identity": "w5",
      "uri": "http://hl7.org/fhir/fivews",
      "name": "FiveWs Pattern Mapping"
    }
  ],
  "kind": "resource",
  "abstract": false,
  "type": "Group",
  "baseDefinition": "http://hl7.org/fhir/StructureDefinition/Group",
  "derivation": "constraint",
  "snapshot": {
    "element": [
      {
        "id": "Group",
        "path": "Group",
        "short": "Group of multiple entities",
        "definition": "Represents a defined collection of entities that may be discussed or acted upon collectively but which are not expected to act collectively, and are not formally or legally recognized; i.e. a collection of entities that isn\u0027t an Organization.",
        "comment": "If both Group.characteristic and Group.member are present, then the members are the individuals who were found who met the characteristic.  It\u0027s possible that there might be other candidate members who meet the characteristic and aren\u0027t (yet) in the list.  All members SHALL have the listed characteristics.",
        "min": 1,
        "max": "1",
        "base": {
          "path": "Group",
          "min": 0,
          "max": "*"
        },
        "constraint": [
          {
            "key": "dom-2",
            "severity": "error",
            "human": "If the resource is contained in another resource, it SHALL NOT contain nested Resources",
            "expression": "contained.contained.empty()",
            "xpath": "not(parent::f:contained and f:contained)",
            "source": "DomainResource"
          },
          {
            "key": "dom-4",
            "severity": "error",
            "human": "If a resource is contained in another resource, it SHALL NOT have a meta.versionId or a meta.lastUpdated",
            "expression": "contained.meta.versionId.empty() and contained.meta.lastUpdated.empty()",
            "xpath": "not(exists(f:contained/*/f:meta/f:versionId)) and not(exists(f:contained/*/f:meta/f:lastUpdated))",
            "source": "DomainResource"
          },
          {
            "key": "dom-3",
            "severity": "error",
            "human": "If the resource is contained in another resource, it SHALL be referred to from elsewhere in the resource or SHALL refer to the containing resource",
            "expression": "contained.where(((\u0027#\u0027+id in (%resource.descendants().reference | %resource.descendants().as(canonical) | %resource.descendants().as(uri) | %resource.descendants().as(url))) or descendants().where(reference \u003d \u0027#\u0027).exists() or descendants().where(as(canonical) \u003d \u0027#\u0027).exists() or descendants().where(as(canonical) \u003d \u0027#\u0027).exists()).not()).trace(\u0027unmatched\u0027, id).empty()",
            "xpath": "not(exists(for $contained in f:contained return $contained[not(parent::*/descendant::f:reference/@value\u003dconcat(\u0027#\u0027, $contained/*/id/@value) or descendant::f:reference[@value\u003d\u0027#\u0027])]))",
            "source": "DomainResource"
          },
          {
            "extension": [
              {
                "url": "http://hl7.org/fhir/StructureDefinition/elementdefinition-bestpractice",
                "valueBoolean": true
              },
              {
                "url": "http://hl7.org/fhir/StructureDefinition/elementdefinition-bestpractice-explanation",
                "valueMarkdown": "When a resource has no narrative, only systems that fully understand the data can display the resource to a human safely. Including a human readable representation in the resource makes for a much more robust eco-system and cheaper handling of resources by intermediary systems. Some ecosystems restrict distribution of resources to only those systems that do fully understand the resources, and as a consequence implementers may believe that the narrative is superfluous. However experience shows that such eco-systems often open up to new participants over time."
              }
            ],
            "key": "dom-6",
            "severity": "warning",
            "human": "A resource should have narrative for robust management",
            "expression": "text.div.exists()",
            "xpath": "exists(f:text/h:div)",
            "source": "DomainResource"
          },
          {
            "key": "dom-5",
            "severity": "error",
            "human": "If a resource is contained in another resource, it SHALL NOT have a security label",
            "expression": "contained.meta.security.empty()",
            "xpath": "not(exists(f:contained/*/f:meta/f:security))",
            "source": "DomainResource"
          },
          {
            "key": "grp-1",
            "severity": "error",
            "human": "Can only have members if group is \"actual\"",
            "expression": "member.empty() or (actual \u003d true)",
            "xpath": "f:actual/@value\u003dtrue() or not(exists(f:member))",
            "source": "Group"
          }
        ],
        "isModifier": false,
        "isSummary": false,
        "mapping": [
          {
            "identity": "rim",
            "map": "Entity. Role, or Act"
          },
          {
            "identity": "rim",
            "map": "Entity[determinerCode\u003d\"GRP\" or determinerCode\u003d\"GRP_KIND\"]"
          }
        ]
      },
      {
        "id": "Group.id",
        "path": "Group.id",
        "short": "Logical id of this artifact",
        "definition": "The logical id of the resource, as used in the URL for the resource. Once assigned, this value never changes.",
        "comment": "The only time that a resource does not have an id is when it is being submitted to the server using a create operation.",
        "min": 0,
        "max": "1",
        "base": {
          "path": "Resource.id",
          "min": 0,
          "max": "1"
        },
        "type": [
          {
            "code": "id"
          }
        ],
        "isModifier": false,
        "isSummary": true
      },
      {
        "id": "Group.meta",
        "path": "Group.meta",
        "short": "Metadata about the resource",
        "definition": "The metadata about the resource. This is content that is maintained by the infrastructure. Changes to the content might not always be associated with version changes to the resource.",
        "min": 0,
        "max": "1",
        "base": {
          "path": "Resource.meta",
          "min": 0,
          "max": "1"
        },
        "type": [
          {
            "code": "Meta"
          }
        ],
        "isModifier": false,
        "isSummary": true
      },
      {
        "id": "Group.implicitRules",
        "path": "Group.implicitRules",
        "short": "A set of rules under which this content was created",
        "definition": "A reference to a set of rules that were followed when the resource was constructed, and which must be understood when processing the content. Often, this is a reference to an implementation guide that defines the special rules along with other profiles etc.",
        "comment": "Asserting this rule set restricts the content to be only understood by a limited set of trading partners. This inherently limits the usefulness of the data in the long term. However, the existing health eco-system is highly fractured, and not yet ready to define, collect, and exchange data in a generally computable sense. Wherever possible, implementers and/or specification writers should avoid using this element. Often, when used, the URL is a reference to an implementation guide that defines these special rules as part of it\u0027s narrative along with other profiles, value sets, etc.",
        "min": 0,
        "max": "1",
        "base": {
          "path": "Resource.implicitRules",
          "min": 0,
          "max": "1"
        },
        "type": [
          {
            "code": "uri"
          }
        ],
        "isModifier": true,
        "isModifierReason": "This element is labeled as a modifier because the implicit rules may provide additional knowledge about the resource that modifies it\u0027s meaning or interpretation",
        "isSummary": true
      },
      {
        "id": "Group.language",
        "path": "Group.language",
        "short": "Language of the resource content",
        "definition": "The base language in which the resource is written.",
        "comment": "Language is provided to support indexing and accessibility (typically, services such as text to speech use the language tag). The html language tag in the narrative applies  to the narrative. The language tag on the resource may be used to specify the language of other presentations generated from the data in the resource. Not all the content has to be in the base language. The Resource.language should not be assumed to apply to the narrative automatically. If a language is specified, it should it also be specified on the div element in the html (see rules in HTML5 for information about the relationship between xml:lang and the html lang attribute).",
        "min": 0,
        "max": "1",
        "base": {
          "path": "Resource.language",
          "min": 0,
          "max": "1"
        },
        "type": [
          {
            "code": "code"
          }
        ],
        "isModifier": false,
        "isSummary": false,
        "binding": {
          "extension": [
            {
              "url": "http://hl7.org/fhir/StructureDefinition/elementdefinition-maxValueSet",
              "valueCanonical": "http://hl7.org/fhir/ValueSet/all-languages"
            },
            {
              "url": "http://hl7.org/fhir/StructureDefinition/elementdefinition-bindingName",
              "valueString": "Language"
            },
            {
              "url": "http://hl7.org/fhir/StructureDefinition/elementdefinition-isCommonBinding",
              "valueBoolean": true
            }
          ],
          "strength": "preferred",
          "description": "A human language.",
          "valueSet": "http://hl7.org/fhir/ValueSet/languages"
        }
      },
      {
        "id": "Group.text",
        "path": "Group.text",
        "short": "Text summary of the resource, for human interpretation",
        "definition": "A human-readable narrative that contains a summary of the resource and can be used to represent the content of the resource to a human. The narrative need not encode all the structured data, but is required to contain sufficient detail to make it \"clinically safe\" for a human to just read the narrative. Resource definitions may define what content should be represented in the narrative to ensure clinical safety.",
        "comment": "Contained resources do not have narrative. Resources that are not contained SHOULD have a narrative. In some cases, a resource may only have text with little or no additional discrete data (as long as all minOccurs\u003d1 elements are satisfied).  This may be necessary for data from legacy systems where information is captured as a \"text blob\" or where text is additionally entered raw or narrated and encoded information is added later.",
        "alias": [
          "narrative",
          "html",
          "xhtml",
          "display"
        ],
        "min": 0,
        "max": "1",
        "base": {
          "path": "DomainResource.text",
          "min": 0,
          "max": "1"
        },
        "type": [
          {
            "code": "Narrative"
          }
        ],
        "isModifier": false,
        "isSummary": false,
        "mapping": [
          {
            "identity": "rim",
            "map": "Act.text?"
          }
        ]
      },
      {
        "id": "Group.contained",
        "path": "Group.contained",
        "short": "Contained, inline Resources",
        "definition": "These resources do not have an independent existence apart from the resource that contains them - they cannot be identified independently, and nor can they have their own independent transaction scope.",
        "comment": "This should never be done when the content can be identified properly, as once identification is lost, it is extremely difficult (and context dependent) to restore it again. Contained resources may have profiles and tags In their meta elements, but SHALL NOT have security labels.",
        "alias": [
          "inline resources",
          "anonymous resources",
          "contained resources"
        ],
        "min": 0,
        "max": "*",
        "base": {
          "path": "DomainResource.contained",
          "min": 0,
          "max": "*"
        },
        "type": [
          {
            "code": "Resource"
          }
        ],
        "isModifier": false,
        "isSummary": false,
        "mapping": [
          {
            "identity": "rim",
            "map": "N/A"
          }
        ]
      },
      {
        "id": "Group.extension",
        "path": "Group.extension",
        "short": "Additional content defined by implementations",
        "definition": "May be used to represent additional information that is not part of the basic definition of the resource. To make the use of extensions safe and manageable, there is a strict set of governance  applied to the definition and use of extensions. Though any implementer can define an extension, there is a set of requirements that SHALL be met as part of the definition of the extension.",
        "comment": "There can be no stigma associated with the use of extensions by any application, project, or standard - regardless of the institution or jurisdiction that uses or defines the extensions.  The use of extensions is what allows the FHIR specification to retain a core level of simplicity for everyone.",
        "alias": [
          "extensions",
          "user content"
        ],
        "min": 0,
        "max": "*",
        "base": {
          "path": "DomainResource.extension",
          "min": 0,
          "max": "*"
        },
        "type": [
          {
            "code": "Extension"
          }
        ],
        "isModifier": false,
        "isSummary": false,
        "mapping": [
          {
            "identity": "rim",
            "map": "N/A"
          }
        ]
      },
      {
        "id": "Group.modifierExtension",
        "path": "Group.modifierExtension",
        "short": "Extensions that cannot be ignored",
        "definition": "May be used to represent additional information that is not part of the basic definition of the resource and that modifies the understanding of the element that contains it and/or the understanding of the containing element\u0027s descendants. Usually modifier elements provide negation or qualification. To make the use of extensions safe and manageable, there is a strict set of governance applied to the definition and use of extensions. Though any implementer is allowed to define an extension, there is a set of requirements that SHALL be met as part of the definition of the extension. Applications processing a resource are required to check for modifier extensions.\n\nModifier extensions SHALL NOT change the meaning of any elements on Resource or DomainResource (including cannot change the meaning of modifierExtension itself).",
        "comment": "There can be no stigma associated with the use of extensions by any application, project, or standard - regardless of the institution or jurisdiction that uses or defines the extensions.  The use of extensions is what allows the FHIR specification to retain a core level of simplicity for everyone.",
        "requirements": "Modifier extensions allow for extensions that *cannot* be safely ignored to be clearly distinguished from the vast majority of extensions which can be safely ignored.  This promotes interoperability by eliminating the need for implementers to prohibit the presence of extensions. For further information, see the [definition of modifier extensions](extensibility.html#modifierExtension).",
        "alias": [
          "extensions",
          "user content"
        ],
        "min": 0,
        "max": "*",
        "base": {
          "path": "DomainResource.modifierExtension",
          "min": 0,
          "max": "*"
        },
        "type": [
          {
            "code": "Extension"
          }
        ],
        "isModifier": true,
        "isModifierReason": "Modifier extensions are expected to modify the meaning or interpretation of the resource that contains them",
        "isSummary": false,
        "mapping": [
          {
            "identity": "rim",
            "map": "N/A"
          }
        ]
      },
      {
        "id": "Group.identifier",
        "path": "Group.identifier",
        "short": "Unique id",
        "definition": "A unique business identifier for this group.",
        "requirements": "Allows the group to be referenced from external specifications.",
        "min": 0,
        "max": "*",
        "base": {
          "path": "Group.identifier",
          "min": 0,
          "max": "*"
        },
        "type": [
          {
            "code": "Identifier"
          }
        ],
        "isModifier": false,
        "isSummary": true,
        "mapping": [
          {
            "identity": "w5",
            "map": "FiveWs.identifier"
          },
          {
            "identity": "rim",
            "map": "unique(./id[displayable\u003d\"true\" and scope\u003d\"OBJ\"])"
          }
        ]
      },
      {
        "id": "Group.active",
        "path": "Group.active",
        "short": "Whether this group\u0027s record is in active use",
        "definition": "Indicates whether the record for the group is available for use or is merely being retained for historical purposes.",
        "requirements": "Need to be able to mark a group record as not to be used because it was created in error or is otherwise no longer available (e.g. a herd that no longer exists).",
        "min": 0,
        "max": "1",
        "base": {
          "path": "Group.active",
          "min": 0,
          "max": "1"
        },
        "type": [
          {
            "code": "boolean"
          }
        ],
        "meaningWhenMissing": "This resource is generally assumed to be active if no value is provided for the active element",
        "isModifier": false,
        "isSummary": true,
        "mapping": [
          {
            "identity": "w5",
            "map": "FiveWs.status"
          },
          {
            "identity": "rim",
            "map": "./statusCode"
          }
        ]
      },
      {
        "id": "Group.type",
        "path": "Group.type",
        "short": "person | animal | practitioner | device | medication | substance",
        "definition": "Identifies the broad classification of the kind of resources the group includes.",
        "comment": "Group members SHALL be of the appropriate resource type (Patient for person or animal; or Practitioner, Device, Medication or Substance for the other types.).",
        "requirements": "Identifies what type of resources the group is made up of.",
        "min": 1,
        "max": "1",
        "base": {
          "path": "Group.type",
          "min": 1,
          "max": "1"
        },
        "type": [
          {
            "code": "code"
          }
        ],
        "isModifier": false,
        "isSummary": true,
        "binding": {
          "extension": [
            {
              "url": "http://hl7.org/fhir/StructureDefinition/elementdefinition-bindingName",
              "valueString": "GroupType"
            }
          ],
          "strength": "required",
          "description": "Types of resources that are part of group.",
          "valueSet": "http://hl7.org/fhir/ValueSet/group-type|4.0.0"
        },
        "mapping": [
          {
            "identity": "w5",
            "map": "FiveWs.class"
          },
          {
            "identity": "rim",
            "map": "person: ./classCode\u003d\"PSN\"  animal: ./classCode\u003d\"ANM\"  device: ./classCode\u003d\"DEV\"  medication: ./classCode\u003d\"MMAT\" and ./playedRole[isNormalRole() and classCode\u003d\"THER\"]  food: ./classCode\u003d\"FOOD\""
          }
        ]
      },
      {
        "id": "Group.actual",
        "path": "Group.actual",
        "short": "Descriptive or actual",
        "definition": "If true, indicates that the resource refers to a specific group of real individuals.  If false, the group defines a set of intended individuals.",
        "requirements": "There are use-cases for groups that define specific collections of individuals, and other groups that define \"types\" of intended individuals.  The requirements for both kinds of groups are similar, so we use a single resource, distinguished by this flag.",
        "min": 1,
        "max": "1",
        "base": {
          "path": "Group.actual",
          "min": 1,
          "max": "1"
        },
        "type": [
          {
            "code": "boolean"
          }
        ],
        "fixedBoolean": true,
        "condition": [
          "grp-1"
        ],
        "isModifier": false,
        "isSummary": true,
        "mapping": [
          {
            "identity": "w5",
            "map": "FiveWs.class"
          },
          {
            "identity": "rim",
            "map": "true: ./determinerCode\u003d\"GRP\"  false: ./determinerCode\u003d\"GRP_KIND\""
          }
        ]
      },
      {
        "id": "Group.code",
        "path": "Group.code",
        "short": "Kind of Group members",
        "definition": "Provides a specific type of resource the group includes; e.g. \"cow\", \"syringe\", etc.",
        "comment": "This would generally be omitted for Person resources.",
        "min": 0,
        "max": "1",
        "base": {
          "path": "Group.code",
          "min": 0,
          "max": "1"
        },
        "type": [
          {
            "code": "CodeableConcept"
          }
        ],
        "isModifier": false,
        "isSummary": true,
        "binding": {
          "extension": [
            {
              "url": "http://hl7.org/fhir/StructureDefinition/elementdefinition-bindingName",
              "valueString": "GroupKind"
            }
          ],
          "strength": "example",
          "description": "Kind of particular resource; e.g. cow, syringe, lake, etc."
        },
        "mapping": [
          {
            "identity": "w5",
            "map": "FiveWs.what[x]"
          },
          {
            "identity": "rim",
            "map": "./code"
          }
        ]
      },
      {
        "id": "Group.name",
        "path": "Group.name",
        "short": "Label for Group",
        "definition": "A label assigned to the group for human identification and communication.",
        "requirements": "Used to identify the group in human communication.",
        "min": 0,
        "max": "1",
        "base": {
          "path": "Group.name",
          "min": 0,
          "max": "1"
        },
        "type": [
          {
            "code": "string"
          }
        ],
        "isModifier": false,
        "isSummary": true,
        "mapping": [
          {
            "identity": "rim",
            "map": "./name[type\u003d\"ST\"]"
          }
        ]
      },
      {
        "id": "Group.quantity",
        "path": "Group.quantity",
        "short": "Number of members",
        "definition": "A count of the number of resource instances that are part of the group.",
        "comment": "Note that the quantity may be less than the number of members if some of the members are not active.",
        "requirements": "Group size is a common defining characteristic.",
        "min": 0,
        "max": "1",
        "base": {
          "path": "Group.quantity",
          "min": 0,
          "max": "1"
        },
        "type": [
          {
            "code": "unsignedInt"
          }
        ],
        "isModifier": false,
        "isSummary": true,
        "mapping": [
          {
            "identity": "rim",
            "map": "./quantity"
          }
        ]
      },
      {
        "id": "Group.managingEntity",
        "path": "Group.managingEntity",
        "short": "Entity that is the custodian of the Group\u0027s definition",
        "definition": "Entity responsible for defining and maintaining Group characteristics and/or registered members.",
        "comment": "This does not strictly align with ownership of a herd or flock, but may suffice to represent that relationship in simple cases. More complex cases will require an extension.",
        "min": 0,
        "max": "1",
        "base": {
          "path": "Group.managingEntity",
          "min": 0,
          "max": "1"
        },
        "type": [
          {
            "code": "Reference",
            "targetProfile": [
              "http://hl7.org/fhir/StructureDefinition/Organization",
              "http://hl7.org/fhir/StructureDefinition/RelatedPerson",
              "http://hl7.org/fhir/StructureDefinition/Practitioner",
              "http://hl7.org/fhir/StructureDefinition/PractitionerRole"
            ]
          }
        ],
        "isModifier": false,
        "isSummary": true
      },
      {
        "id": "Group.characteristic",
        "path": "Group.characteristic",
        "short": "Include / Exclude group members by Trait",
        "definition": "Identifies traits whose presence r absence is shared by members of the group.",
        "comment": "All the identified characteristics must be true for an entity to a member of the group.",
        "requirements": "Needs to be a generic mechanism for identifying what individuals can be part of a group.",
        "min": 0,
        "max": "0",
        "base": {
          "path": "Group.characteristic",
          "min": 0,
          "max": "*"
        },
        "type": [
          {
            "code": "BackboneElement"
          }
        ],
        "constraint": [
          {
            "key": "ele-1",
            "severity": "error",
            "human": "All FHIR elements must have a @value or children",
            "expression": "hasValue() or (children().count() \u003e id.count())",
            "xpath": "@value|f:*|h:div",
            "source": "Element"
          }
        ],
        "isModifier": false,
        "isSummary": false,
        "mapping": [
          {
            "identity": "rim",
            "map": "./playedRole[isNormalRole()]/participation[isNormalParticipation() and typeCode\u003d\"SBJ\"]/act[isNormalAct and classCode\u003d\"OBS\" and moodCode\u003d\"EVN\"]"
          }
        ]
      },
      {
        "id": "Group.characteristic.id",
        "path": "Group.characteristic.id",
        "representation": [
          "xmlAttr"
        ],
        "short": "Unique id for inter-element referencing",
        "definition": "Unique id for the element within a resource (for internal references). This may be any string value that does not contain spaces.",
        "min": 0,
        "max": "1",
        "base": {
          "path": "Element.id",
          "min": 0,
          "max": "1"
        },
        "type": [
          {
            "code": "string"
          }
        ],
        "isModifier": false,
        "isSummary": false,
        "mapping": [
          {
            "identity": "rim",
            "map": "n/a"
          }
        ]
      },
      {
        "id": "Group.characteristic.extension",
        "path": "Group.characteristic.extension",
        "short": "Additional content defined by implementations",
        "definition": "May be used to represent additional information that is not part of the basic definition of the element. To make the use of extensions safe and manageable, there is a strict set of governance  applied to the definition and use of extensions. Though any implementer can define an extension, there is a set of requirements that SHALL be met as part of the definition of the extension.",
        "comment": "There can be no stigma associated with the use of extensions by any application, project, or standard - regardless of the institution or jurisdiction that uses or defines the extensions.  The use of extensions is what allows the FHIR specification to retain a core level of simplicity for everyone.",
        "alias": [
          "extensions",
          "user content"
        ],
        "min": 0,
        "max": "*",
        "base": {
          "path": "Element.extension",
          "min": 0,
          "max": "*"
        },
        "type": [
          {
            "code": "Extension"
          }
        ],
        "isModifier": false,
        "isSummary": false,
        "mapping": [
          {
            "identity": "rim",
            "map": "n/a"
          }
        ]
      },
      {
        "id": "Group.characteristic.modifierExtension",
        "path": "Group.characteristic.modifierExtension",
        "short": "Extensions that cannot be ignored even if unrecognized",
        "definition": "May be used to represent additional information that is not part of the basic definition of the element and that modifies the understanding of the element in which it is contained and/or the understanding of the containing element\u0027s descendants. Usually modifier elements provide negation or qualification. To make the use of extensions safe and manageable, there is a strict set of governance applied to the definition and use of extensions. Though any implementer can define an extension, there is a set of requirements that SHALL be met as part of the definition of the extension. Applications processing a resource are required to check for modifier extensions.\n\nModifier extensions SHALL NOT change the meaning of any elements on Resource or DomainResource (including cannot change the meaning of modifierExtension itself).",
        "comment": "There can be no stigma associated with the use of extensions by any application, project, or standard - regardless of the institution or jurisdiction that uses or defines the extensions.  The use of extensions is what allows the FHIR specification to retain a core level of simplicity for everyone.",
        "requirements": "Modifier extensions allow for extensions that *cannot* be safely ignored to be clearly distinguished from the vast majority of extensions which can be safely ignored.  This promotes interoperability by eliminating the need for implementers to prohibit the presence of extensions. For further information, see the [definition of modifier extensions](extensibility.html#modifierExtension).",
        "alias": [
          "extensions",
          "user content",
          "modifiers"
        ],
        "min": 0,
        "max": "*",
        "base": {
          "path": "BackboneElement.modifierExtension",
          "min": 0,
          "max": "*"
        },
        "type": [
          {
            "code": "Extension"
          }
        ],
        "isModifier": true,
        "isModifierReason": "Modifier extensions are expected to modify the meaning or interpretation of the element that contains them",
        "isSummary": true,
        "mapping": [
          {
            "identity": "rim",
            "map": "N/A"
          }
        ]
      },
      {
        "id": "Group.characteristic.code",
        "path": "Group.characteristic.code",
        "short": "Kind of characteristic",
        "definition": "A code that identifies the kind of trait being asserted.",
        "requirements": "Need a formal way of identifying the characteristic being described.",
        "min": 1,
        "max": "1",
        "base": {
          "path": "Group.characteristic.code",
          "min": 1,
          "max": "1"
        },
        "type": [
          {
            "code": "CodeableConcept"
          }
        ],
        "isModifier": false,
        "isSummary": false,
        "binding": {
          "extension": [
            {
              "url": "http://hl7.org/fhir/StructureDefinition/elementdefinition-bindingName",
              "valueString": "GroupCharacteristicKind"
            }
          ],
          "strength": "example",
          "description": "List of characteristics used to describe group members; e.g. gender, age, owner, location, etc."
        },
        "mapping": [
          {
            "identity": "rim",
            "map": "./code"
          }
        ]
      },
      {
        "id": "Group.characteristic.value[x]",
        "path": "Group.characteristic.value[x]",
        "short": "Value held by characteristic",
        "definition": "The value of the trait that holds (or does not hold - see \u0027exclude\u0027) for members of the group.",
        "comment": "For Range, it means members of the group have a value that falls somewhere within the specified range.",
        "requirements": "The value of the characteristic is what determines group membership.",
        "min": 1,
        "max": "1",
        "base": {
          "path": "Group.characteristic.value[x]",
          "min": 1,
          "max": "1"
        },
        "type": [
          {
            "code": "CodeableConcept"
          },
          {
            "code": "boolean"
          },
          {
            "code": "Quantity"
          },
          {
            "code": "Range"
          },
          {
            "code": "Reference"
          }
        ],
        "isModifier": false,
        "isSummary": false,
        "binding": {
          "extension": [
            {
              "url": "http://hl7.org/fhir/StructureDefinition/elementdefinition-bindingName",
              "valueString": "GroupCharacteristicValue"
            }
          ],
          "strength": "example",
          "description": "Value of descriptive member characteristic; e.g. red, male, pneumonia, Caucasian, etc."
        },
        "mapping": [
          {
            "identity": "rim",
            "map": "./value"
          }
        ]
      },
      {
        "id": "Group.characteristic.exclude",
        "path": "Group.characteristic.exclude",
        "short": "Group includes or excludes",
        "definition": "If true, indicates the characteristic is one that is NOT held by members of the group.",
        "comment": "This is labeled as \"Is Modifier\" because applications cannot wrongly include excluded members as included or vice versa.",
        "requirements": "Sometimes group membership is determined by characteristics not possessed.",
        "min": 1,
        "max": "1",
        "base": {
          "path": "Group.characteristic.exclude",
          "min": 1,
          "max": "1"
        },
        "type": [
          {
            "code": "boolean"
          }
        ],
        "isModifier": false,
        "isSummary": false,
        "mapping": [
          {
            "identity": "rim",
            "map": "./valueNegationInd"
          }
        ]
      },
      {
        "id": "Group.characteristic.period",
        "path": "Group.characteristic.period",
        "short": "Period over which characteristic is tested",
        "definition": "The period over which the characteristic is tested; e.g. the patient had an operation during the month of June.",
        "min": 0,
        "max": "1",
        "base": {
          "path": "Group.characteristic.period",
          "min": 0,
          "max": "1"
        },
        "type": [
          {
            "code": "Period"
          }
        ],
        "isModifier": false,
        "isSummary": false
      },
      {
        "id": "Group.member",
        "path": "Group.member",
        "short": "Who or what is in group",
        "definition": "Identifies the resource instances that are members of the group.",
        "requirements": "Often the only thing of interest about a group is \"who\u0027s in it\".",
        "min": 0,
        "max": "*",
        "base": {
          "path": "Group.member",
          "min": 0,
          "max": "*"
        },
        "type": [
          {
            "code": "BackboneElement"
          }
        ],
        "condition": [
          "grp-1"
        ],
        "constraint": [
          {
            "key": "ele-1",
            "severity": "error",
            "human": "All FHIR elements must have a @value or children",
            "expression": "hasValue() or (children().count() \u003e id.count())",
            "xpath": "@value|f:*|h:div",
            "source": "Element"
          }
        ],
        "isModifier": false,
        "isSummary": false,
        "mapping": [
          {
            "identity": "rim",
            "map": "./scopedRole[isNormalRole() and classCode\u003d\"MBR\"]/player"
          }
        ]
      },
      {
        "id": "Group.member.id",
        "path": "Group.member.id",
        "representation": [
          "xmlAttr"
        ],
        "short": "Unique id for inter-element referencing",
        "definition": "Unique id for the element within a resource (for internal references). This may be any string value that does not contain spaces.",
        "min": 0,
        "max": "1",
        "base": {
          "path": "Element.id",
          "min": 0,
          "max": "1"
        },
        "type": [
          {
            "code": "string"
          }
        ],
        "isModifier": false,
        "isSummary": false,
        "mapping": [
          {
            "identity": "rim",
            "map": "n/a"
          }
        ]
      },
      {
        "id": "Group.member.extension",
        "path": "Group.member.extension",
        "short": "Additional content defined by implementations",
        "definition": "May be used to represent additional information that is not part of the basic definition of the element. To make the use of extensions safe and manageable, there is a strict set of governance  applied to the definition and use of extensions. Though any implementer can define an extension, there is a set of requirements that SHALL be met as part of the definition of the extension.",
        "comment": "There can be no stigma associated with the use of extensions by any application, project, or standard - regardless of the institution or jurisdiction that uses or defines the extensions.  The use of extensions is what allows the FHIR specification to retain a core level of simplicity for everyone.",
        "alias": [
          "extensions",
          "user content"
        ],
        "min": 0,
        "max": "*",
        "base": {
          "path": "Element.extension",
          "min": 0,
          "max": "*"
        },
        "type": [
          {
            "code": "Extension"
          }
        ],
        "isModifier": false,
        "isSummary": false,
        "mapping": [
          {
            "identity": "rim",
            "map": "n/a"
          }
        ]
      },
      {
        "id": "Group.member.modifierExtension",
        "path": "Group.member.modifierExtension",
        "short": "Extensions that cannot be ignored even if unrecognized",
        "definition": "May be used to represent additional information that is not part of the basic definition of the element and that modifies the understanding of the element in which it is contained and/or the understanding of the containing element\u0027s descendants. Usually modifier elements provide negation or qualification. To make the use of extensions safe and manageable, there is a strict set of governance applied to the definition and use of extensions. Though any implementer can define an extension, there is a set of requirements that SHALL be met as part of the definition of the extension. Applications processing a resource are required to check for modifier extensions.\n\nModifier extensions SHALL NOT change the meaning of any elements on Resource or DomainResource (including cannot change the meaning of modifierExtension itself).",
        "comment": "There can be no stigma associated with the use of extensions by any application, project, or standard - regardless of the institution or jurisdiction that uses or defines the extensions.  The use of extensions is what allows the FHIR specification to retain a core level of simplicity for everyone.",
        "requirements": "Modifier extensions allow for extensions that *cannot* be safely ignored to be clearly distinguished from the vast majority of extensions which can be safely ignored.  This promotes interoperability by eliminating the need for implementers to prohibit the presence of extensions. For further information, see the [definition of modifier extensions](extensibility.html#modifierExtension).",
        "alias": [
          "extensions",
          "user content",
          "modifiers"
        ],
        "min": 0,
        "max": "*",
        "base": {
          "path": "BackboneElement.modifierExtension",
          "min": 0,
          "max": "*"
        },
        "type": [
          {
            "code": "Extension"
          }
        ],
        "isModifier": true,
        "isModifierReason": "Modifier extensions are expected to modify the meaning or interpretation of the element that contains them",
        "isSummary": true,
        "mapping": [
          {
            "identity": "rim",
            "map": "N/A"
          }
        ]
      },
      {
        "id": "Group.member.entity",
        "path": "Group.member.entity",
        "short": "Reference to the group member",
        "definition": "A reference to the entity that is a member of the group. Must be consistent with Group.type. If the entity is another group, then the type must be the same.",
        "min": 1,
        "max": "1",
        "base": {
          "path": "Group.member.entity",
          "min": 1,
          "max": "1"
        },
        "type": [
          {
            "code": "Reference",
            "targetProfile": [
              "http://hl7.org/fhir/StructureDefinition/Patient",
              "http://hl7.org/fhir/StructureDefinition/Practitioner",
              "http://hl7.org/fhir/StructureDefinition/PractitionerRole",
              "http://hl7.org/fhir/StructureDefinition/Device",
              "http://hl7.org/fhir/StructureDefinition/Medication",
              "http://hl7.org/fhir/StructureDefinition/Substance",
              "http://hl7.org/fhir/StructureDefinition/Group"
            ]
          }
        ],
        "isModifier": false,
        "isSummary": false
      },
      {
        "id": "Group.member.period",
        "path": "Group.member.period",
        "short": "Period member belonged to the group",
        "definition": "The period that the member was in the group, if known.",
        "requirements": "Need to track who was in a group at a  particular time.",
        "min": 0,
        "max": "1",
        "base": {
          "path": "Group.member.period",
          "min": 0,
          "max": "1"
        },
        "type": [
          {
            "code": "Period"
          }
        ],
        "meaningWhenMissing": "The member is in the group at this time",
        "isModifier": false,
        "isSummary": false
      },
      {
        "id": "Group.member.inactive",
        "path": "Group.member.inactive",
        "short": "If member is no longer in group",
        "definition": "A flag to indicate that the member is no longer in the group, but previously may have been a member.",
        "requirements": "Sometimes you don\u0027t know when someone stopped being in a group, but not when.",
        "min": 0,
        "max": "1",
        "base": {
          "path": "Group.member.inactive",
          "min": 0,
          "max": "1"
        },
        "type": [
          {
            "code": "boolean"
          }
        ],
        "meaningWhenMissing": "Members are considered active unless explicitly specified otherwise",
        "isModifier": false,
        "isSummary": false
      }
    ]
  },
  "differential": {
    "element": [
      {
        "id": "Group",
        "path": "Group",
        "min": 1,
        "max": "1"
      },
      {
        "id": "Group.actual",
        "path": "Group.actual",
        "min": 1,
        "max": "1",
        "type": [
          {
            "code": "boolean"
          }
        ],
        "fixedBoolean": true
      },
      {
        "id": "Group.characteristic",
        "path": "Group.characteristic",
        "min": 0,
        "max": "0"
      }
    ]
  }
}