{
  "resourceType": "Questionnaire",
  "id": "qs1",
  "contained": [
    {
      "resourceType": "ValueSet",
      "id": "vs2",
      "name": "Type options for AllergyIntolerance.onset[x]",
      "status": "active",
      "description": "Type options for AllergyIntolerance.onset[x]",
      "expansion": {
        "identifier": "urn:uuid:d257aa91-6e26-420d-8f61-5c0671787056",
        "timestamp": "2018-12-27T22:42:57+11:00",
        "contains": [
          {
            "system": "http://hl7.org/fhir/data-types",
            "code": "dateTime",
            "display": "dateTime"
          },
          {
            "system": "http://hl7.org/fhir/data-types",
            "code": "Age",
            "display": "Age"
          },
          {
            "system": "http://hl7.org/fhir/data-types",
            "code": "Period",
            "display": "Period"
          },
          {
            "system": "http://hl7.org/fhir/data-types",
            "code": "Range",
            "display": "Range"
          },
          {
            "system": "http://hl7.org/fhir/data-types",
            "code": "string",
            "display": "string"
          }
        ]
      }
    }
  ],
  "identifier": [
    {
      "system": "urn:ietf:rfc:3986"
    }
  ],
  "version": "4.0.0",
  "status": "draft",
  "date": "2018-12-27T22:37:54+11:00",
  "publisher": "Health Level Seven International (Patient Care)",
  "item": [
    {
      "linkId": "AllergyIntolerance",
      "text": "Allergy or Intolerance (generally: Risk of adverse reaction to a substance)",
      "type": "group",
      "required": false,
      "repeats": true,
      "item": [
        {
          "text": "Substances include, but are not limited to: a therapeutic substance administered correctly at an appropriate dosage for the individual; food; material derived from plants or animals; or venom from insect stings.",
          "type": "display"
        },
        {
          "extension": [
            {
              "url": "http://hl7.org/fhir/StructureDefinition/questionnaire-itemControl",
              "valueCodeableConcept": {
                "coding": [
                  {
                    "system": "http://hl7.org/fhir/questionnaire-item-control",
                    "code": "flyover",
                    "display": "Fly-over"
                  }
                ]
              }
            }
          ],
          "text": "Risk of harmful or undesirable, physiological response which is unique to an individual and associated with exposure to a substance.",
          "type": "display"
        },
        {
          "extension": [
            {
              "url": "http://hl7.org/fhir/StructureDefinition/questionnaire-maxOccurs",
              "valueInteger": 1
            },
            {
              "url": "http://hl7.org/fhir/StructureDefinition/questionnaire-fhirType",
              "valueString": "string"
            }
          ],
          "linkId": "AllergyIntolerance.id",
          "type": "group",
          "required": false,
          "repeats": true,
          "item": [
            {
              "extension": [
                {
                  "url": "http://hl7.org/fhir/StructureDefinition/questionnaire-itemControl",
                  "valueCodeableConcept": {
                    "coding": [
                      {
                        "system": "http://hl7.org/fhir/questionnaire-item-control",
                        "code": "flyover",
                        "display": "Fly-over"
                      }
                    ]
                  }
                }
              ],
              "text": "The logical id of the resource, as used in the URL for the resource. Once assigned, this value never changes. The only time that a resource does not have an id is when it is being submitted to the server using a create operation.",
              "type": "display"
            },
            {
              "linkId": "AllergyIntolerance.id.value",
              "text": "Logical id of this artifact",
              "type": "string",
              "required": false,
              "repeats": false
            }
          ]
        },
        {
          "extension": [
            {
              "url": "http://hl7.org/fhir/StructureDefinition/questionnaire-maxOccurs",
              "valueInteger": 1
            }
          ],
          "linkId": "AllergyIntolerance.meta",
          "text": "Metadata about the resource",
          "type": "group",
          "required": false,
          "repeats": true,
          "item": [
            {
              "extension": [
                {
                  "url": "http://hl7.org/fhir/StructureDefinition/questionnaire-itemControl",
                  "valueCodeableConcept": {
                    "coding": [
                      {
                        "system": "http://hl7.org/fhir/questionnaire-item-control",
                        "code": "flyover",
                        "display": "Fly-over"
                      }
                    ]
                  }
                }
              ],
              "text": "The metadata about the resource. This is content that is maintained by the infrastructure. Changes to the content might not always be associated with version changes to the resource.",
              "type": "display"
            }
          ]
        },
        {
          "extension": [
            {
              "url": "http://hl7.org/fhir/StructureDefinition/questionnaire-maxOccurs",
              "valueInteger": 1
            },
            {
              "url": "http://hl7.org/fhir/StructureDefinition/questionnaire-fhirType",
              "valueString": "uri"
            }
          ],
          "linkId": "AllergyIntolerance.implicitRules",
          "type": "group",
          "required": false,
          "repeats": true,
          "item": [
            {
              "extension": [
                {
                  "url": "http://hl7.org/fhir/StructureDefinition/questionnaire-itemControl",
                  "valueCodeableConcept": {
                    "coding": [
                      {
                        "system": "http://hl7.org/fhir/questionnaire-item-control",
                        "code": "flyover",
                        "display": "Fly-over"
                      }
                    ]
                  }
                }
              ],
              "text": "A reference to a set of rules that were followed when the resource was constructed, and which must be understood when processing the content. Often, this is a reference to an implementation guide that defines the special rules along with other profiles etc. Asserting this rule set restricts the content to be only understood by a limited set of trading partners. This inherently limits the usefulness of the data in the long term. However, the existing health eco-system is highly fractured, and not yet ready to define, collect, and exchange data in a generally computable sense. Wherever possible, implementers and/or specification writers should avoid using this element. Often, when used, the URL is a reference to an implementation guide that defines these special rules as part of it\u0027s narrative along with other profiles, value sets, etc.",
              "type": "display"
            },
            {
              "linkId": "AllergyIntolerance.implicitRules.value",
              "text": "A set of rules under which this content was created",
              "type": "string",
              "required": false,
              "repeats": false
            }
          ]
        },
        {
          "extension": [
            {
              "url": "http://hl7.org/fhir/StructureDefinition/questionnaire-maxOccurs",
              "valueInteger": 1
            },
            {
              "url": "http://hl7.org/fhir/StructureDefinition/questionnaire-fhirType",
              "valueString": "code"
            }
          ],
          "linkId": "AllergyIntolerance.language",
          "type": "group",
          "required": false,
          "repeats": true,
          "item": [
            {
              "extension": [
                {
                  "url": "http://hl7.org/fhir/StructureDefinition/questionnaire-itemControl",
                  "valueCodeableConcept": {
                    "coding": [
                      {
                        "system": "http://hl7.org/fhir/questionnaire-item-control",
                        "code": "flyover",
                        "display": "Fly-over"
                      }
                    ]
                  }
                }
              ],
              "text": "The base language in which the resource is written. Language is provided to support indexing and accessibility (typically, services such as text to speech use the language tag). The html language tag in the narrative applies  to the narrative. The language tag on the resource may be used to specify the language of other presentations generated from the data in the resource. Not all the content has to be in the base language. The Resource.language should not be assumed to apply to the narrative automatically. If a language is specified, it should it also be specified on the div element in the html (see rules in HTML5 for information about the relationship between xml:lang and the html lang attribute).",
              "type": "display"
            },
            {
              "linkId": "AllergyIntolerance.language.value",
              "text": "language",
              "type": "choice",
              "required": false,
              "repeats": false
            }
          ]
        },
        {
          "extension": [
            {
              "url": "http://hl7.org/fhir/StructureDefinition/questionnaire-maxOccurs",
              "valueInteger": 1
            }
          ],
          "linkId": "AllergyIntolerance.text",
          "text": "Text summary of the resource, for human interpretation",
          "type": "group",
          "required": false,
          "repeats": true,
          "item": [
            {
              "extension": [
                {
                  "url": "http://hl7.org/fhir/StructureDefinition/questionnaire-itemControl",
                  "valueCodeableConcept": {
                    "coding": [
                      {
                        "system": "http://hl7.org/fhir/questionnaire-item-control",
                        "code": "flyover",
                        "display": "Fly-over"
                      }
                    ]
                  }
                }
              ],
              "text": "A human-readable narrative that contains a summary of the resource and can be used to represent the content of the resource to a human. The narrative need not encode all the structured data, but is required to contain sufficient detail to make it \"clinically safe\" for a human to just read the narrative. Resource definitions may define what content should be represented in the narrative to ensure clinical safety. Contained resources do not have narrative. Resources that are not contained SHOULD have a narrative. In some cases, a resource may only have text with little or no additional discrete data (as long as all minOccurs\u003d1 elements are satisfied).  This may be necessary for data from legacy systems where information is captured as a \"text blob\" or where text is additionally entered raw or narrated and encoded information is added later.",
              "type": "display"
            }
          ]
        },
        {
          "linkId": "AllergyIntolerance.contained",
          "text": "Contained, inline Resources",
          "type": "group",
          "required": false,
          "repeats": true,
          "item": [
            {
              "extension": [
                {
                  "url": "http://hl7.org/fhir/StructureDefinition/questionnaire-itemControl",
                  "valueCodeableConcept": {
                    "coding": [
                      {
                        "system": "http://hl7.org/fhir/questionnaire-item-control",
                        "code": "flyover",
                        "display": "Fly-over"
                      }
                    ]
                  }
                }
              ],
              "text": "These resources do not have an independent existence apart from the resource that contains them - they cannot be identified independently, and nor can they have their own independent transaction scope. This should never be done when the content can be identified properly, as once identification is lost, it is extremely difficult (and context dependent) to restore it again. Contained resources may have profiles and tags In their meta elements, but SHALL NOT have security labels.",
              "type": "display"
            }
          ]
        },
        {
          "linkId": "AllergyIntolerance.extension",
          "text": "Additional content defined by implementations",
          "type": "group",
          "required": false,
          "repeats": true,
          "item": [
            {
              "extension": [
                {
                  "url": "http://hl7.org/fhir/StructureDefinition/questionnaire-itemControl",
                  "valueCodeableConcept": {
                    "coding": [
                      {
                        "system": "http://hl7.org/fhir/questionnaire-item-control",
                        "code": "flyover",
                        "display": "Fly-over"
                      }
                    ]
                  }
                }
              ],
              "text": "May be used to represent additional information that is not part of the basic definition of the resource. To make the use of extensions safe and manageable, there is a strict set of governance  applied to the definition and use of extensions. Though any implementer can define an extension, there is a set of requirements that SHALL be met as part of the definition of the extension. There can be no stigma associated with the use of extensions by any application, project, or standard - regardless of the institution or jurisdiction that uses or defines the extensions.  The use of extensions is what allows the FHIR specification to retain a core level of simplicity for everyone.",
              "type": "display"
            }
          ]
        },
        {
          "linkId": "AllergyIntolerance.modifierExtension",
          "text": "Extensions that cannot be ignored",
          "type": "group",
          "required": false,
          "repeats": true,
          "item": [
            {
              "extension": [
                {
                  "url": "http://hl7.org/fhir/StructureDefinition/questionnaire-itemControl",
                  "valueCodeableConcept": {
                    "coding": [
                      {
                        "system": "http://hl7.org/fhir/questionnaire-item-control",
                        "code": "flyover",
                        "display": "Fly-over"
                      }
                    ]
                  }
                }
              ],
              "text": "May be used to represent additional information that is not part of the basic definition of the resource and that modifies the understanding of the element that contains it and/or the understanding of the containing element\u0027s descendants. Usually modifier elements provide negation or qualification. To make the use of extensions safe and manageable, there is a strict set of governance applied to the definition and use of extensions. Though any implementer is allowed to define an extension, there is a set of requirements that SHALL be met as part of the definition of the extension. Applications processing a resource are required to check for modifier extensions.\n\nModifier extensions SHALL NOT change the meaning of any elements on Resource or DomainResource (including cannot change the meaning of modifierExtension itself). There can be no stigma associated with the use of extensions by any application, project, or standard - regardless of the institution or jurisdiction that uses or defines the extensions.  The use of extensions is what allows the FHIR specification to retain a core level of simplicity for everyone.",
              "type": "display"
            }
          ]
        },
        {
          "extension": [
            {
              "url": "http://hl7.org/fhir/StructureDefinition/questionnaire-fhirType",
              "valueString": "Identifier"
            }
          ],
          "linkId": "AllergyIntolerance.identifier",
          "text": "External ids for this item",
          "type": "group",
          "required": false,
          "repeats": true,
          "item": [
            {
              "extension": [
                {
                  "url": "http://hl7.org/fhir/StructureDefinition/questionnaire-itemControl",
                  "valueCodeableConcept": {
                    "coding": [
                      {
                        "system": "http://hl7.org/fhir/questionnaire-item-control",
                        "code": "flyover",
                        "display": "Fly-over"
                      }
                    ]
                  }
                }
              ],
              "text": "Business identifiers assigned to this AllergyIntolerance by the performer or other systems which remain constant as the resource is updated and propagates from server to server. This is a business identifier, not a resource identifier (see [discussion](resource.html#identifiers)).  It is best practice for the identifier to only appear on a single resource instance, however business practices may occasionally dictate that multiple resource instances with the same identifier can exist - possibly even with different resource types.  For example, multiple Patient and a Person resource instance might share the same social insurance number.",
              "type": "display"
            },
            {
              "linkId": "AllergyIntolerance.identifier.label",
              "text": "label:",
              "type": "string",
              "required": false,
              "repeats": false
            },
            {
              "linkId": "AllergyIntolerance.identifier.system",
              "text": "system:",
              "type": "string",
              "required": false,
              "repeats": false
            },
            {
              "linkId": "AllergyIntolerance.identifier.value",
              "text": "value:",
              "type": "string",
              "required": false,
              "repeats": false
            }
          ]
        },
        {
          "extension": [
            {
              "url": "http://hl7.org/fhir/StructureDefinition/questionnaire-maxOccurs",
              "valueInteger": 1
            },
            {
              "url": "http://hl7.org/fhir/StructureDefinition/questionnaire-fhirType",
              "valueString": "CodeableConcept"
            }
          ],
          "linkId": "AllergyIntolerance.clinicalStatus",
          "text": "active | inactive | resolved",
          "type": "group",
          "required": false,
          "repeats": true,
          "item": [
            {
              "extension": [
                {
                  "url": "http://hl7.org/fhir/StructureDefinition/questionnaire-itemControl",
                  "valueCodeableConcept": {
                    "coding": [
                      {
                        "system": "http://hl7.org/fhir/questionnaire-item-control",
                        "code": "flyover",
                        "display": "Fly-over"
                      }
                    ]
                  }
                }
              ],
              "text": "The clinical status of the allergy or intolerance. Refer to [discussion](extensibility.html#Special-Case) if clincalStatus is missing data.\nThe data type is CodeableConcept because clinicalStatus has some clinical judgment involved, such that there might need to be more specificity than the required FHIR value set allows. For example, a SNOMED coding might allow for additional specificity.",
              "type": "display"
            },
            {
              "linkId": "AllergyIntolerance.clinicalStatus.coding",
              "text": "code:",
              "type": "choice",
              "required": false,
              "repeats": false
            },
            {
              "linkId": "AllergyIntolerance.clinicalStatus.text",
              "text": "text:",
              "type": "string",
              "required": false,
              "repeats": false
            }
          ]
        },
        {
          "extension": [
            {
              "url": "http://hl7.org/fhir/StructureDefinition/questionnaire-maxOccurs",
              "valueInteger": 1
            },
            {
              "url": "http://hl7.org/fhir/StructureDefinition/questionnaire-fhirType",
              "valueString": "CodeableConcept"
            }
          ],
          "linkId": "AllergyIntolerance.verificationStatus",
          "text": "unconfirmed | confirmed | refuted | entered-in-error",
          "type": "group",
          "required": false,
          "repeats": true,
          "item": [
            {
              "extension": [
                {
                  "url": "http://hl7.org/fhir/StructureDefinition/questionnaire-itemControl",
                  "valueCodeableConcept": {
                    "coding": [
                      {
                        "system": "http://hl7.org/fhir/questionnaire-item-control",
                        "code": "flyover",
                        "display": "Fly-over"
                      }
                    ]
                  }
                }
              ],
              "text": "Assertion about certainty associated with the propensity, or potential risk, of a reaction to the identified substance (including pharmaceutical product). The data type is CodeableConcept because verificationStatus has some clinical judgment involved, such that there might need to be more specificity than the required FHIR value set allows. For example, a SNOMED coding might allow for additional specificity.",
              "type": "display"
            },
            {
              "linkId": "AllergyIntolerance.verificationStatus.coding",
              "text": "code:",
              "type": "choice",
              "required": false,
              "repeats": false
            },
            {
              "linkId": "AllergyIntolerance.verificationStatus.text",
              "text": "text:",
              "type": "string",
              "required": false,
              "repeats": false
            }
          ]
        },
        {
          "extension": [
            {
              "url": "http://hl7.org/fhir/StructureDefinition/questionnaire-maxOccurs",
              "valueInteger": 1
            },
            {
              "url": "http://hl7.org/fhir/StructureDefinition/questionnaire-fhirType",
              "valueString": "code"
            }
          ],
          "linkId": "AllergyIntolerance.type",
          "type": "group",
          "required": false,
          "repeats": true,
          "item": [
            {
              "extension": [
                {
                  "url": "http://hl7.org/fhir/StructureDefinition/questionnaire-itemControl",
                  "valueCodeableConcept": {
                    "coding": [
                      {
                        "system": "http://hl7.org/fhir/questionnaire-item-control",
                        "code": "flyover",
                        "display": "Fly-over"
                      }
                    ]
                  }
                }
              ],
              "text": "Identification of the underlying physiological mechanism for the reaction risk. Allergic (typically immune-mediated) reactions have been traditionally regarded as an indicator for potential escalation to significant future risk. Contemporary knowledge suggests that some reactions previously thought to be immune-mediated are, in fact, non-immune, but in some cases can still pose a life threatening risk. It is acknowledged that many clinicians might not be in a position to distinguish the mechanism of a particular reaction. Often the term \"allergy\" is used rather generically and may overlap with the use of \"intolerance\" - in practice the boundaries between these two concepts might not be well-defined or understood. This data element is included nevertheless, because many legacy systems have captured this attribute. Immunologic testing may provide supporting evidence for the basis of the reaction and the causative substance, but no tests are 100% sensitive or specific for sensitivity to a particular substance. If, as is commonly the case, it is unclear whether the reaction is due to an allergy or an intolerance, then the type element should be omitted from the resource.",
              "type": "display"
            },
            {
              "linkId": "AllergyIntolerance.type.value",
              "text": "type",
              "type": "choice",
              "required": false,
              "repeats": false
            }
          ]
        },
        {
          "extension": [
            {
              "url": "http://hl7.org/fhir/StructureDefinition/questionnaire-fhirType",
              "valueString": "code"
            }
          ],
          "linkId": "AllergyIntolerance.category",
          "type": "group",
          "required": false,
          "repeats": true,
          "item": [
            {
              "extension": [
                {
                  "url": "http://hl7.org/fhir/StructureDefinition/questionnaire-itemControl",
                  "valueCodeableConcept": {
                    "coding": [
                      {
                        "system": "http://hl7.org/fhir/questionnaire-item-control",
                        "code": "flyover",
                        "display": "Fly-over"
                      }
                    ]
                  }
                }
              ],
              "text": "Category of the identified substance. This data element has been included because it is currently being captured in some clinical systems. This data can be derived from the substance where coding systems are used, and is effectively redundant in that situation.  When searching on category, consider the implications of AllergyIntolerance resources without a category.  For example, when searching on category \u003d medication, medication allergies that don\u0027t have a category valued will not be returned.  Refer to [search](search.html) for more information on how to search category with a :missing modifier to get allergies that don\u0027t have a category.  Additionally, category should be used with caution because category can be subjective based on the sender.",
              "type": "display"
            },
            {
              "linkId": "AllergyIntolerance.category.value",
              "text": "category",
              "type": "choice",
              "required": false,
              "repeats": false
            }
          ]
        },
        {
          "extension": [
            {
              "url": "http://hl7.org/fhir/StructureDefinition/questionnaire-maxOccurs",
              "valueInteger": 1
            },
            {
              "url": "http://hl7.org/fhir/StructureDefinition/questionnaire-fhirType",
              "valueString": "code"
            }
          ],
          "linkId": "AllergyIntolerance.criticality",
          "type": "group",
          "required": false,
          "repeats": true,
          "item": [
            {
              "extension": [
                {
                  "url": "http://hl7.org/fhir/StructureDefinition/questionnaire-itemControl",
                  "valueCodeableConcept": {
                    "coding": [
                      {
                        "system": "http://hl7.org/fhir/questionnaire-item-control",
                        "code": "flyover",
                        "display": "Fly-over"
                      }
                    ]
                  }
                }
              ],
              "text": "Estimate of the potential clinical harm, or seriousness, of the reaction to the identified substance. The default criticality value for any propensity to an adverse reaction should be \u0027Low Risk\u0027, indicating at the very least a relative contraindication to deliberate or voluntary exposure to the substance. \u0027High Risk\u0027 is flagged if the clinician has identified a propensity for a more serious or potentially life-threatening reaction, such as anaphylaxis, and implies an absolute contraindication to deliberate or voluntary exposure to the substance. If this element is missing, the criticality is unknown (though it may be known elsewhere).  Systems that capture a severity at the condition level are actually representing the concept of criticality whereas the severity documented at the reaction level is representing the true reaction severity.  Existing systems that are capturing both condition criticality and reaction severity may use the term \"severity\" to represent both.  Criticality is the worst it could be in the future (i.e. situation-agnostic) whereas severity is situation-dependent.",
              "type": "display"
            },
            {
              "linkId": "AllergyIntolerance.criticality.value",
              "text": "criticality",
              "type": "choice",
              "required": false,
              "repeats": false
            }
          ]
        },
        {
          "extension": [
            {
              "url": "http://hl7.org/fhir/StructureDefinition/questionnaire-maxOccurs",
              "valueInteger": 1
            },
            {
              "url": "http://hl7.org/fhir/StructureDefinition/questionnaire-fhirType",
              "valueString": "CodeableConcept"
            }
          ],
          "linkId": "AllergyIntolerance.code",
          "text": "Code that identifies the allergy or intolerance",
          "type": "group",
          "required": false,
          "repeats": true,
          "item": [
            {
              "extension": [
                {
                  "url": "http://hl7.org/fhir/StructureDefinition/questionnaire-itemControl",
                  "valueCodeableConcept": {
                    "coding": [
                      {
                        "system": "http://hl7.org/fhir/questionnaire-item-control",
                        "code": "flyover",
                        "display": "Fly-over"
                      }
                    ]
                  }
                }
              ],
              "text": "Code for an allergy or intolerance statement (either a positive or a negated/excluded statement).  This may be a code for a substance or pharmaceutical product that is considered to be responsible for the adverse reaction risk (e.g., \"Latex\"), an allergy or intolerance condition (e.g., \"Latex allergy\"), or a negated/excluded code for a specific substance or class (e.g., \"No latex allergy\") or a general or categorical negated statement (e.g.,  \"No known allergy\", \"No known drug allergies\").  Note: the substance for a specific reaction may be different from the substance identified as the cause of the risk, but it must be consistent with it. For instance, it may be a more specific substance (e.g. a brand medication) or a composite product that includes the identified substance. It must be clinically safe to only process the \u0027code\u0027 and ignore the \u0027reaction.substance\u0027.  If a receiving system is unable to confirm that AllergyIntolerance.reaction.substance falls within the semantic scope of AllergyIntolerance.code, then the receiving system should ignore AllergyIntolerance.reaction.substance. It is strongly recommended that this element be populated using a terminology, where possible. For example, some terminologies used include RxNorm, SNOMED CT, DM+D, NDFRT, ICD-9, IDC-10, UNII, and ATC. Plain text should only be used if there is no appropriate terminology available. Additional details can be specified in the text.\r\rWhen a substance or product code is specified for the \u0027code\u0027 element, the \"default\" semantic context is that this is a positive statement of an allergy or intolerance (depending on the value of the \u0027type\u0027 element, if present) condition to the specified substance/product.  In the corresponding SNOMED CT allergy model, the specified substance/product is the target (destination) of the \"Causative agent\" relationship.\r\rThe \u0027substanceExposureRisk\u0027 extension is available as a structured and more flexible alternative to the \u0027code\u0027 element for making positive or negative allergy or intolerance statements.  This extension provides the capability to make \"no known allergy\" (or \"no risk of adverse reaction\") statements regarding any coded substance/product (including cases when a pre-coordinated \"no allergy to x\" concept for that substance/product does not exist).  If the \u0027substanceExposureRisk\u0027 extension is present, the AllergyIntolerance.code element SHALL be omitted.",
              "type": "display"
            },
            {
              "linkId": "AllergyIntolerance.code.coding",
              "text": "code:",
              "type": "open-choice",
              "required": false,
              "repeats": false
            },
            {
              "linkId": "AllergyIntolerance.code.text",
              "text": "text:",
              "type": "string",
              "required": false,
              "repeats": false
            }
          ]
        },
        {
          "extension": [
            {
              "url": "http://hl7.org/fhir/StructureDefinition/questionnaire-minOccurs",
              "valueInteger": 1
            },
            {
              "url": "http://hl7.org/fhir/StructureDefinition/questionnaire-maxOccurs",
              "valueInteger": 1
            },
            {
              "url": "http://hl7.org/fhir/StructureDefinition/questionnaire-fhirType",
              "valueString": "Reference"
            }
          ],
          "linkId": "AllergyIntolerance.patient",
          "type": "group",
          "required": true,
          "repeats": true,
          "item": [
            {
              "extension": [
                {
                  "url": "http://hl7.org/fhir/StructureDefinition/questionnaire-itemControl",
                  "valueCodeableConcept": {
                    "coding": [
                      {
                        "system": "http://hl7.org/fhir/questionnaire-item-control",
                        "code": "flyover",
                        "display": "Fly-over"
                      }
                    ]
                  }
                }
              ],
              "text": "The patient who has the allergy or intolerance.",
              "type": "display"
            },
            {
              "extension": [
                {
                  "url": "http://hl7.org/fhir/StructureDefinition/questionnaire-allowedResource",
                  "valueCode": "Patient"
                },
                {
                  "url": "http://hl7.org/fhir/StructureDefinition/questionnaire-referenceFilter",
                  "valueString": "subject\u003d$subj\u0026patient\u003d$subj\u0026encounter\u003d$encounter"
                }
              ],
              "linkId": "AllergyIntolerance.patient.value",
              "text": "Who the sensitivity is for",
              "type": "reference",
              "required": false,
              "repeats": false
            }
          ]
        },
        {
          "extension": [
            {
              "url": "http://hl7.org/fhir/StructureDefinition/questionnaire-maxOccurs",
              "valueInteger": 1
            },
            {
              "url": "http://hl7.org/fhir/StructureDefinition/questionnaire-fhirType",
              "valueString": "Reference"
            }
          ],
          "linkId": "AllergyIntolerance.encounter",
          "type": "group",
          "required": false,
          "repeats": true,
          "item": [
            {
              "extension": [
                {
                  "url": "http://hl7.org/fhir/StructureDefinition/questionnaire-itemControl",
                  "valueCodeableConcept": {
                    "coding": [
                      {
                        "system": "http://hl7.org/fhir/questionnaire-item-control",
                        "code": "flyover",
                        "display": "Fly-over"
                      }
                    ]
                  }
                }
              ],
              "text": "The encounter when the allergy or intolerance was asserted.",
              "type": "display"
            },
            {
              "extension": [
                {
                  "url": "http://hl7.org/fhir/StructureDefinition/questionnaire-allowedResource",
                  "valueCode": "Encounter"
                },
                {
                  "url": "http://hl7.org/fhir/StructureDefinition/questionnaire-referenceFilter",
                  "valueString": "subject\u003d$subj\u0026patient\u003d$subj\u0026encounter\u003d$encounter"
                }
              ],
              "linkId": "AllergyIntolerance.encounter.value",
              "text": "Encounter when the allergy or intolerance was asserted",
              "type": "reference",
              "required": false,
              "repeats": false
            }
          ]
        },
        {
          "extension": [
            {
              "url": "http://hl7.org/fhir/StructureDefinition/questionnaire-maxOccurs",
              "valueInteger": 1
            }
          ],
          "linkId": "AllergyIntolerance.onset[x]",
          "text": "When allergy or intolerance was identified",
          "type": "group",
          "required": false,
          "repeats": true,
          "item": [
            {
              "extension": [
                {
                  "url": "http://hl7.org/fhir/StructureDefinition/questionnaire-itemControl",
                  "valueCodeableConcept": {
                    "coding": [
                      {
                        "system": "http://hl7.org/fhir/questionnaire-item-control",
                        "code": "flyover",
                        "display": "Fly-over"
                      }
                    ]
                  }
                }
              ],
              "text": "Estimated or actual date,  date-time, or age when allergy or intolerance was identified.",
              "type": "display"
            },
            {
              "linkId": "AllergyIntolerance.onset[x]._type",
              "text": "type",
              "type": "choice",
              "required": false,
              "repeats": false,
              "answerValueSet": "#vs2",
              "item": [
                {
                  "extension": [
                    {
                      "url": "http://hl7.org/fhir/StructureDefinition/questionnaire-fhirType",
                      "valueString": "datetime"
                    }
                  ],
                  "linkId": "AllergyIntolerance.onset[x]._null",
                  "type": "group",
                  "item": [
                    {
                      "linkId": "AllergyIntolerance.onset[x]._null.value",
                      "type": "dateTime",
                      "required": false,
                      "repeats": false
                    }
                  ]
                },
                {
                  "extension": [
                    {
                      "url": "http://hl7.org/fhir/StructureDefinition/questionnaire-fhirType",
                      "valueString": "Quantity"
                    }
                  ],
                  "linkId": "AllergyIntolerance.onset[x]._null",
                  "type": "group",
                  "item": [
                    {
                      "linkId": "AllergyIntolerance.onset[x]._null.comparator",
                      "text": "comp:",
                      "type": "choice",
                      "required": false,
                      "repeats": false
                    },
                    {
                      "linkId": "AllergyIntolerance.onset[x]._null.value",
                      "text": "value:",
                      "type": "decimal",
                      "required": false,
                      "repeats": false
                    },
                    {
                      "linkId": "AllergyIntolerance.onset[x]._null.units",
                      "text": "units:",
                      "type": "string",
                      "required": false,
                      "repeats": false
                    },
                    {
                      "linkId": "AllergyIntolerance.onset[x]._null.code",
                      "text": "coded units:",
                      "type": "string",
                      "required": false,
                      "repeats": false
                    },
                    {
                      "linkId": "AllergyIntolerance.onset[x]._null.system",
                      "text": "units system:",
                      "type": "string",
                      "required": false,
                      "repeats": false
                    }
                  ]
                },
                {
                  "extension": [
                    {
                      "url": "http://hl7.org/fhir/StructureDefinition/questionnaire-fhirType",
                      "valueString": "Period"
                    }
                  ],
                  "linkId": "AllergyIntolerance.onset[x]._null",
                  "type": "group",
                  "item": [
                    {
                      "linkId": "AllergyIntolerance.onset[x]._null.low",
                      "text": "start:",
                      "type": "dateTime",
                      "required": false,
                      "repeats": false
                    },
                    {
                      "linkId": "AllergyIntolerance.onset[x]._null.end",
                      "text": "end:",
                      "type": "dateTime",
                      "required": false,
                      "repeats": false
                    }
                  ]
                },
                {
                  "extension": [
                    {
                      "url": "http://hl7.org/fhir/StructureDefinition/questionnaire-fhirType",
                      "valueString": "Range"
                    }
                  ],
                  "linkId": "AllergyIntolerance.onset[x]._null",
                  "type": "group",
                  "item": [
                    {
                      "linkId": "AllergyIntolerance.onset[x]._null.low",
                      "text": "low:",
                      "type": "decimal",
                      "required": false,
                      "repeats": false
                    },
                    {
                      "linkId": "AllergyIntolerance.onset[x]._null.high",
                      "text": "high:",
                      "type": "decimal",
                      "required": false,
                      "repeats": false
                    },
                    {
                      "linkId": "AllergyIntolerance.onset[x]._null.units",
                      "text": "units:",
                      "type": "string",
                      "required": false,
                      "repeats": false
                    }
                  ]
                },
                {
                  "extension": [
                    {
                      "url": "http://hl7.org/fhir/StructureDefinition/questionnaire-fhirType",
                      "valueString": "string"
                    }
                  ],
                  "linkId": "AllergyIntolerance.onset[x]._null",
                  "type": "group",
                  "item": [
                    {
                      "linkId": "AllergyIntolerance.onset[x]._null.value",
                      "type": "string",
                      "required": false,
                      "repeats": false
                    }
                  ]
                }
              ]
            }
          ]
        },
        {
          "extension": [
            {
              "url": "http://hl7.org/fhir/StructureDefinition/questionnaire-maxOccurs",
              "valueInteger": 1
            },
            {
              "url": "http://hl7.org/fhir/StructureDefinition/questionnaire-fhirType",
              "valueString": "datetime"
            }
          ],
          "linkId": "AllergyIntolerance.recordedDate",
          "type": "group",
          "required": false,
          "repeats": true,
          "item": [
            {
              "extension": [
                {
                  "url": "http://hl7.org/fhir/StructureDefinition/questionnaire-itemControl",
                  "valueCodeableConcept": {
                    "coding": [
                      {
                        "system": "http://hl7.org/fhir/questionnaire-item-control",
                        "code": "flyover",
                        "display": "Fly-over"
                      }
                    ]
                  }
                }
              ],
              "text": "The recordedDate represents when this particular AllergyIntolerance record was created in the system, which is often a system-generated date.",
              "type": "display"
            },
            {
              "linkId": "AllergyIntolerance.recordedDate.value",
              "text": "Date first version of the resource instance was recorded",
              "type": "dateTime",
              "required": false,
              "repeats": false
            }
          ]
        },
        {
          "extension": [
            {
              "url": "http://hl7.org/fhir/StructureDefinition/questionnaire-maxOccurs",
              "valueInteger": 1
            },
            {
              "url": "http://hl7.org/fhir/StructureDefinition/questionnaire-fhirType",
              "valueString": "Reference"
            }
          ],
          "linkId": "AllergyIntolerance.recorder",
          "type": "group",
          "required": false,
          "repeats": true,
          "item": [
            {
              "extension": [
                {
                  "url": "http://hl7.org/fhir/StructureDefinition/questionnaire-itemControl",
                  "valueCodeableConcept": {
                    "coding": [
                      {
                        "system": "http://hl7.org/fhir/questionnaire-item-control",
                        "code": "flyover",
                        "display": "Fly-over"
                      }
                    ]
                  }
                }
              ],
              "text": "Individual who recorded the record and takes responsibility for its content.",
              "type": "display"
            },
            {
              "extension": [
                {
                  "url": "http://hl7.org/fhir/StructureDefinition/questionnaire-allowedResource",
                  "valueCode": "Practitioner, PractitionerRole, Patient, RelatedPerson"
                },
                {
                  "url": "http://hl7.org/fhir/StructureDefinition/questionnaire-referenceFilter",
                  "valueString": "subject\u003d$subj\u0026patient\u003d$subj\u0026encounter\u003d$encounter"
                }
              ],
              "linkId": "AllergyIntolerance.recorder.value",
              "text": "Who recorded the sensitivity",
              "type": "reference",
              "required": false,
              "repeats": false
            }
          ]
        },
        {
          "extension": [
            {
              "url": "http://hl7.org/fhir/StructureDefinition/questionnaire-maxOccurs",
              "valueInteger": 1
            },
            {
              "url": "http://hl7.org/fhir/StructureDefinition/questionnaire-fhirType",
              "valueString": "Reference"
            }
          ],
          "linkId": "AllergyIntolerance.asserter",
          "type": "group",
          "required": false,
          "repeats": true,
          "item": [
            {
              "extension": [
                {
                  "url": "http://hl7.org/fhir/StructureDefinition/questionnaire-itemControl",
                  "valueCodeableConcept": {
                    "coding": [
                      {
                        "system": "http://hl7.org/fhir/questionnaire-item-control",
                        "code": "flyover",
                        "display": "Fly-over"
                      }
                    ]
                  }
                }
              ],
              "text": "The source of the information about the allergy that is recorded. The recorder takes responsibility for the content, but can reference the source from where they got it.",
              "type": "display"
            },
            {
              "extension": [
                {
                  "url": "http://hl7.org/fhir/StructureDefinition/questionnaire-allowedResource",
                  "valueCode": "Patient, RelatedPerson, Practitioner, PractitionerRole"
                },
                {
                  "url": "http://hl7.org/fhir/StructureDefinition/questionnaire-referenceFilter",
                  "valueString": "subject\u003d$subj\u0026patient\u003d$subj\u0026encounter\u003d$encounter"
                }
              ],
              "linkId": "AllergyIntolerance.asserter.value",
              "text": "Source of the information about the allergy",
              "type": "reference",
              "required": false,
              "repeats": false
            }
          ]
        },
        {
          "extension": [
            {
              "url": "http://hl7.org/fhir/StructureDefinition/questionnaire-maxOccurs",
              "valueInteger": 1
            },
            {
              "url": "http://hl7.org/fhir/StructureDefinition/questionnaire-fhirType",
              "valueString": "datetime"
            }
          ],
          "linkId": "AllergyIntolerance.lastOccurrence",
          "type": "group",
          "required": false,
          "repeats": true,
          "item": [
            {
              "extension": [
                {
                  "url": "http://hl7.org/fhir/StructureDefinition/questionnaire-itemControl",
                  "valueCodeableConcept": {
                    "coding": [
                      {
                        "system": "http://hl7.org/fhir/questionnaire-item-control",
                        "code": "flyover",
                        "display": "Fly-over"
                      }
                    ]
                  }
                }
              ],
              "text": "Represents the date and/or time of the last known occurrence of a reaction event. This date may be replicated by one of the Onset of Reaction dates. Where a textual representation of the date of last occurrence is required e.g. \u0027In Childhood, \u002710 years ago\u0027 the Comment element should be used.",
              "type": "display"
            },
            {
              "linkId": "AllergyIntolerance.lastOccurrence.value",
              "text": "Date(/time) of last known occurrence of a reaction",
              "type": "dateTime",
              "required": false,
              "repeats": false
            }
          ]
        },
        {
          "extension": [
            {
              "url": "http://hl7.org/fhir/StructureDefinition/questionnaire-fhirType",
              "valueString": "Annotation"
            }
          ],
          "linkId": "AllergyIntolerance.note",
          "text": "Additional text not captured in other fields",
          "type": "group",
          "required": false,
          "repeats": true,
          "item": [
            {
              "extension": [
                {
                  "url": "http://hl7.org/fhir/StructureDefinition/questionnaire-itemControl",
                  "valueCodeableConcept": {
                    "coding": [
                      {
                        "system": "http://hl7.org/fhir/questionnaire-item-control",
                        "code": "flyover",
                        "display": "Fly-over"
                      }
                    ]
                  }
                }
              ],
              "text": "Additional narrative about the propensity for the Adverse Reaction, not captured in other fields. For example: including reason for flagging a seriousness of \u0027High Risk\u0027; and instructions related to future exposure or administration of the substance, such as administration within an Intensive Care Unit or under corticosteroid cover. The notes should be related to an allergy or intolerance as a condition in general and not related to any particular episode of it. For episode notes and descriptions, use AllergyIntolerance.event.description and  AllergyIntolerance.event.notes.",
              "type": "display"
            }
          ]
        },
        {
          "linkId": "AllergyIntolerance.reaction",
          "text": "Adverse Reaction Events linked to exposure to substance",
          "type": "group",
          "required": false,
          "repeats": true,
          "item": [
            {
              "extension": [
                {
                  "url": "http://hl7.org/fhir/StructureDefinition/questionnaire-itemControl",
                  "valueCodeableConcept": {
                    "coding": [
                      {
                        "system": "http://hl7.org/fhir/questionnaire-item-control",
                        "code": "flyover",
                        "display": "Fly-over"
                      }
                    ]
                  }
                }
              ],
              "text": "Details about each adverse reaction event linked to exposure to the identified substance.",
              "type": "display"
            },
            {
              "extension": [
                {
                  "url": "http://hl7.org/fhir/StructureDefinition/questionnaire-maxOccurs",
                  "valueInteger": 1
                },
                {
                  "url": "http://hl7.org/fhir/StructureDefinition/questionnaire-fhirType",
                  "valueString": "string"
                }
              ],
              "linkId": "AllergyIntolerance.reaction.id",
              "type": "group",
              "required": false,
              "repeats": true,
              "item": [
                {
                  "extension": [
                    {
                      "url": "http://hl7.org/fhir/StructureDefinition/questionnaire-itemControl",
                      "valueCodeableConcept": {
                        "coding": [
                          {
                            "system": "http://hl7.org/fhir/questionnaire-item-control",
                            "code": "flyover",
                            "display": "Fly-over"
                          }
                        ]
                      }
                    }
                  ],
                  "text": "Unique id for the element within a resource (for internal references). This may be any string value that does not contain spaces.",
                  "type": "display"
                },
                {
                  "linkId": "AllergyIntolerance.reaction.id.value",
                  "text": "Unique id for inter-element referencing",
                  "type": "string",
                  "required": false,
                  "repeats": false
                }
              ]
            },
            {
              "linkId": "AllergyIntolerance.reaction.extension",
              "text": "Additional content defined by implementations",
              "type": "group",
              "required": false,
              "repeats": true,
              "item": [
                {
                  "extension": [
                    {
                      "url": "http://hl7.org/fhir/StructureDefinition/questionnaire-itemControl",
                      "valueCodeableConcept": {
                        "coding": [
                          {
                            "system": "http://hl7.org/fhir/questionnaire-item-control",
                            "code": "flyover",
                            "display": "Fly-over"
                          }
                        ]
                      }
                    }
                  ],
                  "text": "May be used to represent additional information that is not part of the basic definition of the element. To make the use of extensions safe and manageable, there is a strict set of governance  applied to the definition and use of extensions. Though any implementer can define an extension, there is a set of requirements that SHALL be met as part of the definition of the extension. There can be no stigma associated with the use of extensions by any application, project, or standard - regardless of the institution or jurisdiction that uses or defines the extensions.  The use of extensions is what allows the FHIR specification to retain a core level of simplicity for everyone.",
                  "type": "display"
                }
              ]
            },
            {
              "linkId": "AllergyIntolerance.reaction.modifierExtension",
              "text": "Extensions that cannot be ignored even if unrecognized",
              "type": "group",
              "required": false,
              "repeats": true,
              "item": [
                {
                  "extension": [
                    {
                      "url": "http://hl7.org/fhir/StructureDefinition/questionnaire-itemControl",
                      "valueCodeableConcept": {
                        "coding": [
                          {
                            "system": "http://hl7.org/fhir/questionnaire-item-control",
                            "code": "flyover",
                            "display": "Fly-over"
                          }
                        ]
                      }
                    }
                  ],
                  "text": "May be used to represent additional information that is not part of the basic definition of the element and that modifies the understanding of the element in which it is contained and/or the understanding of the containing element\u0027s descendants. Usually modifier elements provide negation or qualification. To make the use of extensions safe and manageable, there is a strict set of governance applied to the definition and use of extensions. Though any implementer can define an extension, there is a set of requirements that SHALL be met as part of the definition of the extension. Applications processing a resource are required to check for modifier extensions.\n\nModifier extensions SHALL NOT change the meaning of any elements on Resource or DomainResource (including cannot change the meaning of modifierExtension itself). There can be no stigma associated with the use of extensions by any application, project, or standard - regardless of the institution or jurisdiction that uses or defines the extensions.  The use of extensions is what allows the FHIR specification to retain a core level of simplicity for everyone.",
                  "type": "display"
                }
              ]
            },
            {
              "extension": [
                {
                  "url": "http://hl7.org/fhir/StructureDefinition/questionnaire-maxOccurs",
                  "valueInteger": 1
                },
                {
                  "url": "http://hl7.org/fhir/StructureDefinition/questionnaire-fhirType",
                  "valueString": "CodeableConcept"
                }
              ],
              "linkId": "AllergyIntolerance.reaction.substance",
              "text": "Specific substance or pharmaceutical product considered to be responsible for event",
              "type": "group",
              "required": false,
              "repeats": true,
              "item": [
                {
                  "extension": [
                    {
                      "url": "http://hl7.org/fhir/StructureDefinition/questionnaire-itemControl",
                      "valueCodeableConcept": {
                        "coding": [
                          {
                            "system": "http://hl7.org/fhir/questionnaire-item-control",
                            "code": "flyover",
                            "display": "Fly-over"
                          }
                        ]
                      }
                    }
                  ],
                  "text": "Identification of the specific substance (or pharmaceutical product) considered to be responsible for the Adverse Reaction event. Note: the substance for a specific reaction may be different from the substance identified as the cause of the risk, but it must be consistent with it. For instance, it may be a more specific substance (e.g. a brand medication) or a composite product that includes the identified substance. It must be clinically safe to only process the \u0027code\u0027 and ignore the \u0027reaction.substance\u0027.  If a receiving system is unable to confirm that AllergyIntolerance.reaction.substance falls within the semantic scope of AllergyIntolerance.code, then the receiving system should ignore AllergyIntolerance.reaction.substance. Coding of the specific substance (or pharmaceutical product) with a terminology capable of triggering decision support should be used wherever possible.  The \u0027code\u0027 element allows for the use of a specific substance or pharmaceutical product, or a group or class of substances. In the case of an allergy or intolerance to a class of substances, (for example, \"penicillins\"), the \u0027reaction.substance\u0027 element could be used to code the specific substance that was identified as having caused the reaction (for example, \"amoxycillin\"). Duplication of the value in the \u0027code\u0027 and \u0027reaction.substance\u0027 elements is acceptable when a specific substance has been recorded in \u0027code\u0027.",
                  "type": "display"
                },
                {
                  "linkId": "AllergyIntolerance.reaction.substance.coding",
                  "text": "code:",
                  "type": "open-choice",
                  "required": false,
                  "repeats": false
                },
                {
                  "linkId": "AllergyIntolerance.reaction.substance.text",
                  "text": "text:",
                  "type": "string",
                  "required": false,
                  "repeats": false
                }
              ]
            },
            {
              "extension": [
                {
                  "url": "http://hl7.org/fhir/StructureDefinition/questionnaire-minOccurs",
                  "valueInteger": 1
                },
                {
                  "url": "http://hl7.org/fhir/StructureDefinition/questionnaire-fhirType",
                  "valueString": "CodeableConcept"
                }
              ],
              "linkId": "AllergyIntolerance.reaction.manifestation",
              "text": "Clinical symptoms/signs associated with the Event",
              "type": "group",
              "required": true,
              "repeats": true,
              "item": [
                {
                  "extension": [
                    {
                      "url": "http://hl7.org/fhir/StructureDefinition/questionnaire-itemControl",
                      "valueCodeableConcept": {
                        "coding": [
                          {
                            "system": "http://hl7.org/fhir/questionnaire-item-control",
                            "code": "flyover",
                            "display": "Fly-over"
                          }
                        ]
                      }
                    }
                  ],
                  "text": "Clinical symptoms and/or signs that are observed or associated with the adverse reaction event. Manifestation can be expressed as a single word, phrase or brief description. For example: nausea, rash or no reaction. It is preferable that manifestation should be coded with a terminology, where possible. The values entered here may be used to display on an application screen as part of a list of adverse reactions, as recommended in the UK NHS CUI guidelines.  Terminologies commonly used include, but are not limited to, SNOMED CT or ICD10.",
                  "type": "display"
                },
                {
                  "linkId": "AllergyIntolerance.reaction.manifestation.coding",
                  "text": "code:",
                  "type": "open-choice",
                  "required": false,
                  "repeats": false
                },
                {
                  "linkId": "AllergyIntolerance.reaction.manifestation.text",
                  "text": "text:",
                  "type": "string",
                  "required": false,
                  "repeats": false
                }
              ]
            },
            {
              "extension": [
                {
                  "url": "http://hl7.org/fhir/StructureDefinition/questionnaire-maxOccurs",
                  "valueInteger": 1
                },
                {
                  "url": "http://hl7.org/fhir/StructureDefinition/questionnaire-fhirType",
                  "valueString": "string"
                }
              ],
              "linkId": "AllergyIntolerance.reaction.description",
              "type": "group",
              "required": false,
              "repeats": true,
              "item": [
                {
                  "extension": [
                    {
                      "url": "http://hl7.org/fhir/StructureDefinition/questionnaire-itemControl",
                      "valueCodeableConcept": {
                        "coding": [
                          {
                            "system": "http://hl7.org/fhir/questionnaire-item-control",
                            "code": "flyover",
                            "display": "Fly-over"
                          }
                        ]
                      }
                    }
                  ],
                  "text": "Text description about the reaction as a whole, including details of the manifestation if required. Use the description to provide any details of a particular event of the occurred reaction such as circumstances, reaction specifics, what happened before/after. Information, related to the event, but not describing a particular care should be captured in the comment field. For example: at the age of four, the patient was given penicillin for strep throat and subsequently developed severe hives.",
                  "type": "display"
                },
                {
                  "linkId": "AllergyIntolerance.reaction.description.value",
                  "text": "Description of the event as a whole",
                  "type": "string",
                  "required": false,
                  "repeats": false
                }
              ]
            },
            {
              "extension": [
                {
                  "url": "http://hl7.org/fhir/StructureDefinition/questionnaire-maxOccurs",
                  "valueInteger": 1
                },
                {
                  "url": "http://hl7.org/fhir/StructureDefinition/questionnaire-fhirType",
                  "valueString": "datetime"
                }
              ],
              "linkId": "AllergyIntolerance.reaction.onset",
              "type": "group",
              "required": false,
              "repeats": true,
              "item": [
                {
                  "extension": [
                    {
                      "url": "http://hl7.org/fhir/StructureDefinition/questionnaire-itemControl",
                      "valueCodeableConcept": {
                        "coding": [
                          {
                            "system": "http://hl7.org/fhir/questionnaire-item-control",
                            "code": "flyover",
                            "display": "Fly-over"
                          }
                        ]
                      }
                    }
                  ],
                  "text": "Record of the date and/or time of the onset of the Reaction.",
                  "type": "display"
                },
                {
                  "linkId": "AllergyIntolerance.reaction.onset.value",
                  "text": "Date(/time) when manifestations showed",
                  "type": "dateTime",
                  "required": false,
                  "repeats": false
                }
              ]
            },
            {
              "extension": [
                {
                  "url": "http://hl7.org/fhir/StructureDefinition/questionnaire-maxOccurs",
                  "valueInteger": 1
                },
                {
                  "url": "http://hl7.org/fhir/StructureDefinition/questionnaire-fhirType",
                  "valueString": "code"
                }
              ],
              "linkId": "AllergyIntolerance.reaction.severity",
              "type": "group",
              "required": false,
              "repeats": true,
              "item": [
                {
                  "extension": [
                    {
                      "url": "http://hl7.org/fhir/StructureDefinition/questionnaire-itemControl",
                      "valueCodeableConcept": {
                        "coding": [
                          {
                            "system": "http://hl7.org/fhir/questionnaire-item-control",
                            "code": "flyover",
                            "display": "Fly-over"
                          }
                        ]
                      }
                    }
                  ],
                  "text": "Clinical assessment of the severity of the reaction event as a whole, potentially considering multiple different manifestations. It is acknowledged that this assessment is very subjective. There may be some specific practice domains where objective scales have been applied. Objective scales can be included in this model as extensions.",
                  "type": "display"
                },
                {
                  "linkId": "AllergyIntolerance.reaction.severity.value",
                  "text": "severity",
                  "type": "choice",
                  "required": false,
                  "repeats": false
                }
              ]
            },
            {
              "extension": [
                {
                  "url": "http://hl7.org/fhir/StructureDefinition/questionnaire-maxOccurs",
                  "valueInteger": 1
                },
                {
                  "url": "http://hl7.org/fhir/StructureDefinition/questionnaire-fhirType",
                  "valueString": "CodeableConcept"
                }
              ],
              "linkId": "AllergyIntolerance.reaction.exposureRoute",
              "text": "How the subject was exposed to the substance",
              "type": "group",
              "required": false,
              "repeats": true,
              "item": [
                {
                  "extension": [
                    {
                      "url": "http://hl7.org/fhir/StructureDefinition/questionnaire-itemControl",
                      "valueCodeableConcept": {
                        "coding": [
                          {
                            "system": "http://hl7.org/fhir/questionnaire-item-control",
                            "code": "flyover",
                            "display": "Fly-over"
                          }
                        ]
                      }
                    }
                  ],
                  "text": "Identification of the route by which the subject was exposed to the substance. Coding of the route of exposure with a terminology should be used wherever possible.",
                  "type": "display"
                },
                {
                  "linkId": "AllergyIntolerance.reaction.exposureRoute.coding",
                  "text": "code:",
                  "type": "open-choice",
                  "required": false,
                  "repeats": false
                },
                {
                  "linkId": "AllergyIntolerance.reaction.exposureRoute.text",
                  "text": "text:",
                  "type": "string",
                  "required": false,
                  "repeats": false
                }
              ]
            },
            {
              "extension": [
                {
                  "url": "http://hl7.org/fhir/StructureDefinition/questionnaire-fhirType",
                  "valueString": "Annotation"
                }
              ],
              "linkId": "AllergyIntolerance.reaction.note",
              "text": "Text about event not captured in other fields",
              "type": "group",
              "required": false,
              "repeats": true,
              "item": [
                {
                  "extension": [
                    {
                      "url": "http://hl7.org/fhir/StructureDefinition/questionnaire-itemControl",
                      "valueCodeableConcept": {
                        "coding": [
                          {
                            "system": "http://hl7.org/fhir/questionnaire-item-control",
                            "code": "flyover",
                            "display": "Fly-over"
                          }
                        ]
                      }
                    }
                  ],
                  "text": "Additional text about the adverse reaction event not captured in other fields. Use this field to record information indirectly related to a particular event and not captured in the description. For example: Clinical records are no longer available, recorded based on information provided to the patient by her mother and her mother is deceased.",
                  "type": "display"
                }
              ]
            }
          ]
        }
      ]
    }
  ],
  "meta": {
    "tag": [
      {
        "system": "http://terminology.hl7.org/CodeSystem/v3-ActReason",
        "code": "HTEST",
        "display": "test health data"
      }
    ]
  }
}