{
  "resourceType": "Questionnaire",
  "id": "qs1",
  "identifier": [
    {
      "system": "urn:ietf:rfc:3986"
    }
  ],
  "version": "4.0.0",
  "status": "draft",
  "date": "2018-12-27T22:37:54+11:00",
  "publisher": "Health Level Seven International (Patient Administration)",
  "item": [
    {
      "linkId": "Appointment",
      "text": "A booking of a healthcare event among patient(s), practitioner(s), related person(s) and/or device(s) for a specific date/time. This may result in one or more Encounter(s)",
      "type": "group",
      "required": false,
      "repeats": true,
      "item": [
        {
          "extension": [
            {
              "url": "http://hl7.org/fhir/StructureDefinition/questionnaire-itemControl",
              "valueCodeableConcept": {
                "coding": [
                  {
                    "system": "http://hl7.org/fhir/questionnaire-item-control",
                    "code": "flyover",
                    "display": "Fly-over"
                  }
                ]
              }
            }
          ],
          "text": "A booking of a healthcare event among patient(s), practitioner(s), related person(s) and/or device(s) for a specific date/time. This may result in one or more Encounter(s).",
          "type": "display"
        },
        {
          "extension": [
            {
              "url": "http://hl7.org/fhir/StructureDefinition/questionnaire-maxOccurs",
              "valueInteger": 1
            },
            {
              "url": "http://hl7.org/fhir/StructureDefinition/questionnaire-fhirType",
              "valueString": "string"
            }
          ],
          "linkId": "Appointment.id",
          "type": "group",
          "required": false,
          "repeats": true,
          "item": [
            {
              "extension": [
                {
                  "url": "http://hl7.org/fhir/StructureDefinition/questionnaire-itemControl",
                  "valueCodeableConcept": {
                    "coding": [
                      {
                        "system": "http://hl7.org/fhir/questionnaire-item-control",
                        "code": "flyover",
                        "display": "Fly-over"
                      }
                    ]
                  }
                }
              ],
              "text": "The logical id of the resource, as used in the URL for the resource. Once assigned, this value never changes. The only time that a resource does not have an id is when it is being submitted to the server using a create operation.",
              "type": "display"
            },
            {
              "linkId": "Appointment.id.value",
              "text": "Logical id of this artifact",
              "type": "string",
              "required": false,
              "repeats": false
            }
          ]
        },
        {
          "extension": [
            {
              "url": "http://hl7.org/fhir/StructureDefinition/questionnaire-maxOccurs",
              "valueInteger": 1
            }
          ],
          "linkId": "Appointment.meta",
          "text": "Metadata about the resource",
          "type": "group",
          "required": false,
          "repeats": true,
          "item": [
            {
              "extension": [
                {
                  "url": "http://hl7.org/fhir/StructureDefinition/questionnaire-itemControl",
                  "valueCodeableConcept": {
                    "coding": [
                      {
                        "system": "http://hl7.org/fhir/questionnaire-item-control",
                        "code": "flyover",
                        "display": "Fly-over"
                      }
                    ]
                  }
                }
              ],
              "text": "The metadata about the resource. This is content that is maintained by the infrastructure. Changes to the content might not always be associated with version changes to the resource.",
              "type": "display"
            }
          ]
        },
        {
          "extension": [
            {
              "url": "http://hl7.org/fhir/StructureDefinition/questionnaire-maxOccurs",
              "valueInteger": 1
            },
            {
              "url": "http://hl7.org/fhir/StructureDefinition/questionnaire-fhirType",
              "valueString": "uri"
            }
          ],
          "linkId": "Appointment.implicitRules",
          "type": "group",
          "required": false,
          "repeats": true,
          "item": [
            {
              "extension": [
                {
                  "url": "http://hl7.org/fhir/StructureDefinition/questionnaire-itemControl",
                  "valueCodeableConcept": {
                    "coding": [
                      {
                        "system": "http://hl7.org/fhir/questionnaire-item-control",
                        "code": "flyover",
                        "display": "Fly-over"
                      }
                    ]
                  }
                }
              ],
              "text": "A reference to a set of rules that were followed when the resource was constructed, and which must be understood when processing the content. Often, this is a reference to an implementation guide that defines the special rules along with other profiles etc. Asserting this rule set restricts the content to be only understood by a limited set of trading partners. This inherently limits the usefulness of the data in the long term. However, the existing health eco-system is highly fractured, and not yet ready to define, collect, and exchange data in a generally computable sense. Wherever possible, implementers and/or specification writers should avoid using this element. Often, when used, the URL is a reference to an implementation guide that defines these special rules as part of it\u0027s narrative along with other profiles, value sets, etc.",
              "type": "display"
            },
            {
              "linkId": "Appointment.implicitRules.value",
              "text": "A set of rules under which this content was created",
              "type": "string",
              "required": false,
              "repeats": false
            }
          ]
        },
        {
          "extension": [
            {
              "url": "http://hl7.org/fhir/StructureDefinition/questionnaire-maxOccurs",
              "valueInteger": 1
            },
            {
              "url": "http://hl7.org/fhir/StructureDefinition/questionnaire-fhirType",
              "valueString": "code"
            }
          ],
          "linkId": "Appointment.language",
          "type": "group",
          "required": false,
          "repeats": true,
          "item": [
            {
              "extension": [
                {
                  "url": "http://hl7.org/fhir/StructureDefinition/questionnaire-itemControl",
                  "valueCodeableConcept": {
                    "coding": [
                      {
                        "system": "http://hl7.org/fhir/questionnaire-item-control",
                        "code": "flyover",
                        "display": "Fly-over"
                      }
                    ]
                  }
                }
              ],
              "text": "The base language in which the resource is written. Language is provided to support indexing and accessibility (typically, services such as text to speech use the language tag). The html language tag in the narrative applies  to the narrative. The language tag on the resource may be used to specify the language of other presentations generated from the data in the resource. Not all the content has to be in the base language. The Resource.language should not be assumed to apply to the narrative automatically. If a language is specified, it should it also be specified on the div element in the html (see rules in HTML5 for information about the relationship between xml:lang and the html lang attribute).",
              "type": "display"
            },
            {
              "linkId": "Appointment.language.value",
              "text": "language",
              "type": "choice",
              "required": false,
              "repeats": false
            }
          ]
        },
        {
          "extension": [
            {
              "url": "http://hl7.org/fhir/StructureDefinition/questionnaire-maxOccurs",
              "valueInteger": 1
            }
          ],
          "linkId": "Appointment.text",
          "text": "Text summary of the resource, for human interpretation",
          "type": "group",
          "required": false,
          "repeats": true,
          "item": [
            {
              "extension": [
                {
                  "url": "http://hl7.org/fhir/StructureDefinition/questionnaire-itemControl",
                  "valueCodeableConcept": {
                    "coding": [
                      {
                        "system": "http://hl7.org/fhir/questionnaire-item-control",
                        "code": "flyover",
                        "display": "Fly-over"
                      }
                    ]
                  }
                }
              ],
              "text": "A human-readable narrative that contains a summary of the resource and can be used to represent the content of the resource to a human. The narrative need not encode all the structured data, but is required to contain sufficient detail to make it \"clinically safe\" for a human to just read the narrative. Resource definitions may define what content should be represented in the narrative to ensure clinical safety. Contained resources do not have narrative. Resources that are not contained SHOULD have a narrative. In some cases, a resource may only have text with little or no additional discrete data (as long as all minOccurs\u003d1 elements are satisfied).  This may be necessary for data from legacy systems where information is captured as a \"text blob\" or where text is additionally entered raw or narrated and encoded information is added later.",
              "type": "display"
            }
          ]
        },
        {
          "linkId": "Appointment.contained",
          "text": "Contained, inline Resources",
          "type": "group",
          "required": false,
          "repeats": true,
          "item": [
            {
              "extension": [
                {
                  "url": "http://hl7.org/fhir/StructureDefinition/questionnaire-itemControl",
                  "valueCodeableConcept": {
                    "coding": [
                      {
                        "system": "http://hl7.org/fhir/questionnaire-item-control",
                        "code": "flyover",
                        "display": "Fly-over"
                      }
                    ]
                  }
                }
              ],
              "text": "These resources do not have an independent existence apart from the resource that contains them - they cannot be identified independently, and nor can they have their own independent transaction scope. This should never be done when the content can be identified properly, as once identification is lost, it is extremely difficult (and context dependent) to restore it again. Contained resources may have profiles and tags In their meta elements, but SHALL NOT have security labels.",
              "type": "display"
            }
          ]
        },
        {
          "linkId": "Appointment.extension",
          "text": "Additional content defined by implementations",
          "type": "group",
          "required": false,
          "repeats": true,
          "item": [
            {
              "extension": [
                {
                  "url": "http://hl7.org/fhir/StructureDefinition/questionnaire-itemControl",
                  "valueCodeableConcept": {
                    "coding": [
                      {
                        "system": "http://hl7.org/fhir/questionnaire-item-control",
                        "code": "flyover",
                        "display": "Fly-over"
                      }
                    ]
                  }
                }
              ],
              "text": "May be used to represent additional information that is not part of the basic definition of the resource. To make the use of extensions safe and manageable, there is a strict set of governance  applied to the definition and use of extensions. Though any implementer can define an extension, there is a set of requirements that SHALL be met as part of the definition of the extension. There can be no stigma associated with the use of extensions by any application, project, or standard - regardless of the institution or jurisdiction that uses or defines the extensions.  The use of extensions is what allows the FHIR specification to retain a core level of simplicity for everyone.",
              "type": "display"
            }
          ]
        },
        {
          "linkId": "Appointment.modifierExtension",
          "text": "Extensions that cannot be ignored",
          "type": "group",
          "required": false,
          "repeats": true,
          "item": [
            {
              "extension": [
                {
                  "url": "http://hl7.org/fhir/StructureDefinition/questionnaire-itemControl",
                  "valueCodeableConcept": {
                    "coding": [
                      {
                        "system": "http://hl7.org/fhir/questionnaire-item-control",
                        "code": "flyover",
                        "display": "Fly-over"
                      }
                    ]
                  }
                }
              ],
              "text": "May be used to represent additional information that is not part of the basic definition of the resource and that modifies the understanding of the element that contains it and/or the understanding of the containing element\u0027s descendants. Usually modifier elements provide negation or qualification. To make the use of extensions safe and manageable, there is a strict set of governance applied to the definition and use of extensions. Though any implementer is allowed to define an extension, there is a set of requirements that SHALL be met as part of the definition of the extension. Applications processing a resource are required to check for modifier extensions.\n\nModifier extensions SHALL NOT change the meaning of any elements on Resource or DomainResource (including cannot change the meaning of modifierExtension itself). There can be no stigma associated with the use of extensions by any application, project, or standard - regardless of the institution or jurisdiction that uses or defines the extensions.  The use of extensions is what allows the FHIR specification to retain a core level of simplicity for everyone.",
              "type": "display"
            }
          ]
        },
        {
          "extension": [
            {
              "url": "http://hl7.org/fhir/StructureDefinition/questionnaire-fhirType",
              "valueString": "Identifier"
            }
          ],
          "linkId": "Appointment.identifier",
          "text": "External Ids for this item",
          "type": "group",
          "required": false,
          "repeats": true,
          "item": [
            {
              "extension": [
                {
                  "url": "http://hl7.org/fhir/StructureDefinition/questionnaire-itemControl",
                  "valueCodeableConcept": {
                    "coding": [
                      {
                        "system": "http://hl7.org/fhir/questionnaire-item-control",
                        "code": "flyover",
                        "display": "Fly-over"
                      }
                    ]
                  }
                }
              ],
              "text": "This records identifiers associated with this appointment concern that are defined by business processes and/or used to refer to it when a direct URL reference to the resource itself is not appropriate (e.g. in CDA documents, or in written / printed documentation).",
              "type": "display"
            },
            {
              "linkId": "Appointment.identifier.label",
              "text": "label:",
              "type": "string",
              "required": false,
              "repeats": false
            },
            {
              "linkId": "Appointment.identifier.system",
              "text": "system:",
              "type": "string",
              "required": false,
              "repeats": false
            },
            {
              "linkId": "Appointment.identifier.value",
              "text": "value:",
              "type": "string",
              "required": false,
              "repeats": false
            }
          ]
        },
        {
          "extension": [
            {
              "url": "http://hl7.org/fhir/StructureDefinition/questionnaire-minOccurs",
              "valueInteger": 1
            },
            {
              "url": "http://hl7.org/fhir/StructureDefinition/questionnaire-maxOccurs",
              "valueInteger": 1
            },
            {
              "url": "http://hl7.org/fhir/StructureDefinition/questionnaire-fhirType",
              "valueString": "code"
            }
          ],
          "linkId": "Appointment.status",
          "type": "group",
          "required": true,
          "repeats": true,
          "item": [
            {
              "extension": [
                {
                  "url": "http://hl7.org/fhir/StructureDefinition/questionnaire-itemControl",
                  "valueCodeableConcept": {
                    "coding": [
                      {
                        "system": "http://hl7.org/fhir/questionnaire-item-control",
                        "code": "flyover",
                        "display": "Fly-over"
                      }
                    ]
                  }
                }
              ],
              "text": "The overall status of the Appointment. Each of the participants has their own participation status which indicates their involvement in the process, however this status indicates the shared status. If the Appointment\u0027s status is \"cancelled\" then all participants are expected to have their calendars released for the appointment period, and as such any Slots that were marked as BUSY can be re-set to FREE.\n\nThis element is labeled as a modifier because the status contains the code entered-in-error that mark the Appointment as not currently valid.",
              "type": "display"
            },
            {
              "linkId": "Appointment.status.value",
              "text": "status",
              "type": "choice",
              "required": false,
              "repeats": false
            }
          ]
        },
        {
          "extension": [
            {
              "url": "http://hl7.org/fhir/StructureDefinition/questionnaire-maxOccurs",
              "valueInteger": 1
            },
            {
              "url": "http://hl7.org/fhir/StructureDefinition/questionnaire-fhirType",
              "valueString": "CodeableConcept"
            }
          ],
          "linkId": "Appointment.cancelationReason",
          "text": "The coded reason for the appointment being cancelled",
          "type": "group",
          "required": false,
          "repeats": true,
          "item": [
            {
              "extension": [
                {
                  "url": "http://hl7.org/fhir/StructureDefinition/questionnaire-itemControl",
                  "valueCodeableConcept": {
                    "coding": [
                      {
                        "system": "http://hl7.org/fhir/questionnaire-item-control",
                        "code": "flyover",
                        "display": "Fly-over"
                      }
                    ]
                  }
                }
              ],
              "text": "The coded reason for the appointment being cancelled. This is often used in reporting/billing/futher processing to determine if further actions are required, or specific fees apply.",
              "type": "display"
            },
            {
              "linkId": "Appointment.cancelationReason.coding",
              "text": "code:",
              "type": "open-choice",
              "required": false,
              "repeats": false
            },
            {
              "linkId": "Appointment.cancelationReason.text",
              "text": "text:",
              "type": "string",
              "required": false,
              "repeats": false
            }
          ]
        },
        {
          "extension": [
            {
              "url": "http://hl7.org/fhir/StructureDefinition/questionnaire-fhirType",
              "valueString": "CodeableConcept"
            }
          ],
          "linkId": "Appointment.serviceCategory",
          "text": "A broad categorization of the service that is to be performed during this appointment",
          "type": "group",
          "required": false,
          "repeats": true,
          "item": [
            {
              "extension": [
                {
                  "url": "http://hl7.org/fhir/StructureDefinition/questionnaire-itemControl",
                  "valueCodeableConcept": {
                    "coding": [
                      {
                        "system": "http://hl7.org/fhir/questionnaire-item-control",
                        "code": "flyover",
                        "display": "Fly-over"
                      }
                    ]
                  }
                }
              ],
              "text": "A broad categorization of the service that is to be performed during this appointment.",
              "type": "display"
            },
            {
              "linkId": "Appointment.serviceCategory.coding",
              "text": "code:",
              "type": "open-choice",
              "required": false,
              "repeats": false
            },
            {
              "linkId": "Appointment.serviceCategory.text",
              "text": "text:",
              "type": "string",
              "required": false,
              "repeats": false
            }
          ]
        },
        {
          "extension": [
            {
              "url": "http://hl7.org/fhir/StructureDefinition/questionnaire-fhirType",
              "valueString": "CodeableConcept"
            }
          ],
          "linkId": "Appointment.serviceType",
          "text": "The specific service that is to be performed during this appointment",
          "type": "group",
          "required": false,
          "repeats": true,
          "item": [
            {
              "extension": [
                {
                  "url": "http://hl7.org/fhir/StructureDefinition/questionnaire-itemControl",
                  "valueCodeableConcept": {
                    "coding": [
                      {
                        "system": "http://hl7.org/fhir/questionnaire-item-control",
                        "code": "flyover",
                        "display": "Fly-over"
                      }
                    ]
                  }
                }
              ],
              "text": "The specific service that is to be performed during this appointment. For a provider to provider appointment the code \"FOLLOWUP\" may be appropriate, as this is expected to be discussing some patient that was seen in the past.",
              "type": "display"
            },
            {
              "linkId": "Appointment.serviceType.coding",
              "text": "code:",
              "type": "open-choice",
              "required": false,
              "repeats": false
            },
            {
              "linkId": "Appointment.serviceType.text",
              "text": "text:",
              "type": "string",
              "required": false,
              "repeats": false
            }
          ]
        },
        {
          "extension": [
            {
              "url": "http://hl7.org/fhir/StructureDefinition/questionnaire-fhirType",
              "valueString": "CodeableConcept"
            }
          ],
          "linkId": "Appointment.specialty",
          "text": "The specialty of a practitioner that would be required to perform the service requested in this appointment",
          "type": "group",
          "required": false,
          "repeats": true,
          "item": [
            {
              "extension": [
                {
                  "url": "http://hl7.org/fhir/StructureDefinition/questionnaire-itemControl",
                  "valueCodeableConcept": {
                    "coding": [
                      {
                        "system": "http://hl7.org/fhir/questionnaire-item-control",
                        "code": "flyover",
                        "display": "Fly-over"
                      }
                    ]
                  }
                }
              ],
              "text": "The specialty of a practitioner that would be required to perform the service requested in this appointment.",
              "type": "display"
            },
            {
              "linkId": "Appointment.specialty.coding",
              "text": "code:",
              "type": "open-choice",
              "required": false,
              "repeats": false
            },
            {
              "linkId": "Appointment.specialty.text",
              "text": "text:",
              "type": "string",
              "required": false,
              "repeats": false
            }
          ]
        },
        {
          "extension": [
            {
              "url": "http://hl7.org/fhir/StructureDefinition/questionnaire-maxOccurs",
              "valueInteger": 1
            },
            {
              "url": "http://hl7.org/fhir/StructureDefinition/questionnaire-fhirType",
              "valueString": "CodeableConcept"
            }
          ],
          "linkId": "Appointment.appointmentType",
          "text": "The style of appointment or patient that has been booked in the slot (not service type)",
          "type": "group",
          "required": false,
          "repeats": true,
          "item": [
            {
              "extension": [
                {
                  "url": "http://hl7.org/fhir/StructureDefinition/questionnaire-itemControl",
                  "valueCodeableConcept": {
                    "coding": [
                      {
                        "system": "http://hl7.org/fhir/questionnaire-item-control",
                        "code": "flyover",
                        "display": "Fly-over"
                      }
                    ]
                  }
                }
              ],
              "text": "The style of appointment or patient that has been booked in the slot (not service type).",
              "type": "display"
            },
            {
              "linkId": "Appointment.appointmentType.coding",
              "text": "code:",
              "type": "open-choice",
              "required": false,
              "repeats": false
            },
            {
              "linkId": "Appointment.appointmentType.text",
              "text": "text:",
              "type": "string",
              "required": false,
              "repeats": false
            }
          ]
        },
        {
          "extension": [
            {
              "url": "http://hl7.org/fhir/StructureDefinition/questionnaire-fhirType",
              "valueString": "CodeableConcept"
            }
          ],
          "linkId": "Appointment.reasonCode",
          "text": "Coded reason this appointment is scheduled",
          "type": "group",
          "required": false,
          "repeats": true,
          "item": [
            {
              "extension": [
                {
                  "url": "http://hl7.org/fhir/StructureDefinition/questionnaire-itemControl",
                  "valueCodeableConcept": {
                    "coding": [
                      {
                        "system": "http://hl7.org/fhir/questionnaire-item-control",
                        "code": "flyover",
                        "display": "Fly-over"
                      }
                    ]
                  }
                }
              ],
              "text": "The coded reason that this appointment is being scheduled. This is more clinical than administrative.",
              "type": "display"
            },
            {
              "linkId": "Appointment.reasonCode.coding",
              "text": "code:",
              "type": "open-choice",
              "required": false,
              "repeats": false
            },
            {
              "linkId": "Appointment.reasonCode.text",
              "text": "text:",
              "type": "string",
              "required": false,
              "repeats": false
            }
          ]
        },
        {
          "extension": [
            {
              "url": "http://hl7.org/fhir/StructureDefinition/questionnaire-fhirType",
              "valueString": "Reference"
            }
          ],
          "linkId": "Appointment.reasonReference",
          "type": "group",
          "required": false,
          "repeats": true,
          "item": [
            {
              "extension": [
                {
                  "url": "http://hl7.org/fhir/StructureDefinition/questionnaire-itemControl",
                  "valueCodeableConcept": {
                    "coding": [
                      {
                        "system": "http://hl7.org/fhir/questionnaire-item-control",
                        "code": "flyover",
                        "display": "Fly-over"
                      }
                    ]
                  }
                }
              ],
              "text": "Reason the appointment has been scheduled to take place, as specified using information from another resource. When the patient arrives and the encounter begins it may be used as the admission diagnosis. The indication will typically be a Condition (with other resources referenced in the evidence.detail), or a Procedure.",
              "type": "display"
            },
            {
              "extension": [
                {
                  "url": "http://hl7.org/fhir/StructureDefinition/questionnaire-allowedResource",
                  "valueCode": "Condition, Procedure, Observation, ImmunizationRecommendation"
                },
                {
                  "url": "http://hl7.org/fhir/StructureDefinition/questionnaire-referenceFilter",
                  "valueString": "subject\u003d$subj\u0026patient\u003d$subj\u0026encounter\u003d$encounter"
                }
              ],
              "linkId": "Appointment.reasonReference.value",
              "text": "Reason the appointment is to take place (resource)",
              "type": "reference",
              "required": false,
              "repeats": false
            }
          ]
        },
        {
          "extension": [
            {
              "url": "http://hl7.org/fhir/StructureDefinition/questionnaire-maxOccurs",
              "valueInteger": 1
            },
            {
              "url": "http://hl7.org/fhir/StructureDefinition/questionnaire-fhirType",
              "valueString": "integer"
            }
          ],
          "linkId": "Appointment.priority",
          "type": "group",
          "required": false,
          "repeats": true,
          "item": [
            {
              "extension": [
                {
                  "url": "http://hl7.org/fhir/StructureDefinition/questionnaire-itemControl",
                  "valueCodeableConcept": {
                    "coding": [
                      {
                        "system": "http://hl7.org/fhir/questionnaire-item-control",
                        "code": "flyover",
                        "display": "Fly-over"
                      }
                    ]
                  }
                }
              ],
              "text": "The priority of the appointment. Can be used to make informed decisions if needing to re-prioritize appointments. (The iCal Standard specifies 0 as undefined, 1 as highest, 9 as lowest priority). Seeking implementer feedback on this property and how interoperable it is.\r\rUsing an extension to record a CodeableConcept for named values may be tested at a future connectathon.",
              "type": "display"
            },
            {
              "linkId": "Appointment.priority.value",
              "text": "Used to make informed decisions if needing to re-prioritize",
              "type": "integer",
              "required": false,
              "repeats": false
            }
          ]
        },
        {
          "extension": [
            {
              "url": "http://hl7.org/fhir/StructureDefinition/questionnaire-maxOccurs",
              "valueInteger": 1
            },
            {
              "url": "http://hl7.org/fhir/StructureDefinition/questionnaire-fhirType",
              "valueString": "string"
            }
          ],
          "linkId": "Appointment.description",
          "type": "group",
          "required": false,
          "repeats": true,
          "item": [
            {
              "extension": [
                {
                  "url": "http://hl7.org/fhir/StructureDefinition/questionnaire-itemControl",
                  "valueCodeableConcept": {
                    "coding": [
                      {
                        "system": "http://hl7.org/fhir/questionnaire-item-control",
                        "code": "flyover",
                        "display": "Fly-over"
                      }
                    ]
                  }
                }
              ],
              "text": "The brief description of the appointment as would be shown on a subject line in a meeting request, or appointment list. Detailed or expanded information should be put in the comment field.",
              "type": "display"
            },
            {
              "linkId": "Appointment.description.value",
              "text": "Shown on a subject line in a meeting request, or appointment list",
              "type": "string",
              "required": false,
              "repeats": false
            }
          ]
        },
        {
          "extension": [
            {
              "url": "http://hl7.org/fhir/StructureDefinition/questionnaire-fhirType",
              "valueString": "Reference"
            }
          ],
          "linkId": "Appointment.supportingInformation",
          "type": "group",
          "required": false,
          "repeats": true,
          "item": [
            {
              "extension": [
                {
                  "url": "http://hl7.org/fhir/StructureDefinition/questionnaire-itemControl",
                  "valueCodeableConcept": {
                    "coding": [
                      {
                        "system": "http://hl7.org/fhir/questionnaire-item-control",
                        "code": "flyover",
                        "display": "Fly-over"
                      }
                    ]
                  }
                }
              ],
              "text": "Additional information to support the appointment provided when making the appointment.",
              "type": "display"
            },
            {
              "extension": [
                {
                  "url": "http://hl7.org/fhir/StructureDefinition/questionnaire-allowedResource",
                  "valueCode": "Resource"
                },
                {
                  "url": "http://hl7.org/fhir/StructureDefinition/questionnaire-referenceFilter",
                  "valueString": "subject\u003d$subj\u0026patient\u003d$subj\u0026encounter\u003d$encounter"
                }
              ],
              "linkId": "Appointment.supportingInformation.value",
              "text": "Additional information to support the appointment",
              "type": "reference",
              "required": false,
              "repeats": false
            }
          ]
        },
        {
          "extension": [
            {
              "url": "http://hl7.org/fhir/StructureDefinition/questionnaire-maxOccurs",
              "valueInteger": 1
            },
            {
              "url": "http://hl7.org/fhir/StructureDefinition/questionnaire-fhirType",
              "valueString": "instant"
            }
          ],
          "linkId": "Appointment.start",
          "type": "group",
          "required": false,
          "repeats": true,
          "item": [
            {
              "extension": [
                {
                  "url": "http://hl7.org/fhir/StructureDefinition/questionnaire-itemControl",
                  "valueCodeableConcept": {
                    "coding": [
                      {
                        "system": "http://hl7.org/fhir/questionnaire-item-control",
                        "code": "flyover",
                        "display": "Fly-over"
                      }
                    ]
                  }
                }
              ],
              "text": "Date/Time that the appointment is to take place.",
              "type": "display"
            },
            {
              "linkId": "Appointment.start.value",
              "text": "When appointment is to take place",
              "type": "dateTime",
              "required": false,
              "repeats": false
            }
          ]
        },
        {
          "extension": [
            {
              "url": "http://hl7.org/fhir/StructureDefinition/questionnaire-maxOccurs",
              "valueInteger": 1
            },
            {
              "url": "http://hl7.org/fhir/StructureDefinition/questionnaire-fhirType",
              "valueString": "instant"
            }
          ],
          "linkId": "Appointment.end",
          "type": "group",
          "required": false,
          "repeats": true,
          "item": [
            {
              "extension": [
                {
                  "url": "http://hl7.org/fhir/StructureDefinition/questionnaire-itemControl",
                  "valueCodeableConcept": {
                    "coding": [
                      {
                        "system": "http://hl7.org/fhir/questionnaire-item-control",
                        "code": "flyover",
                        "display": "Fly-over"
                      }
                    ]
                  }
                }
              ],
              "text": "Date/Time that the appointment is to conclude.",
              "type": "display"
            },
            {
              "linkId": "Appointment.end.value",
              "text": "When appointment is to conclude",
              "type": "dateTime",
              "required": false,
              "repeats": false
            }
          ]
        },
        {
          "extension": [
            {
              "url": "http://hl7.org/fhir/StructureDefinition/questionnaire-maxOccurs",
              "valueInteger": 1
            },
            {
              "url": "http://hl7.org/fhir/StructureDefinition/questionnaire-fhirType",
              "valueString": "integer"
            }
          ],
          "linkId": "Appointment.minutesDuration",
          "type": "group",
          "required": false,
          "repeats": true,
          "item": [
            {
              "extension": [
                {
                  "url": "http://hl7.org/fhir/StructureDefinition/questionnaire-itemControl",
                  "valueCodeableConcept": {
                    "coding": [
                      {
                        "system": "http://hl7.org/fhir/questionnaire-item-control",
                        "code": "flyover",
                        "display": "Fly-over"
                      }
                    ]
                  }
                }
              ],
              "text": "Number of minutes that the appointment is to take. This can be less than the duration between the start and end times.  For example, where the actual time of appointment is only an estimate or if a 30 minute appointment is being requested, but any time would work.  Also, if there is, for example, a planned 15 minute break in the middle of a long appointment, the duration may be 15 minutes less than the difference between the start and end.",
              "type": "display"
            },
            {
              "linkId": "Appointment.minutesDuration.value",
              "text": "Can be less than start/end (e.g. estimate)",
              "type": "integer",
              "required": false,
              "repeats": false
            }
          ]
        },
        {
          "extension": [
            {
              "url": "http://hl7.org/fhir/StructureDefinition/questionnaire-fhirType",
              "valueString": "Reference"
            }
          ],
          "linkId": "Appointment.slot",
          "type": "group",
          "required": false,
          "repeats": true,
          "item": [
            {
              "extension": [
                {
                  "url": "http://hl7.org/fhir/StructureDefinition/questionnaire-itemControl",
                  "valueCodeableConcept": {
                    "coding": [
                      {
                        "system": "http://hl7.org/fhir/questionnaire-item-control",
                        "code": "flyover",
                        "display": "Fly-over"
                      }
                    ]
                  }
                }
              ],
              "text": "The slots from the participants\u0027 schedules that will be filled by the appointment.",
              "type": "display"
            },
            {
              "extension": [
                {
                  "url": "http://hl7.org/fhir/StructureDefinition/questionnaire-allowedResource",
                  "valueCode": "Slot"
                },
                {
                  "url": "http://hl7.org/fhir/StructureDefinition/questionnaire-referenceFilter",
                  "valueString": "subject\u003d$subj\u0026patient\u003d$subj\u0026encounter\u003d$encounter"
                }
              ],
              "linkId": "Appointment.slot.value",
              "text": "The slots that this appointment is filling",
              "type": "reference",
              "required": false,
              "repeats": false
            }
          ]
        },
        {
          "extension": [
            {
              "url": "http://hl7.org/fhir/StructureDefinition/questionnaire-maxOccurs",
              "valueInteger": 1
            },
            {
              "url": "http://hl7.org/fhir/StructureDefinition/questionnaire-fhirType",
              "valueString": "datetime"
            }
          ],
          "linkId": "Appointment.created",
          "type": "group",
          "required": false,
          "repeats": true,
          "item": [
            {
              "extension": [
                {
                  "url": "http://hl7.org/fhir/StructureDefinition/questionnaire-itemControl",
                  "valueCodeableConcept": {
                    "coding": [
                      {
                        "system": "http://hl7.org/fhir/questionnaire-item-control",
                        "code": "flyover",
                        "display": "Fly-over"
                      }
                    ]
                  }
                }
              ],
              "text": "The date that this appointment was initially created. This could be different to the meta.lastModified value on the initial entry, as this could have been before the resource was created on the FHIR server, and should remain unchanged over the lifespan of the appointment. This property is required for many use cases where the age of an appointment is considered in processing workflows for scheduling and billing of appointments.",
              "type": "display"
            },
            {
              "linkId": "Appointment.created.value",
              "text": "The date that this appointment was initially created",
              "type": "dateTime",
              "required": false,
              "repeats": false
            }
          ]
        },
        {
          "extension": [
            {
              "url": "http://hl7.org/fhir/StructureDefinition/questionnaire-maxOccurs",
              "valueInteger": 1
            },
            {
              "url": "http://hl7.org/fhir/StructureDefinition/questionnaire-fhirType",
              "valueString": "string"
            }
          ],
          "linkId": "Appointment.comment",
          "type": "group",
          "required": false,
          "repeats": true,
          "item": [
            {
              "extension": [
                {
                  "url": "http://hl7.org/fhir/StructureDefinition/questionnaire-itemControl",
                  "valueCodeableConcept": {
                    "coding": [
                      {
                        "system": "http://hl7.org/fhir/questionnaire-item-control",
                        "code": "flyover",
                        "display": "Fly-over"
                      }
                    ]
                  }
                }
              ],
              "text": "Additional comments about the appointment. Additional text to aid in facilitating the appointment. For instance, a comment might be, \"patient should proceed immediately to infusion room upon arrival\"\r\rWhere this is a planned appointment and the start/end dates are not set then this field can be used to provide additional guidance on the details of the appointment request, including any restrictions on when to book it.",
              "type": "display"
            },
            {
              "linkId": "Appointment.comment.value",
              "text": "Additional comments",
              "type": "string",
              "required": false,
              "repeats": false
            }
          ]
        },
        {
          "extension": [
            {
              "url": "http://hl7.org/fhir/StructureDefinition/questionnaire-maxOccurs",
              "valueInteger": 1
            },
            {
              "url": "http://hl7.org/fhir/StructureDefinition/questionnaire-fhirType",
              "valueString": "string"
            }
          ],
          "linkId": "Appointment.patientInstruction",
          "type": "group",
          "required": false,
          "repeats": true,
          "item": [
            {
              "extension": [
                {
                  "url": "http://hl7.org/fhir/StructureDefinition/questionnaire-itemControl",
                  "valueCodeableConcept": {
                    "coding": [
                      {
                        "system": "http://hl7.org/fhir/questionnaire-item-control",
                        "code": "flyover",
                        "display": "Fly-over"
                      }
                    ]
                  }
                }
              ],
              "text": "While Appointment.comment contains information for internal use, Appointment.patientInstructions is used to capture patient facing information about the Appointment (e.g. please bring your referral or fast from 8pm night before).",
              "type": "display"
            },
            {
              "linkId": "Appointment.patientInstruction.value",
              "text": "Detailed information and instructions for the patient",
              "type": "string",
              "required": false,
              "repeats": false
            }
          ]
        },
        {
          "extension": [
            {
              "url": "http://hl7.org/fhir/StructureDefinition/questionnaire-fhirType",
              "valueString": "Reference"
            }
          ],
          "linkId": "Appointment.basedOn",
          "type": "group",
          "required": false,
          "repeats": true,
          "item": [
            {
              "extension": [
                {
                  "url": "http://hl7.org/fhir/StructureDefinition/questionnaire-itemControl",
                  "valueCodeableConcept": {
                    "coding": [
                      {
                        "system": "http://hl7.org/fhir/questionnaire-item-control",
                        "code": "flyover",
                        "display": "Fly-over"
                      }
                    ]
                  }
                }
              ],
              "text": "The service request this appointment is allocated to assess (e.g. incoming referral or procedure request).",
              "type": "display"
            },
            {
              "extension": [
                {
                  "url": "http://hl7.org/fhir/StructureDefinition/questionnaire-allowedResource",
                  "valueCode": "ServiceRequest"
                },
                {
                  "url": "http://hl7.org/fhir/StructureDefinition/questionnaire-referenceFilter",
                  "valueString": "subject\u003d$subj\u0026patient\u003d$subj\u0026encounter\u003d$encounter"
                }
              ],
              "linkId": "Appointment.basedOn.value",
              "text": "The service request this appointment is allocated to assess",
              "type": "reference",
              "required": false,
              "repeats": false
            }
          ]
        },
        {
          "extension": [
            {
              "url": "http://hl7.org/fhir/StructureDefinition/questionnaire-minOccurs",
              "valueInteger": 1
            }
          ],
          "linkId": "Appointment.participant",
          "text": "Participants involved in appointment",
          "type": "group",
          "required": true,
          "repeats": true,
          "item": [
            {
              "extension": [
                {
                  "url": "http://hl7.org/fhir/StructureDefinition/questionnaire-itemControl",
                  "valueCodeableConcept": {
                    "coding": [
                      {
                        "system": "http://hl7.org/fhir/questionnaire-item-control",
                        "code": "flyover",
                        "display": "Fly-over"
                      }
                    ]
                  }
                }
              ],
              "text": "List of participants involved in the appointment.",
              "type": "display"
            },
            {
              "extension": [
                {
                  "url": "http://hl7.org/fhir/StructureDefinition/questionnaire-maxOccurs",
                  "valueInteger": 1
                },
                {
                  "url": "http://hl7.org/fhir/StructureDefinition/questionnaire-fhirType",
                  "valueString": "string"
                }
              ],
              "linkId": "Appointment.participant.id",
              "type": "group",
              "required": false,
              "repeats": true,
              "item": [
                {
                  "extension": [
                    {
                      "url": "http://hl7.org/fhir/StructureDefinition/questionnaire-itemControl",
                      "valueCodeableConcept": {
                        "coding": [
                          {
                            "system": "http://hl7.org/fhir/questionnaire-item-control",
                            "code": "flyover",
                            "display": "Fly-over"
                          }
                        ]
                      }
                    }
                  ],
                  "text": "Unique id for the element within a resource (for internal references). This may be any string value that does not contain spaces.",
                  "type": "display"
                },
                {
                  "linkId": "Appointment.participant.id.value",
                  "text": "Unique id for inter-element referencing",
                  "type": "string",
                  "required": false,
                  "repeats": false
                }
              ]
            },
            {
              "linkId": "Appointment.participant.extension",
              "text": "Additional content defined by implementations",
              "type": "group",
              "required": false,
              "repeats": true,
              "item": [
                {
                  "extension": [
                    {
                      "url": "http://hl7.org/fhir/StructureDefinition/questionnaire-itemControl",
                      "valueCodeableConcept": {
                        "coding": [
                          {
                            "system": "http://hl7.org/fhir/questionnaire-item-control",
                            "code": "flyover",
                            "display": "Fly-over"
                          }
                        ]
                      }
                    }
                  ],
                  "text": "May be used to represent additional information that is not part of the basic definition of the element. To make the use of extensions safe and manageable, there is a strict set of governance  applied to the definition and use of extensions. Though any implementer can define an extension, there is a set of requirements that SHALL be met as part of the definition of the extension. There can be no stigma associated with the use of extensions by any application, project, or standard - regardless of the institution or jurisdiction that uses or defines the extensions.  The use of extensions is what allows the FHIR specification to retain a core level of simplicity for everyone.",
                  "type": "display"
                }
              ]
            },
            {
              "linkId": "Appointment.participant.modifierExtension",
              "text": "Extensions that cannot be ignored even if unrecognized",
              "type": "group",
              "required": false,
              "repeats": true,
              "item": [
                {
                  "extension": [
                    {
                      "url": "http://hl7.org/fhir/StructureDefinition/questionnaire-itemControl",
                      "valueCodeableConcept": {
                        "coding": [
                          {
                            "system": "http://hl7.org/fhir/questionnaire-item-control",
                            "code": "flyover",
                            "display": "Fly-over"
                          }
                        ]
                      }
                    }
                  ],
                  "text": "May be used to represent additional information that is not part of the basic definition of the element and that modifies the understanding of the element in which it is contained and/or the understanding of the containing element\u0027s descendants. Usually modifier elements provide negation or qualification. To make the use of extensions safe and manageable, there is a strict set of governance applied to the definition and use of extensions. Though any implementer can define an extension, there is a set of requirements that SHALL be met as part of the definition of the extension. Applications processing a resource are required to check for modifier extensions.\n\nModifier extensions SHALL NOT change the meaning of any elements on Resource or DomainResource (including cannot change the meaning of modifierExtension itself). There can be no stigma associated with the use of extensions by any application, project, or standard - regardless of the institution or jurisdiction that uses or defines the extensions.  The use of extensions is what allows the FHIR specification to retain a core level of simplicity for everyone.",
                  "type": "display"
                }
              ]
            },
            {
              "extension": [
                {
                  "url": "http://hl7.org/fhir/StructureDefinition/questionnaire-fhirType",
                  "valueString": "CodeableConcept"
                }
              ],
              "linkId": "Appointment.participant.type",
              "text": "Role of participant in the appointment",
              "type": "group",
              "required": false,
              "repeats": true,
              "item": [
                {
                  "extension": [
                    {
                      "url": "http://hl7.org/fhir/StructureDefinition/questionnaire-itemControl",
                      "valueCodeableConcept": {
                        "coding": [
                          {
                            "system": "http://hl7.org/fhir/questionnaire-item-control",
                            "code": "flyover",
                            "display": "Fly-over"
                          }
                        ]
                      }
                    }
                  ],
                  "text": "Role of participant in the appointment. The role of the participant can be used to declare what the actor will be doing in the scope of this appointment.\r\rIf the actor is not specified, then it is expected that the actor will be filled in at a later stage of planning.\r\rThis value SHALL be the same when creating an AppointmentResponse so that they can be matched, and subsequently update the Appointment.",
                  "type": "display"
                },
                {
                  "linkId": "Appointment.participant.type.coding",
                  "text": "code:",
                  "type": "open-choice",
                  "required": false,
                  "repeats": false
                },
                {
                  "linkId": "Appointment.participant.type.text",
                  "text": "text:",
                  "type": "string",
                  "required": false,
                  "repeats": false
                }
              ]
            },
            {
              "extension": [
                {
                  "url": "http://hl7.org/fhir/StructureDefinition/questionnaire-maxOccurs",
                  "valueInteger": 1
                },
                {
                  "url": "http://hl7.org/fhir/StructureDefinition/questionnaire-fhirType",
                  "valueString": "Reference"
                }
              ],
              "linkId": "Appointment.participant.actor",
              "type": "group",
              "required": false,
              "repeats": true,
              "item": [
                {
                  "extension": [
                    {
                      "url": "http://hl7.org/fhir/StructureDefinition/questionnaire-itemControl",
                      "valueCodeableConcept": {
                        "coding": [
                          {
                            "system": "http://hl7.org/fhir/questionnaire-item-control",
                            "code": "flyover",
                            "display": "Fly-over"
                          }
                        ]
                      }
                    }
                  ],
                  "text": "A Person, Location/HealthcareService or Device that is participating in the appointment.",
                  "type": "display"
                },
                {
                  "extension": [
                    {
                      "url": "http://hl7.org/fhir/StructureDefinition/questionnaire-allowedResource",
                      "valueCode": "Patient, Practitioner, PractitionerRole, RelatedPerson, Device, HealthcareService, Location"
                    },
                    {
                      "url": "http://hl7.org/fhir/StructureDefinition/questionnaire-referenceFilter",
                      "valueString": "subject\u003d$subj\u0026patient\u003d$subj\u0026encounter\u003d$encounter"
                    }
                  ],
                  "linkId": "Appointment.participant.actor.value",
                  "text": "Person, Location/HealthcareService or Device",
                  "type": "reference",
                  "required": false,
                  "repeats": false
                }
              ]
            },
            {
              "extension": [
                {
                  "url": "http://hl7.org/fhir/StructureDefinition/questionnaire-maxOccurs",
                  "valueInteger": 1
                },
                {
                  "url": "http://hl7.org/fhir/StructureDefinition/questionnaire-fhirType",
                  "valueString": "code"
                }
              ],
              "linkId": "Appointment.participant.required",
              "type": "group",
              "required": false,
              "repeats": true,
              "item": [
                {
                  "extension": [
                    {
                      "url": "http://hl7.org/fhir/StructureDefinition/questionnaire-itemControl",
                      "valueCodeableConcept": {
                        "coding": [
                          {
                            "system": "http://hl7.org/fhir/questionnaire-item-control",
                            "code": "flyover",
                            "display": "Fly-over"
                          }
                        ]
                      }
                    }
                  ],
                  "text": "Whether this participant is required to be present at the meeting. This covers a use-case where two doctors need to meet to discuss the results for a specific patient, and the patient is not required to be present.",
                  "type": "display"
                },
                {
                  "linkId": "Appointment.participant.required.value",
                  "text": "required",
                  "type": "choice",
                  "required": false,
                  "repeats": false
                }
              ]
            },
            {
              "extension": [
                {
                  "url": "http://hl7.org/fhir/StructureDefinition/questionnaire-minOccurs",
                  "valueInteger": 1
                },
                {
                  "url": "http://hl7.org/fhir/StructureDefinition/questionnaire-maxOccurs",
                  "valueInteger": 1
                },
                {
                  "url": "http://hl7.org/fhir/StructureDefinition/questionnaire-fhirType",
                  "valueString": "code"
                }
              ],
              "linkId": "Appointment.participant.status",
              "type": "group",
              "required": true,
              "repeats": true,
              "item": [
                {
                  "extension": [
                    {
                      "url": "http://hl7.org/fhir/StructureDefinition/questionnaire-itemControl",
                      "valueCodeableConcept": {
                        "coding": [
                          {
                            "system": "http://hl7.org/fhir/questionnaire-item-control",
                            "code": "flyover",
                            "display": "Fly-over"
                          }
                        ]
                      }
                    }
                  ],
                  "text": "Participation status of the actor.",
                  "type": "display"
                },
                {
                  "linkId": "Appointment.participant.status.value",
                  "text": "status",
                  "type": "choice",
                  "required": false,
                  "repeats": false
                }
              ]
            },
            {
              "extension": [
                {
                  "url": "http://hl7.org/fhir/StructureDefinition/questionnaire-maxOccurs",
                  "valueInteger": 1
                },
                {
                  "url": "http://hl7.org/fhir/StructureDefinition/questionnaire-fhirType",
                  "valueString": "Period"
                }
              ],
              "linkId": "Appointment.participant.period",
              "text": "Participation period of the actor",
              "type": "group",
              "required": false,
              "repeats": true,
              "item": [
                {
                  "extension": [
                    {
                      "url": "http://hl7.org/fhir/StructureDefinition/questionnaire-itemControl",
                      "valueCodeableConcept": {
                        "coding": [
                          {
                            "system": "http://hl7.org/fhir/questionnaire-item-control",
                            "code": "flyover",
                            "display": "Fly-over"
                          }
                        ]
                      }
                    }
                  ],
                  "text": "Participation period of the actor.",
                  "type": "display"
                },
                {
                  "linkId": "Appointment.participant.period.low",
                  "text": "start:",
                  "type": "dateTime",
                  "required": false,
                  "repeats": false
                },
                {
                  "linkId": "Appointment.participant.period.end",
                  "text": "end:",
                  "type": "dateTime",
                  "required": false,
                  "repeats": false
                }
              ]
            }
          ]
        },
        {
          "extension": [
            {
              "url": "http://hl7.org/fhir/StructureDefinition/questionnaire-fhirType",
              "valueString": "Period"
            }
          ],
          "linkId": "Appointment.requestedPeriod",
          "text": "Potential date/time interval(s) requested to allocate the appointment within",
          "type": "group",
          "required": false,
          "repeats": true,
          "item": [
            {
              "extension": [
                {
                  "url": "http://hl7.org/fhir/StructureDefinition/questionnaire-itemControl",
                  "valueCodeableConcept": {
                    "coding": [
                      {
                        "system": "http://hl7.org/fhir/questionnaire-item-control",
                        "code": "flyover",
                        "display": "Fly-over"
                      }
                    ]
                  }
                }
              ],
              "text": "A set of date ranges (potentially including times) that the appointment is preferred to be scheduled within.\n\nThe duration (usually in minutes) could also be provided to indicate the length of the appointment to fill and populate the start/end times for the actual allocated time. However, in other situations the duration may be calculated by the scheduling system. This does not introduce a capacity for recurring appointments.",
              "type": "display"
            },
            {
              "linkId": "Appointment.requestedPeriod.low",
              "text": "start:",
              "type": "dateTime",
              "required": false,
              "repeats": false
            },
            {
              "linkId": "Appointment.requestedPeriod.end",
              "text": "end:",
              "type": "dateTime",
              "required": false,
              "repeats": false
            }
          ]
        }
      ]
    }
  ],
  "meta": {
    "tag": [
      {
        "system": "http://terminology.hl7.org/CodeSystem/v3-ActReason",
        "code": "HTEST",
        "display": "test health data"
      }
    ]
  }
}