{
  "resourceType": "StructureDefinition",
  "id": "cdshooksrequestgroup",
  "text": {
    "status": "generated",
    "div": "\u003cdiv xmlns\u003d\"http://www.w3.org/1999/xhtml\"\u003eto do\u003c/div\u003e"
  },
  "extension": [
    {
      "url": "http://hl7.org/fhir/StructureDefinition/structuredefinition-fmm",
      "valueInteger": 2
    },
    {
      "url": "http://hl7.org/fhir/StructureDefinition/structuredefinition-wg",
      "valueCode": "cds"
    },
    {
      "url": "http://hl7.org/fhir/StructureDefinition/structuredefinition-standards-status",
      "valueCode": "trial-use"
    }
  ],
  "url": "http://hl7.org/fhir/StructureDefinition/cdshooksrequestgroup",
  "version": "4.0.0",
  "name": "CDS Hooks RequestGroup",
  "status": "draft",
  "experimental": false,
  "date": "2018-12-27T22:37:54+11:00",
  "publisher": "HL7",
  "description": "Defines a RequestGroup that can represent a CDS Hooks response",
  "fhirVersion": "4.0.0",
  "mapping": [
    {
      "identity": "workflow",
      "uri": "http://hl7.org/fhir/workflow",
      "name": "Workflow Pattern"
    },
    {
      "identity": "w5",
      "uri": "http://hl7.org/fhir/fivews",
      "name": "FiveWs Pattern Mapping"
    },
    {
      "identity": "rim",
      "uri": "http://hl7.org/v3",
      "name": "RIM Mapping"
    }
  ],
  "kind": "resource",
  "abstract": false,
  "type": "RequestGroup",
  "baseDefinition": "http://hl7.org/fhir/StructureDefinition/RequestGroup",
  "derivation": "constraint",
  "snapshot": {
    "element": [
      {
        "id": "RequestGroup",
        "path": "RequestGroup",
        "short": "A group of related requests",
        "definition": "A group of related requests that can be used to capture intended activities that have inter-dependencies such as \"give this medication after that one\".",
        "min": 1,
        "max": "1",
        "base": {
          "path": "RequestGroup",
          "min": 0,
          "max": "*"
        },
        "constraint": [
          {
            "key": "dom-2",
            "severity": "error",
            "human": "If the resource is contained in another resource, it SHALL NOT contain nested Resources",
            "expression": "contained.contained.empty()",
            "xpath": "not(parent::f:contained and f:contained)",
            "source": "DomainResource"
          },
          {
            "key": "dom-4",
            "severity": "error",
            "human": "If a resource is contained in another resource, it SHALL NOT have a meta.versionId or a meta.lastUpdated",
            "expression": "contained.meta.versionId.empty() and contained.meta.lastUpdated.empty()",
            "xpath": "not(exists(f:contained/*/f:meta/f:versionId)) and not(exists(f:contained/*/f:meta/f:lastUpdated))",
            "source": "DomainResource"
          },
          {
            "key": "dom-3",
            "severity": "error",
            "human": "If the resource is contained in another resource, it SHALL be referred to from elsewhere in the resource or SHALL refer to the containing resource",
            "expression": "contained.where(((\u0027#\u0027+id in (%resource.descendants().reference | %resource.descendants().as(canonical) | %resource.descendants().as(uri) | %resource.descendants().as(url))) or descendants().where(reference \u003d \u0027#\u0027).exists() or descendants().where(as(canonical) \u003d \u0027#\u0027).exists() or descendants().where(as(canonical) \u003d \u0027#\u0027).exists()).not()).trace(\u0027unmatched\u0027, id).empty()",
            "xpath": "not(exists(for $contained in f:contained return $contained[not(parent::*/descendant::f:reference/@value\u003dconcat(\u0027#\u0027, $contained/*/id/@value) or descendant::f:reference[@value\u003d\u0027#\u0027])]))",
            "source": "DomainResource"
          },
          {
            "extension": [
              {
                "url": "http://hl7.org/fhir/StructureDefinition/elementdefinition-bestpractice",
                "valueBoolean": true
              },
              {
                "url": "http://hl7.org/fhir/StructureDefinition/elementdefinition-bestpractice-explanation",
                "valueMarkdown": "When a resource has no narrative, only systems that fully understand the data can display the resource to a human safely. Including a human readable representation in the resource makes for a much more robust eco-system and cheaper handling of resources by intermediary systems. Some ecosystems restrict distribution of resources to only those systems that do fully understand the resources, and as a consequence implementers may believe that the narrative is superfluous. However experience shows that such eco-systems often open up to new participants over time."
              }
            ],
            "key": "dom-6",
            "severity": "warning",
            "human": "A resource should have narrative for robust management",
            "expression": "text.div.exists()",
            "xpath": "exists(f:text/h:div)",
            "source": "DomainResource"
          },
          {
            "key": "dom-5",
            "severity": "error",
            "human": "If a resource is contained in another resource, it SHALL NOT have a security label",
            "expression": "contained.meta.security.empty()",
            "xpath": "not(exists(f:contained/*/f:meta/f:security))",
            "source": "DomainResource"
          }
        ],
        "isModifier": false,
        "isSummary": false,
        "mapping": [
          {
            "identity": "rim",
            "map": "Entity. Role, or Act"
          },
          {
            "identity": "workflow",
            "map": "Request"
          }
        ]
      },
      {
        "id": "RequestGroup.id",
        "path": "RequestGroup.id",
        "short": "Logical id of this artifact",
        "definition": "The logical id of the resource, as used in the URL for the resource. Once assigned, this value never changes.",
        "comment": "The only time that a resource does not have an id is when it is being submitted to the server using a create operation.",
        "min": 0,
        "max": "1",
        "base": {
          "path": "Resource.id",
          "min": 0,
          "max": "1"
        },
        "type": [
          {
            "code": "id"
          }
        ],
        "isModifier": false,
        "isSummary": true
      },
      {
        "id": "RequestGroup.meta",
        "path": "RequestGroup.meta",
        "short": "Metadata about the resource",
        "definition": "The metadata about the resource. This is content that is maintained by the infrastructure. Changes to the content might not always be associated with version changes to the resource.",
        "min": 0,
        "max": "1",
        "base": {
          "path": "Resource.meta",
          "min": 0,
          "max": "1"
        },
        "type": [
          {
            "code": "Meta"
          }
        ],
        "isModifier": false,
        "isSummary": true
      },
      {
        "id": "RequestGroup.implicitRules",
        "path": "RequestGroup.implicitRules",
        "short": "A set of rules under which this content was created",
        "definition": "A reference to a set of rules that were followed when the resource was constructed, and which must be understood when processing the content. Often, this is a reference to an implementation guide that defines the special rules along with other profiles etc.",
        "comment": "Asserting this rule set restricts the content to be only understood by a limited set of trading partners. This inherently limits the usefulness of the data in the long term. However, the existing health eco-system is highly fractured, and not yet ready to define, collect, and exchange data in a generally computable sense. Wherever possible, implementers and/or specification writers should avoid using this element. Often, when used, the URL is a reference to an implementation guide that defines these special rules as part of it\u0027s narrative along with other profiles, value sets, etc.",
        "min": 0,
        "max": "1",
        "base": {
          "path": "Resource.implicitRules",
          "min": 0,
          "max": "1"
        },
        "type": [
          {
            "code": "uri"
          }
        ],
        "isModifier": true,
        "isModifierReason": "This element is labeled as a modifier because the implicit rules may provide additional knowledge about the resource that modifies it\u0027s meaning or interpretation",
        "isSummary": true
      },
      {
        "id": "RequestGroup.language",
        "path": "RequestGroup.language",
        "short": "Language of the resource content",
        "definition": "The base language in which the resource is written.",
        "comment": "Language is provided to support indexing and accessibility (typically, services such as text to speech use the language tag). The html language tag in the narrative applies  to the narrative. The language tag on the resource may be used to specify the language of other presentations generated from the data in the resource. Not all the content has to be in the base language. The Resource.language should not be assumed to apply to the narrative automatically. If a language is specified, it should it also be specified on the div element in the html (see rules in HTML5 for information about the relationship between xml:lang and the html lang attribute).",
        "min": 0,
        "max": "1",
        "base": {
          "path": "Resource.language",
          "min": 0,
          "max": "1"
        },
        "type": [
          {
            "code": "code"
          }
        ],
        "isModifier": false,
        "isSummary": false,
        "binding": {
          "extension": [
            {
              "url": "http://hl7.org/fhir/StructureDefinition/elementdefinition-maxValueSet",
              "valueCanonical": "http://hl7.org/fhir/ValueSet/all-languages"
            },
            {
              "url": "http://hl7.org/fhir/StructureDefinition/elementdefinition-bindingName",
              "valueString": "Language"
            },
            {
              "url": "http://hl7.org/fhir/StructureDefinition/elementdefinition-isCommonBinding",
              "valueBoolean": true
            }
          ],
          "strength": "preferred",
          "description": "A human language.",
          "valueSet": "http://hl7.org/fhir/ValueSet/languages"
        }
      },
      {
        "id": "RequestGroup.text",
        "path": "RequestGroup.text",
        "short": "Text summary of the resource, for human interpretation",
        "definition": "A human-readable narrative that contains a summary of the resource and can be used to represent the content of the resource to a human. The narrative need not encode all the structured data, but is required to contain sufficient detail to make it \"clinically safe\" for a human to just read the narrative. Resource definitions may define what content should be represented in the narrative to ensure clinical safety.",
        "comment": "Contained resources do not have narrative. Resources that are not contained SHOULD have a narrative. In some cases, a resource may only have text with little or no additional discrete data (as long as all minOccurs\u003d1 elements are satisfied).  This may be necessary for data from legacy systems where information is captured as a \"text blob\" or where text is additionally entered raw or narrated and encoded information is added later.",
        "alias": [
          "narrative",
          "html",
          "xhtml",
          "display"
        ],
        "min": 0,
        "max": "1",
        "base": {
          "path": "DomainResource.text",
          "min": 0,
          "max": "1"
        },
        "type": [
          {
            "code": "Narrative"
          }
        ],
        "isModifier": false,
        "isSummary": false,
        "mapping": [
          {
            "identity": "rim",
            "map": "Act.text?"
          }
        ]
      },
      {
        "id": "RequestGroup.contained",
        "path": "RequestGroup.contained",
        "short": "Contained, inline Resources",
        "definition": "These resources do not have an independent existence apart from the resource that contains them - they cannot be identified independently, and nor can they have their own independent transaction scope.",
        "comment": "This should never be done when the content can be identified properly, as once identification is lost, it is extremely difficult (and context dependent) to restore it again. Contained resources may have profiles and tags In their meta elements, but SHALL NOT have security labels.",
        "alias": [
          "inline resources",
          "anonymous resources",
          "contained resources"
        ],
        "min": 0,
        "max": "*",
        "base": {
          "path": "DomainResource.contained",
          "min": 0,
          "max": "*"
        },
        "type": [
          {
            "code": "Resource"
          }
        ],
        "isModifier": false,
        "isSummary": false,
        "mapping": [
          {
            "identity": "rim",
            "map": "N/A"
          }
        ]
      },
      {
        "id": "RequestGroup.extension",
        "path": "RequestGroup.extension",
        "short": "Additional content defined by implementations",
        "definition": "May be used to represent additional information that is not part of the basic definition of the resource. To make the use of extensions safe and manageable, there is a strict set of governance  applied to the definition and use of extensions. Though any implementer can define an extension, there is a set of requirements that SHALL be met as part of the definition of the extension.",
        "comment": "There can be no stigma associated with the use of extensions by any application, project, or standard - regardless of the institution or jurisdiction that uses or defines the extensions.  The use of extensions is what allows the FHIR specification to retain a core level of simplicity for everyone.",
        "alias": [
          "extensions",
          "user content"
        ],
        "min": 0,
        "max": "*",
        "base": {
          "path": "DomainResource.extension",
          "min": 0,
          "max": "*"
        },
        "type": [
          {
            "code": "Extension"
          }
        ],
        "isModifier": false,
        "isSummary": false,
        "mapping": [
          {
            "identity": "rim",
            "map": "N/A"
          }
        ]
      },
      {
        "id": "RequestGroup.modifierExtension",
        "path": "RequestGroup.modifierExtension",
        "short": "Extensions that cannot be ignored",
        "definition": "May be used to represent additional information that is not part of the basic definition of the resource and that modifies the understanding of the element that contains it and/or the understanding of the containing element\u0027s descendants. Usually modifier elements provide negation or qualification. To make the use of extensions safe and manageable, there is a strict set of governance applied to the definition and use of extensions. Though any implementer is allowed to define an extension, there is a set of requirements that SHALL be met as part of the definition of the extension. Applications processing a resource are required to check for modifier extensions.\n\nModifier extensions SHALL NOT change the meaning of any elements on Resource or DomainResource (including cannot change the meaning of modifierExtension itself).",
        "comment": "There can be no stigma associated with the use of extensions by any application, project, or standard - regardless of the institution or jurisdiction that uses or defines the extensions.  The use of extensions is what allows the FHIR specification to retain a core level of simplicity for everyone.",
        "requirements": "Modifier extensions allow for extensions that *cannot* be safely ignored to be clearly distinguished from the vast majority of extensions which can be safely ignored.  This promotes interoperability by eliminating the need for implementers to prohibit the presence of extensions. For further information, see the [definition of modifier extensions](extensibility.html#modifierExtension).",
        "alias": [
          "extensions",
          "user content"
        ],
        "min": 0,
        "max": "*",
        "base": {
          "path": "DomainResource.modifierExtension",
          "min": 0,
          "max": "*"
        },
        "type": [
          {
            "code": "Extension"
          }
        ],
        "isModifier": true,
        "isModifierReason": "Modifier extensions are expected to modify the meaning or interpretation of the resource that contains them",
        "isSummary": false,
        "mapping": [
          {
            "identity": "rim",
            "map": "N/A"
          }
        ]
      },
      {
        "id": "RequestGroup.identifier",
        "path": "RequestGroup.identifier",
        "short": "Business identifier",
        "definition": "Allows a service to provide a unique, business identifier for the request.",
        "requirements": "Allows identification of the request as it is known by various participating systems and in a way that remains consistent across servers.",
        "min": 1,
        "max": "1",
        "base": {
          "path": "RequestGroup.identifier",
          "min": 0,
          "max": "*"
        },
        "type": [
          {
            "code": "Identifier"
          }
        ],
        "isModifier": false,
        "isSummary": true,
        "mapping": [
          {
            "identity": "workflow",
            "map": "Request.identifier"
          },
          {
            "identity": "w5",
            "map": "FiveWs.identifier"
          }
        ]
      },
      {
        "id": "RequestGroup.instantiatesCanonical",
        "path": "RequestGroup.instantiatesCanonical",
        "short": "Instantiates FHIR protocol or definition",
        "definition": "A canonical URL referencing a FHIR-defined protocol, guideline, orderset or other definition that is adhered to in whole or in part by this request.",
        "min": 0,
        "max": "*",
        "base": {
          "path": "RequestGroup.instantiatesCanonical",
          "min": 0,
          "max": "*"
        },
        "type": [
          {
            "code": "canonical"
          }
        ],
        "isModifier": false,
        "isSummary": true,
        "mapping": [
          {
            "identity": "workflow",
            "map": "Request.instantiatesCanonical"
          }
        ]
      },
      {
        "id": "RequestGroup.instantiatesUri",
        "path": "RequestGroup.instantiatesUri",
        "short": "Instantiates external protocol or definition",
        "definition": "A URL referencing an externally defined protocol, guideline, orderset or other definition that is adhered to in whole or in part by this request.",
        "min": 1,
        "max": "1",
        "base": {
          "path": "RequestGroup.instantiatesUri",
          "min": 0,
          "max": "*"
        },
        "type": [
          {
            "code": "uri"
          }
        ],
        "isModifier": false,
        "isSummary": true,
        "mapping": [
          {
            "identity": "workflow",
            "map": "Request.instantiatesUri"
          }
        ]
      },
      {
        "id": "RequestGroup.basedOn",
        "path": "RequestGroup.basedOn",
        "short": "Fulfills plan, proposal, or order",
        "definition": "A plan, proposal or order that is fulfilled in whole or in part by this request.",
        "requirements": "Allows tracing of authorization for the request and tracking whether proposals/recommendations were acted upon.",
        "alias": [
          "fulfills"
        ],
        "min": 0,
        "max": "*",
        "base": {
          "path": "RequestGroup.basedOn",
          "min": 0,
          "max": "*"
        },
        "type": [
          {
            "code": "Reference",
            "targetProfile": [
              "http://hl7.org/fhir/StructureDefinition/Resource"
            ]
          }
        ],
        "isModifier": false,
        "isSummary": false,
        "mapping": [
          {
            "identity": "workflow",
            "map": "Request.basedOn"
          }
        ]
      },
      {
        "id": "RequestGroup.replaces",
        "path": "RequestGroup.replaces",
        "short": "Request(s) replaced by this request",
        "definition": "Completed or terminated request(s) whose function is taken by this new request.",
        "comment": "The replacement could be because the initial request was immediately rejected (due to an issue) or because the previous request was completed, but the need for the action described by the request remains ongoing.",
        "requirements": "Allows tracing the continuation of a therapy or administrative process instantiated through multiple requests.",
        "alias": [
          "supersedes",
          "prior",
          "renewed order"
        ],
        "min": 0,
        "max": "*",
        "base": {
          "path": "RequestGroup.replaces",
          "min": 0,
          "max": "*"
        },
        "type": [
          {
            "code": "Reference",
            "targetProfile": [
              "http://hl7.org/fhir/StructureDefinition/Resource"
            ]
          }
        ],
        "isModifier": false,
        "isSummary": false,
        "mapping": [
          {
            "identity": "workflow",
            "map": "Request.replaces"
          }
        ]
      },
      {
        "id": "RequestGroup.groupIdentifier",
        "path": "RequestGroup.groupIdentifier",
        "short": "Composite request this is part of",
        "definition": "A shared identifier common to all requests that were authorized more or less simultaneously by a single author, representing the identifier of the requisition, prescription or similar form.",
        "comment": "Requests are linked either by a \"basedOn\" relationship (i.e. one request is fulfilling another) or by having a common requisition.  Requests that are part of the same requisition are generally treated independently from the perspective of changing their state or maintaining them after initial creation.",
        "requirements": "Some business processes need to know if multiple items were ordered as part of the same \"prescription\" or \"requisition\" for billing or other purposes.",
        "alias": [
          "grouperid",
          "requisition"
        ],
        "min": 0,
        "max": "1",
        "base": {
          "path": "RequestGroup.groupIdentifier",
          "min": 0,
          "max": "1"
        },
        "type": [
          {
            "code": "Identifier"
          }
        ],
        "isModifier": false,
        "isSummary": true,
        "mapping": [
          {
            "identity": "workflow",
            "map": "Request.groupIdentifier"
          }
        ]
      },
      {
        "id": "RequestGroup.status",
        "path": "RequestGroup.status",
        "short": "draft | active | suspended | cancelled | completed | entered-in-error | unknown",
        "definition": "The current state of the request. For request groups, the status reflects the status of all the requests in the group.",
        "min": 1,
        "max": "1",
        "base": {
          "path": "RequestGroup.status",
          "min": 1,
          "max": "1"
        },
        "type": [
          {
            "code": "code"
          }
        ],
        "isModifier": true,
        "isModifierReason": "This element is labeled as a modifier because it is a status element that contains status entered-in-error which means that the resource should not be treated as valid",
        "isSummary": true,
        "binding": {
          "extension": [
            {
              "url": "http://hl7.org/fhir/StructureDefinition/elementdefinition-bindingName",
              "valueString": "RequestStatus"
            }
          ],
          "strength": "required",
          "description": "Codes identifying the lifecycle stage of a request.",
          "valueSet": "http://hl7.org/fhir/ValueSet/request-status|4.0.0"
        },
        "mapping": [
          {
            "identity": "workflow",
            "map": "Request.status"
          },
          {
            "identity": "w5",
            "map": "FiveWs.status"
          }
        ]
      },
      {
        "id": "RequestGroup.intent",
        "path": "RequestGroup.intent",
        "short": "proposal | plan | order",
        "definition": "Indicates the level of authority/intentionality associated with the request and where the request fits into the workflow chain.",
        "requirements": "Proposals/recommendations, plans and orders all use the same structure and can exist in the same fulfillment chain.",
        "alias": [
          "category"
        ],
        "min": 1,
        "max": "1",
        "base": {
          "path": "RequestGroup.intent",
          "min": 1,
          "max": "1"
        },
        "type": [
          {
            "code": "code"
          }
        ],
        "isModifier": true,
        "isModifierReason": "This element changes the interpretation of all descriptive attributes. For example \"the time the request is recommended to occur\" vs. \"the time the request is authorized to occur\" or \"who is recommended to perform the request\" vs. \"who is authorized to perform the request",
        "isSummary": true,
        "binding": {
          "extension": [
            {
              "url": "http://hl7.org/fhir/StructureDefinition/elementdefinition-bindingName",
              "valueString": "RequestIntent"
            }
          ],
          "strength": "required",
          "description": "Codes indicating the degree of authority/intentionality associated with a request.",
          "valueSet": "http://hl7.org/fhir/ValueSet/request-intent|4.0.0"
        },
        "mapping": [
          {
            "identity": "workflow",
            "map": "Request.intent"
          },
          {
            "identity": "w5",
            "map": "FiveWs.class"
          }
        ]
      },
      {
        "id": "RequestGroup.priority",
        "path": "RequestGroup.priority",
        "short": "routine | urgent | asap | stat",
        "definition": "Indicates how quickly the request should be addressed with respect to other requests.",
        "min": 0,
        "max": "1",
        "base": {
          "path": "RequestGroup.priority",
          "min": 0,
          "max": "1"
        },
        "type": [
          {
            "code": "code"
          }
        ],
        "meaningWhenMissing": "If missing, this request should be performed with normal priority",
        "mustSupport": true,
        "isModifier": false,
        "isSummary": true,
        "binding": {
          "extension": [
            {
              "url": "http://hl7.org/fhir/StructureDefinition/elementdefinition-bindingName",
              "valueString": "RequestPriority"
            }
          ],
          "strength": "required",
          "description": "Identifies the level of importance to be assigned to actioning the request.",
          "valueSet": "http://hl7.org/fhir/ValueSet/request-priority|4.0.0"
        },
        "mapping": [
          {
            "identity": "workflow",
            "map": "Request.priority"
          },
          {
            "identity": "w5",
            "map": "FiveWs.grade"
          }
        ]
      },
      {
        "id": "RequestGroup.code",
        "path": "RequestGroup.code",
        "short": "What\u0027s being requested/ordered",
        "definition": "A code that identifies what the overall request group is.",
        "comment": "This element can be used to provide a code that captures the meaning of the request group as a whole, as opposed to the code of the action element, which captures the meaning of the individual actions within the request group.",
        "min": 0,
        "max": "1",
        "base": {
          "path": "RequestGroup.code",
          "min": 0,
          "max": "1"
        },
        "type": [
          {
            "code": "CodeableConcept"
          }
        ],
        "isModifier": false,
        "isSummary": true,
        "mapping": [
          {
            "identity": "workflow",
            "map": "Request.code"
          },
          {
            "identity": "w5",
            "map": "FiveWs.what[x]"
          }
        ]
      },
      {
        "id": "RequestGroup.subject",
        "path": "RequestGroup.subject",
        "short": "Who the request group is about",
        "definition": "The subject for which the request group was created.",
        "min": 0,
        "max": "1",
        "base": {
          "path": "RequestGroup.subject",
          "min": 0,
          "max": "1"
        },
        "type": [
          {
            "code": "Reference",
            "targetProfile": [
              "http://hl7.org/fhir/StructureDefinition/Patient",
              "http://hl7.org/fhir/StructureDefinition/Group"
            ]
          }
        ],
        "mustSupport": true,
        "isModifier": false,
        "isSummary": false,
        "mapping": [
          {
            "identity": "workflow",
            "map": "Request.subject"
          },
          {
            "identity": "w5",
            "map": "FiveWs.subject[x]"
          },
          {
            "identity": "w5",
            "map": "FiveWs.subject"
          }
        ]
      },
      {
        "id": "RequestGroup.encounter",
        "path": "RequestGroup.encounter",
        "short": "Created as part of",
        "definition": "Describes the context of the request group, if any.",
        "min": 0,
        "max": "1",
        "base": {
          "path": "RequestGroup.encounter",
          "min": 0,
          "max": "1"
        },
        "type": [
          {
            "code": "Reference",
            "targetProfile": [
              "http://hl7.org/fhir/StructureDefinition/Encounter"
            ]
          }
        ],
        "isModifier": false,
        "isSummary": false,
        "mapping": [
          {
            "identity": "workflow",
            "map": "Request.encounter"
          },
          {
            "identity": "w5",
            "map": "FiveWs.context"
          }
        ]
      },
      {
        "id": "RequestGroup.authoredOn",
        "path": "RequestGroup.authoredOn",
        "short": "When the request group was authored",
        "definition": "Indicates when the request group was created.",
        "min": 0,
        "max": "1",
        "base": {
          "path": "RequestGroup.authoredOn",
          "min": 0,
          "max": "1"
        },
        "type": [
          {
            "code": "dateTime"
          }
        ],
        "mustSupport": true,
        "isModifier": false,
        "isSummary": false,
        "mapping": [
          {
            "identity": "workflow",
            "map": "Request.authoredOn"
          },
          {
            "identity": "w5",
            "map": "FiveWs.recorded"
          }
        ]
      },
      {
        "id": "RequestGroup.author",
        "path": "RequestGroup.author",
        "short": "Device or practitioner that authored the request group",
        "definition": "Provides a reference to the author of the request group.",
        "min": 0,
        "max": "1",
        "base": {
          "path": "RequestGroup.author",
          "min": 0,
          "max": "1"
        },
        "type": [
          {
            "code": "Reference",
            "targetProfile": [
              "http://hl7.org/fhir/StructureDefinition/Device",
              "http://hl7.org/fhir/StructureDefinition/Practitioner",
              "http://hl7.org/fhir/StructureDefinition/PractitionerRole"
            ]
          }
        ],
        "mustSupport": true,
        "isModifier": false,
        "isSummary": false,
        "mapping": [
          {
            "identity": "workflow",
            "map": "Request.requester"
          },
          {
            "identity": "w5",
            "map": "FiveWs.author"
          }
        ]
      },
      {
        "id": "RequestGroup.reasonCode",
        "path": "RequestGroup.reasonCode",
        "short": "Why the request group is needed",
        "definition": "Describes the reason for the request group in coded or textual form.",
        "min": 0,
        "max": "*",
        "base": {
          "path": "RequestGroup.reasonCode",
          "min": 0,
          "max": "*"
        },
        "type": [
          {
            "code": "CodeableConcept"
          }
        ],
        "isModifier": false,
        "isSummary": false,
        "mapping": [
          {
            "identity": "workflow",
            "map": "Request.reasonCode"
          },
          {
            "identity": "w5",
            "map": "FiveWs.why[x]"
          }
        ]
      },
      {
        "id": "RequestGroup.reasonReference",
        "path": "RequestGroup.reasonReference",
        "short": "Why the request group is needed",
        "definition": "Indicates another resource whose existence justifies this request group.",
        "min": 0,
        "max": "*",
        "base": {
          "path": "RequestGroup.reasonReference",
          "min": 0,
          "max": "*"
        },
        "type": [
          {
            "code": "Reference",
            "targetProfile": [
              "http://hl7.org/fhir/StructureDefinition/Condition",
              "http://hl7.org/fhir/StructureDefinition/Observation",
              "http://hl7.org/fhir/StructureDefinition/DiagnosticReport",
              "http://hl7.org/fhir/StructureDefinition/DocumentReference"
            ]
          }
        ],
        "isModifier": false,
        "isSummary": false,
        "mapping": [
          {
            "identity": "workflow",
            "map": "Request.reasonReference"
          },
          {
            "identity": "w5",
            "map": "FiveWs.why[x]"
          }
        ]
      },
      {
        "id": "RequestGroup.note",
        "path": "RequestGroup.note",
        "short": "Additional notes about the response",
        "definition": "Provides a mechanism to communicate additional information about the response.",
        "min": 0,
        "max": "*",
        "base": {
          "path": "RequestGroup.note",
          "min": 0,
          "max": "*"
        },
        "type": [
          {
            "code": "Annotation"
          }
        ],
        "isModifier": false,
        "isSummary": false,
        "mapping": [
          {
            "identity": "workflow",
            "map": "Request.note"
          }
        ]
      },
      {
        "id": "RequestGroup.action",
        "path": "RequestGroup.action",
        "short": "Proposed actions, if any",
        "definition": "The actions, if any, produced by the evaluation of the artifact.",
        "min": 0,
        "max": "*",
        "base": {
          "path": "RequestGroup.action",
          "min": 0,
          "max": "*"
        },
        "type": [
          {
            "code": "BackboneElement"
          }
        ],
        "constraint": [
          {
            "key": "ele-1",
            "severity": "error",
            "human": "All FHIR elements must have a @value or children",
            "expression": "hasValue() or (children().count() \u003e id.count())",
            "xpath": "@value|f:*|h:div",
            "source": "Element"
          },
          {
            "key": "rqg-1",
            "severity": "error",
            "human": "Must have resource or action but not both",
            "expression": "resource.exists() !\u003d action.exists()",
            "xpath": "exists(f:resource) !\u003d exists(f:action)",
            "source": "RequestGroup.action"
          }
        ],
        "isModifier": false,
        "isSummary": false
      },
      {
        "id": "RequestGroup.action.id",
        "path": "RequestGroup.action.id",
        "representation": [
          "xmlAttr"
        ],
        "short": "Unique id for inter-element referencing",
        "definition": "Unique id for the element within a resource (for internal references). This may be any string value that does not contain spaces.",
        "min": 0,
        "max": "1",
        "base": {
          "path": "Element.id",
          "min": 0,
          "max": "1"
        },
        "type": [
          {
            "code": "string"
          }
        ],
        "isModifier": false,
        "isSummary": false,
        "mapping": [
          {
            "identity": "rim",
            "map": "n/a"
          }
        ]
      },
      {
        "id": "RequestGroup.action.extension",
        "path": "RequestGroup.action.extension",
        "short": "Additional content defined by implementations",
        "definition": "May be used to represent additional information that is not part of the basic definition of the element. To make the use of extensions safe and manageable, there is a strict set of governance  applied to the definition and use of extensions. Though any implementer can define an extension, there is a set of requirements that SHALL be met as part of the definition of the extension.",
        "comment": "There can be no stigma associated with the use of extensions by any application, project, or standard - regardless of the institution or jurisdiction that uses or defines the extensions.  The use of extensions is what allows the FHIR specification to retain a core level of simplicity for everyone.",
        "alias": [
          "extensions",
          "user content"
        ],
        "min": 0,
        "max": "*",
        "base": {
          "path": "Element.extension",
          "min": 0,
          "max": "*"
        },
        "type": [
          {
            "code": "Extension"
          }
        ],
        "isModifier": false,
        "isSummary": false,
        "mapping": [
          {
            "identity": "rim",
            "map": "n/a"
          }
        ]
      },
      {
        "id": "RequestGroup.action.modifierExtension",
        "path": "RequestGroup.action.modifierExtension",
        "short": "Extensions that cannot be ignored even if unrecognized",
        "definition": "May be used to represent additional information that is not part of the basic definition of the element and that modifies the understanding of the element in which it is contained and/or the understanding of the containing element\u0027s descendants. Usually modifier elements provide negation or qualification. To make the use of extensions safe and manageable, there is a strict set of governance applied to the definition and use of extensions. Though any implementer can define an extension, there is a set of requirements that SHALL be met as part of the definition of the extension. Applications processing a resource are required to check for modifier extensions.\n\nModifier extensions SHALL NOT change the meaning of any elements on Resource or DomainResource (including cannot change the meaning of modifierExtension itself).",
        "comment": "There can be no stigma associated with the use of extensions by any application, project, or standard - regardless of the institution or jurisdiction that uses or defines the extensions.  The use of extensions is what allows the FHIR specification to retain a core level of simplicity for everyone.",
        "requirements": "Modifier extensions allow for extensions that *cannot* be safely ignored to be clearly distinguished from the vast majority of extensions which can be safely ignored.  This promotes interoperability by eliminating the need for implementers to prohibit the presence of extensions. For further information, see the [definition of modifier extensions](extensibility.html#modifierExtension).",
        "alias": [
          "extensions",
          "user content",
          "modifiers"
        ],
        "min": 0,
        "max": "*",
        "base": {
          "path": "BackboneElement.modifierExtension",
          "min": 0,
          "max": "*"
        },
        "type": [
          {
            "code": "Extension"
          }
        ],
        "isModifier": true,
        "isModifierReason": "Modifier extensions are expected to modify the meaning or interpretation of the element that contains them",
        "isSummary": true,
        "mapping": [
          {
            "identity": "rim",
            "map": "N/A"
          }
        ]
      },
      {
        "id": "RequestGroup.action.prefix",
        "path": "RequestGroup.action.prefix",
        "short": "User-visible prefix for the action (e.g. 1. or A.)",
        "definition": "A user-visible prefix for the action.",
        "min": 0,
        "max": "1",
        "base": {
          "path": "RequestGroup.action.prefix",
          "min": 0,
          "max": "1"
        },
        "type": [
          {
            "code": "string"
          }
        ],
        "isModifier": false,
        "isSummary": false
      },
      {
        "id": "RequestGroup.action.title",
        "path": "RequestGroup.action.title",
        "short": "User-visible title",
        "definition": "The title of the action displayed to a user.",
        "min": 0,
        "max": "1",
        "base": {
          "path": "RequestGroup.action.title",
          "min": 0,
          "max": "1"
        },
        "type": [
          {
            "code": "string"
          }
        ],
        "mustSupport": true,
        "isModifier": false,
        "isSummary": false
      },
      {
        "id": "RequestGroup.action.description",
        "path": "RequestGroup.action.description",
        "short": "Short description of the action",
        "definition": "A short description of the action used to provide a summary to display to the user.",
        "min": 0,
        "max": "1",
        "base": {
          "path": "RequestGroup.action.description",
          "min": 0,
          "max": "1"
        },
        "type": [
          {
            "code": "string"
          }
        ],
        "mustSupport": true,
        "isModifier": false,
        "isSummary": true
      },
      {
        "id": "RequestGroup.action.textEquivalent",
        "path": "RequestGroup.action.textEquivalent",
        "short": "Static text equivalent of the action, used if the dynamic aspects cannot be interpreted by the receiving system",
        "definition": "A text equivalent of the action to be performed. This provides a human-interpretable description of the action when the definition is consumed by a system that might not be capable of interpreting it dynamically.",
        "min": 0,
        "max": "1",
        "base": {
          "path": "RequestGroup.action.textEquivalent",
          "min": 0,
          "max": "1"
        },
        "type": [
          {
            "code": "string"
          }
        ],
        "isModifier": false,
        "isSummary": true
      },
      {
        "id": "RequestGroup.action.priority",
        "path": "RequestGroup.action.priority",
        "short": "routine | urgent | asap | stat",
        "definition": "Indicates how quickly the action should be addressed with respect to other actions.",
        "min": 0,
        "max": "1",
        "base": {
          "path": "RequestGroup.action.priority",
          "min": 0,
          "max": "1"
        },
        "type": [
          {
            "code": "code"
          }
        ],
        "mustSupport": true,
        "isModifier": false,
        "isSummary": false,
        "binding": {
          "extension": [
            {
              "url": "http://hl7.org/fhir/StructureDefinition/elementdefinition-bindingName",
              "valueString": "RequestPriority"
            }
          ],
          "strength": "required",
          "description": "Identifies the level of importance to be assigned to actioning the request.",
          "valueSet": "http://hl7.org/fhir/ValueSet/request-priority|4.0.0"
        },
        "mapping": [
          {
            "identity": "workflow",
            "map": "Request.priority"
          }
        ]
      },
      {
        "id": "RequestGroup.action.code",
        "path": "RequestGroup.action.code",
        "short": "Code representing the meaning of the action or sub-actions",
        "definition": "A code that provides meaning for the action or action group. For example, a section may have a LOINC code for a section of a documentation template.",
        "min": 0,
        "max": "*",
        "base": {
          "path": "RequestGroup.action.code",
          "min": 0,
          "max": "*"
        },
        "type": [
          {
            "code": "CodeableConcept"
          }
        ],
        "isModifier": false,
        "isSummary": false,
        "mapping": [
          {
            "identity": "workflow",
            "map": "Request.code"
          }
        ]
      },
      {
        "id": "RequestGroup.action.documentation",
        "path": "RequestGroup.action.documentation",
        "short": "Supporting documentation for the intended performer of the action",
        "definition": "Didactic or other informational resources associated with the action that can be provided to the CDS recipient. Information resources can include inline text commentary and links to web resources.",
        "min": 0,
        "max": "*",
        "base": {
          "path": "RequestGroup.action.documentation",
          "min": 0,
          "max": "*"
        },
        "type": [
          {
            "code": "RelatedArtifact"
          }
        ],
        "mustSupport": true,
        "isModifier": false,
        "isSummary": false,
        "mapping": [
          {
            "identity": "workflow",
            "map": "Request.supportingInfo"
          }
        ]
      },
      {
        "id": "RequestGroup.action.condition",
        "path": "RequestGroup.action.condition",
        "short": "Whether or not the action is applicable",
        "definition": "An expression that describes applicability criteria, or start/stop conditions for the action.",
        "comment": "When multiple conditions of the same kind are present, the effects are combined using AND semantics, so the overall condition is true only if all of the conditions are true.",
        "min": 0,
        "max": "*",
        "base": {
          "path": "RequestGroup.action.condition",
          "min": 0,
          "max": "*"
        },
        "type": [
          {
            "code": "BackboneElement"
          }
        ],
        "constraint": [
          {
            "key": "ele-1",
            "severity": "error",
            "human": "All FHIR elements must have a @value or children",
            "expression": "hasValue() or (children().count() \u003e id.count())",
            "xpath": "@value|f:*|h:div",
            "source": "Element"
          }
        ],
        "mustSupport": true,
        "isModifier": false,
        "isSummary": false
      },
      {
        "id": "RequestGroup.action.condition.id",
        "path": "RequestGroup.action.condition.id",
        "representation": [
          "xmlAttr"
        ],
        "short": "Unique id for inter-element referencing",
        "definition": "Unique id for the element within a resource (for internal references). This may be any string value that does not contain spaces.",
        "min": 0,
        "max": "1",
        "base": {
          "path": "Element.id",
          "min": 0,
          "max": "1"
        },
        "type": [
          {
            "code": "string"
          }
        ],
        "isModifier": false,
        "isSummary": false,
        "mapping": [
          {
            "identity": "rim",
            "map": "n/a"
          }
        ]
      },
      {
        "id": "RequestGroup.action.condition.extension",
        "path": "RequestGroup.action.condition.extension",
        "short": "Additional content defined by implementations",
        "definition": "May be used to represent additional information that is not part of the basic definition of the element. To make the use of extensions safe and manageable, there is a strict set of governance  applied to the definition and use of extensions. Though any implementer can define an extension, there is a set of requirements that SHALL be met as part of the definition of the extension.",
        "comment": "There can be no stigma associated with the use of extensions by any application, project, or standard - regardless of the institution or jurisdiction that uses or defines the extensions.  The use of extensions is what allows the FHIR specification to retain a core level of simplicity for everyone.",
        "alias": [
          "extensions",
          "user content"
        ],
        "min": 0,
        "max": "*",
        "base": {
          "path": "Element.extension",
          "min": 0,
          "max": "*"
        },
        "type": [
          {
            "code": "Extension"
          }
        ],
        "isModifier": false,
        "isSummary": false,
        "mapping": [
          {
            "identity": "rim",
            "map": "n/a"
          }
        ]
      },
      {
        "id": "RequestGroup.action.condition.modifierExtension",
        "path": "RequestGroup.action.condition.modifierExtension",
        "short": "Extensions that cannot be ignored even if unrecognized",
        "definition": "May be used to represent additional information that is not part of the basic definition of the element and that modifies the understanding of the element in which it is contained and/or the understanding of the containing element\u0027s descendants. Usually modifier elements provide negation or qualification. To make the use of extensions safe and manageable, there is a strict set of governance applied to the definition and use of extensions. Though any implementer can define an extension, there is a set of requirements that SHALL be met as part of the definition of the extension. Applications processing a resource are required to check for modifier extensions.\n\nModifier extensions SHALL NOT change the meaning of any elements on Resource or DomainResource (including cannot change the meaning of modifierExtension itself).",
        "comment": "There can be no stigma associated with the use of extensions by any application, project, or standard - regardless of the institution or jurisdiction that uses or defines the extensions.  The use of extensions is what allows the FHIR specification to retain a core level of simplicity for everyone.",
        "requirements": "Modifier extensions allow for extensions that *cannot* be safely ignored to be clearly distinguished from the vast majority of extensions which can be safely ignored.  This promotes interoperability by eliminating the need for implementers to prohibit the presence of extensions. For further information, see the [definition of modifier extensions](extensibility.html#modifierExtension).",
        "alias": [
          "extensions",
          "user content",
          "modifiers"
        ],
        "min": 0,
        "max": "*",
        "base": {
          "path": "BackboneElement.modifierExtension",
          "min": 0,
          "max": "*"
        },
        "type": [
          {
            "code": "Extension"
          }
        ],
        "isModifier": true,
        "isModifierReason": "Modifier extensions are expected to modify the meaning or interpretation of the element that contains them",
        "isSummary": true,
        "mapping": [
          {
            "identity": "rim",
            "map": "N/A"
          }
        ]
      },
      {
        "id": "RequestGroup.action.condition.kind",
        "path": "RequestGroup.action.condition.kind",
        "short": "applicability | start | stop",
        "definition": "The kind of condition.",
        "comment": "Applicability criteria are used to determine immediate applicability when a plan definition is applied to a given context. Start and stop criteria are carried through application and used to describe enter/exit criteria for an action.",
        "min": 1,
        "max": "1",
        "base": {
          "path": "RequestGroup.action.condition.kind",
          "min": 1,
          "max": "1"
        },
        "type": [
          {
            "code": "code"
          }
        ],
        "isModifier": false,
        "isSummary": false,
        "binding": {
          "extension": [
            {
              "url": "http://hl7.org/fhir/StructureDefinition/elementdefinition-bindingName",
              "valueString": "ActionConditionKind"
            }
          ],
          "strength": "required",
          "description": "The kind of condition for the action.",
          "valueSet": "http://hl7.org/fhir/ValueSet/action-condition-kind|4.0.0"
        }
      },
      {
        "id": "RequestGroup.action.condition.expression",
        "path": "RequestGroup.action.condition.expression",
        "short": "Boolean-valued expression",
        "definition": "An expression that returns true or false, indicating whether or not the condition is satisfied.",
        "comment": "The expression may be inlined, or may be a reference to a named expression within a logic library referenced by the library element.",
        "min": 0,
        "max": "1",
        "base": {
          "path": "RequestGroup.action.condition.expression",
          "min": 0,
          "max": "1"
        },
        "type": [
          {
            "code": "Expression"
          }
        ],
        "isModifier": false,
        "isSummary": false
      },
      {
        "id": "RequestGroup.action.relatedAction",
        "path": "RequestGroup.action.relatedAction",
        "short": "Relationship to another action",
        "definition": "A relationship to another action such as \"before\" or \"30-60 minutes after start of\".",
        "min": 0,
        "max": "*",
        "base": {
          "path": "RequestGroup.action.relatedAction",
          "min": 0,
          "max": "*"
        },
        "type": [
          {
            "code": "BackboneElement"
          }
        ],
        "constraint": [
          {
            "key": "ele-1",
            "severity": "error",
            "human": "All FHIR elements must have a @value or children",
            "expression": "hasValue() or (children().count() \u003e id.count())",
            "xpath": "@value|f:*|h:div",
            "source": "Element"
          }
        ],
        "isModifier": false,
        "isSummary": false
      },
      {
        "id": "RequestGroup.action.relatedAction.id",
        "path": "RequestGroup.action.relatedAction.id",
        "representation": [
          "xmlAttr"
        ],
        "short": "Unique id for inter-element referencing",
        "definition": "Unique id for the element within a resource (for internal references). This may be any string value that does not contain spaces.",
        "min": 0,
        "max": "1",
        "base": {
          "path": "Element.id",
          "min": 0,
          "max": "1"
        },
        "type": [
          {
            "code": "string"
          }
        ],
        "isModifier": false,
        "isSummary": false,
        "mapping": [
          {
            "identity": "rim",
            "map": "n/a"
          }
        ]
      },
      {
        "id": "RequestGroup.action.relatedAction.extension",
        "path": "RequestGroup.action.relatedAction.extension",
        "short": "Additional content defined by implementations",
        "definition": "May be used to represent additional information that is not part of the basic definition of the element. To make the use of extensions safe and manageable, there is a strict set of governance  applied to the definition and use of extensions. Though any implementer can define an extension, there is a set of requirements that SHALL be met as part of the definition of the extension.",
        "comment": "There can be no stigma associated with the use of extensions by any application, project, or standard - regardless of the institution or jurisdiction that uses or defines the extensions.  The use of extensions is what allows the FHIR specification to retain a core level of simplicity for everyone.",
        "alias": [
          "extensions",
          "user content"
        ],
        "min": 0,
        "max": "*",
        "base": {
          "path": "Element.extension",
          "min": 0,
          "max": "*"
        },
        "type": [
          {
            "code": "Extension"
          }
        ],
        "isModifier": false,
        "isSummary": false,
        "mapping": [
          {
            "identity": "rim",
            "map": "n/a"
          }
        ]
      },
      {
        "id": "RequestGroup.action.relatedAction.modifierExtension",
        "path": "RequestGroup.action.relatedAction.modifierExtension",
        "short": "Extensions that cannot be ignored even if unrecognized",
        "definition": "May be used to represent additional information that is not part of the basic definition of the element and that modifies the understanding of the element in which it is contained and/or the understanding of the containing element\u0027s descendants. Usually modifier elements provide negation or qualification. To make the use of extensions safe and manageable, there is a strict set of governance applied to the definition and use of extensions. Though any implementer can define an extension, there is a set of requirements that SHALL be met as part of the definition of the extension. Applications processing a resource are required to check for modifier extensions.\n\nModifier extensions SHALL NOT change the meaning of any elements on Resource or DomainResource (including cannot change the meaning of modifierExtension itself).",
        "comment": "There can be no stigma associated with the use of extensions by any application, project, or standard - regardless of the institution or jurisdiction that uses or defines the extensions.  The use of extensions is what allows the FHIR specification to retain a core level of simplicity for everyone.",
        "requirements": "Modifier extensions allow for extensions that *cannot* be safely ignored to be clearly distinguished from the vast majority of extensions which can be safely ignored.  This promotes interoperability by eliminating the need for implementers to prohibit the presence of extensions. For further information, see the [definition of modifier extensions](extensibility.html#modifierExtension).",
        "alias": [
          "extensions",
          "user content",
          "modifiers"
        ],
        "min": 0,
        "max": "*",
        "base": {
          "path": "BackboneElement.modifierExtension",
          "min": 0,
          "max": "*"
        },
        "type": [
          {
            "code": "Extension"
          }
        ],
        "isModifier": true,
        "isModifierReason": "Modifier extensions are expected to modify the meaning or interpretation of the element that contains them",
        "isSummary": true,
        "mapping": [
          {
            "identity": "rim",
            "map": "N/A"
          }
        ]
      },
      {
        "id": "RequestGroup.action.relatedAction.actionId",
        "path": "RequestGroup.action.relatedAction.actionId",
        "short": "What action this is related to",
        "definition": "The element id of the action this is related to.",
        "min": 1,
        "max": "1",
        "base": {
          "path": "RequestGroup.action.relatedAction.actionId",
          "min": 1,
          "max": "1"
        },
        "type": [
          {
            "code": "id"
          }
        ],
        "isModifier": false,
        "isSummary": false
      },
      {
        "id": "RequestGroup.action.relatedAction.relationship",
        "path": "RequestGroup.action.relatedAction.relationship",
        "short": "before-start | before | before-end | concurrent-with-start | concurrent | concurrent-with-end | after-start | after | after-end",
        "definition": "The relationship of this action to the related action.",
        "min": 1,
        "max": "1",
        "base": {
          "path": "RequestGroup.action.relatedAction.relationship",
          "min": 1,
          "max": "1"
        },
        "type": [
          {
            "code": "code"
          }
        ],
        "isModifier": false,
        "isSummary": false,
        "binding": {
          "extension": [
            {
              "url": "http://hl7.org/fhir/StructureDefinition/elementdefinition-bindingName",
              "valueString": "ActionRelationshipType"
            }
          ],
          "strength": "required",
          "description": "Defines the types of relationships between actions.",
          "valueSet": "http://hl7.org/fhir/ValueSet/action-relationship-type|4.0.0"
        }
      },
      {
        "id": "RequestGroup.action.relatedAction.offset[x]",
        "path": "RequestGroup.action.relatedAction.offset[x]",
        "short": "Time offset for the relationship",
        "definition": "A duration or range of durations to apply to the relationship. For example, 30-60 minutes before.",
        "min": 0,
        "max": "1",
        "base": {
          "path": "RequestGroup.action.relatedAction.offset[x]",
          "min": 0,
          "max": "1"
        },
        "type": [
          {
            "code": "Duration"
          },
          {
            "code": "Range"
          }
        ],
        "isModifier": false,
        "isSummary": false
      },
      {
        "id": "RequestGroup.action.timing[x]",
        "path": "RequestGroup.action.timing[x]",
        "short": "When the action should take place",
        "definition": "An optional value describing when the action should be performed.",
        "min": 0,
        "max": "1",
        "base": {
          "path": "RequestGroup.action.timing[x]",
          "min": 0,
          "max": "1"
        },
        "type": [
          {
            "code": "dateTime"
          },
          {
            "code": "Age"
          },
          {
            "code": "Period"
          },
          {
            "code": "Duration"
          },
          {
            "code": "Range"
          },
          {
            "code": "Timing"
          }
        ],
        "mustSupport": true,
        "isModifier": false,
        "isSummary": false,
        "mapping": [
          {
            "identity": "workflow",
            "map": "Request.occurrence[x]"
          }
        ]
      },
      {
        "id": "RequestGroup.action.participant",
        "path": "RequestGroup.action.participant",
        "short": "Who should perform the action",
        "definition": "The participant that should perform or be responsible for this action.",
        "min": 0,
        "max": "*",
        "base": {
          "path": "RequestGroup.action.participant",
          "min": 0,
          "max": "*"
        },
        "type": [
          {
            "code": "Reference",
            "targetProfile": [
              "http://hl7.org/fhir/StructureDefinition/Patient",
              "http://hl7.org/fhir/StructureDefinition/Practitioner",
              "http://hl7.org/fhir/StructureDefinition/PractitionerRole",
              "http://hl7.org/fhir/StructureDefinition/RelatedPerson",
              "http://hl7.org/fhir/StructureDefinition/Device"
            ]
          }
        ],
        "mustSupport": true,
        "isModifier": false,
        "isSummary": false,
        "mapping": [
          {
            "identity": "workflow",
            "map": "Request.performer"
          },
          {
            "identity": "w5",
            "map": "FiveWs.actor"
          }
        ]
      },
      {
        "id": "RequestGroup.action.type",
        "path": "RequestGroup.action.type",
        "short": "create | update | remove | fire-event",
        "definition": "The type of action to perform (create, update, remove).",
        "min": 0,
        "max": "1",
        "base": {
          "path": "RequestGroup.action.type",
          "min": 0,
          "max": "1"
        },
        "type": [
          {
            "code": "CodeableConcept"
          }
        ],
        "mustSupport": true,
        "isModifier": false,
        "isSummary": false,
        "binding": {
          "extension": [
            {
              "url": "http://hl7.org/fhir/StructureDefinition/elementdefinition-bindingName",
              "valueString": "ActionType"
            }
          ],
          "strength": "extensible",
          "description": "The type of action to be performed.",
          "valueSet": "http://hl7.org/fhir/ValueSet/action-type"
        }
      },
      {
        "id": "RequestGroup.action.groupingBehavior",
        "path": "RequestGroup.action.groupingBehavior",
        "short": "visual-group | logical-group | sentence-group",
        "definition": "Defines the grouping behavior for the action and its children.",
        "min": 0,
        "max": "1",
        "base": {
          "path": "RequestGroup.action.groupingBehavior",
          "min": 0,
          "max": "1"
        },
        "type": [
          {
            "code": "code"
          }
        ],
        "isModifier": false,
        "isSummary": false,
        "binding": {
          "extension": [
            {
              "url": "http://hl7.org/fhir/StructureDefinition/elementdefinition-bindingName",
              "valueString": "ActionGroupingBehavior"
            }
          ],
          "strength": "required",
          "description": "Defines organization behavior of a group.",
          "valueSet": "http://hl7.org/fhir/ValueSet/action-grouping-behavior|4.0.0"
        }
      },
      {
        "id": "RequestGroup.action.selectionBehavior",
        "path": "RequestGroup.action.selectionBehavior",
        "short": "any | all | all-or-none | exactly-one | at-most-one | one-or-more",
        "definition": "Defines the selection behavior for the action and its children.",
        "min": 0,
        "max": "1",
        "base": {
          "path": "RequestGroup.action.selectionBehavior",
          "min": 0,
          "max": "1"
        },
        "type": [
          {
            "code": "code"
          }
        ],
        "mustSupport": true,
        "isModifier": false,
        "isSummary": false,
        "binding": {
          "extension": [
            {
              "url": "http://hl7.org/fhir/StructureDefinition/elementdefinition-bindingName",
              "valueString": "ActionSelectionBehavior"
            }
          ],
          "strength": "required",
          "description": "Defines selection behavior of a group.",
          "valueSet": "http://hl7.org/fhir/ValueSet/action-selection-behavior|4.0.0"
        }
      },
      {
        "id": "RequestGroup.action.requiredBehavior",
        "path": "RequestGroup.action.requiredBehavior",
        "short": "must | could | must-unless-documented",
        "definition": "Defines expectations around whether an action is required.",
        "min": 0,
        "max": "1",
        "base": {
          "path": "RequestGroup.action.requiredBehavior",
          "min": 0,
          "max": "1"
        },
        "type": [
          {
            "code": "code"
          }
        ],
        "isModifier": false,
        "isSummary": false,
        "binding": {
          "extension": [
            {
              "url": "http://hl7.org/fhir/StructureDefinition/elementdefinition-bindingName",
              "valueString": "ActionRequiredBehavior"
            }
          ],
          "strength": "required",
          "description": "Defines expectations around whether an action or action group is required.",
          "valueSet": "http://hl7.org/fhir/ValueSet/action-required-behavior|4.0.0"
        }
      },
      {
        "id": "RequestGroup.action.precheckBehavior",
        "path": "RequestGroup.action.precheckBehavior",
        "short": "yes | no",
        "definition": "Defines whether the action should usually be preselected.",
        "min": 0,
        "max": "1",
        "base": {
          "path": "RequestGroup.action.precheckBehavior",
          "min": 0,
          "max": "1"
        },
        "type": [
          {
            "code": "code"
          }
        ],
        "isModifier": false,
        "isSummary": false,
        "binding": {
          "extension": [
            {
              "url": "http://hl7.org/fhir/StructureDefinition/elementdefinition-bindingName",
              "valueString": "ActionPrecheckBehavior"
            }
          ],
          "strength": "required",
          "description": "Defines selection frequency behavior for an action or group.",
          "valueSet": "http://hl7.org/fhir/ValueSet/action-precheck-behavior|4.0.0"
        }
      },
      {
        "id": "RequestGroup.action.cardinalityBehavior",
        "path": "RequestGroup.action.cardinalityBehavior",
        "short": "single | multiple",
        "definition": "Defines whether the action can be selected multiple times.",
        "min": 0,
        "max": "1",
        "base": {
          "path": "RequestGroup.action.cardinalityBehavior",
          "min": 0,
          "max": "1"
        },
        "type": [
          {
            "code": "code"
          }
        ],
        "isModifier": false,
        "isSummary": false,
        "binding": {
          "extension": [
            {
              "url": "http://hl7.org/fhir/StructureDefinition/elementdefinition-bindingName",
              "valueString": "ActionCardinalityBehavior"
            }
          ],
          "strength": "required",
          "description": "Defines behavior for an action or a group for how many times that item may be repeated.",
          "valueSet": "http://hl7.org/fhir/ValueSet/action-cardinality-behavior|4.0.0"
        }
      },
      {
        "id": "RequestGroup.action.resource",
        "path": "RequestGroup.action.resource",
        "short": "The target of the action",
        "definition": "The resource that is the target of the action (e.g. CommunicationRequest).",
        "comment": "The target resource SHALL be a [Request](request.html) resource with a Request.intent set to \"option\".",
        "min": 0,
        "max": "1",
        "base": {
          "path": "RequestGroup.action.resource",
          "min": 0,
          "max": "1"
        },
        "type": [
          {
            "code": "Reference",
            "targetProfile": [
              "http://hl7.org/fhir/StructureDefinition/Resource"
            ]
          }
        ],
        "condition": [
          "rqg-1"
        ],
        "mustSupport": true,
        "isModifier": false,
        "isSummary": false
      },
      {
        "id": "RequestGroup.action.action",
        "path": "RequestGroup.action.action",
        "short": "Sub action",
        "definition": "Sub actions.",
        "min": 0,
        "max": "*",
        "base": {
          "path": "RequestGroup.action.action",
          "min": 0,
          "max": "*"
        },
        "contentReference": "#RequestGroup.action",
        "condition": [
          "rqg-1"
        ],
        "isModifier": false,
        "isSummary": false
      }
    ]
  },
  "differential": {
    "element": [
      {
        "id": "RequestGroup",
        "path": "RequestGroup",
        "min": 1,
        "max": "1"
      },
      {
        "id": "RequestGroup.identifier",
        "path": "RequestGroup.identifier",
        "min": 1,
        "max": "1"
      },
      {
        "id": "RequestGroup.instantiatesUri",
        "path": "RequestGroup.instantiatesUri",
        "min": 1,
        "max": "1"
      },
      {
        "id": "RequestGroup.priority",
        "path": "RequestGroup.priority",
        "mustSupport": true
      },
      {
        "id": "RequestGroup.subject",
        "path": "RequestGroup.subject",
        "mustSupport": true
      },
      {
        "id": "RequestGroup.authoredOn",
        "path": "RequestGroup.authoredOn",
        "mustSupport": true
      },
      {
        "id": "RequestGroup.author",
        "path": "RequestGroup.author",
        "mustSupport": true
      },
      {
        "id": "RequestGroup.action",
        "path": "RequestGroup.action"
      },
      {
        "id": "RequestGroup.action.title",
        "path": "RequestGroup.action.title",
        "mustSupport": true
      },
      {
        "id": "RequestGroup.action.description",
        "path": "RequestGroup.action.description",
        "mustSupport": true
      },
      {
        "id": "RequestGroup.action.priority",
        "path": "RequestGroup.action.priority",
        "mustSupport": true
      },
      {
        "id": "RequestGroup.action.documentation",
        "path": "RequestGroup.action.documentation",
        "mustSupport": true
      },
      {
        "id": "RequestGroup.action.condition",
        "path": "RequestGroup.action.condition",
        "mustSupport": true
      },
      {
        "id": "RequestGroup.action.timing[x]",
        "path": "RequestGroup.action.timing[x]",
        "mustSupport": true
      },
      {
        "id": "RequestGroup.action.participant",
        "path": "RequestGroup.action.participant",
        "mustSupport": true
      },
      {
        "id": "RequestGroup.action.type",
        "path": "RequestGroup.action.type",
        "mustSupport": true
      },
      {
        "id": "RequestGroup.action.selectionBehavior",
        "path": "RequestGroup.action.selectionBehavior",
        "mustSupport": true
      },
      {
        "id": "RequestGroup.action.resource",
        "path": "RequestGroup.action.resource",
        "mustSupport": true
      }
    ]
  }
}