{
  "resourceType": "ConceptMap",
  "id": "cm-address-use-v2",
  "text": {
    "status": "generated",
    "div": "\u003cdiv xmlns\u003d\"http://www.w3.org/1999/xhtml\"\u003e\u003ch2\u003ev2.AddressUse (http://hl7.org/fhir/ConceptMap/cm-address-use-v2)\u003c/h2\u003e\u003cp\u003eMapping from \u003ca href\u003d\"valueset-address-use.html\"\u003ehttp://hl7.org/fhir/ValueSet/address-use\u003c/a\u003e to \u003ca href\u003d\"v2/0190/index.html\"\u003ehttp://terminology.hl7.org/ValueSet/v2-0190\u003c/a\u003e\u003c/p\u003e\u003cp\u003eDRAFT. Published on 27/12/2018 10:37:54 PM by HL7 (FHIR Project) (\u003ca href\u003d\"http://hl7.org/fhir\"\u003ehttp://hl7.org/fhir\u003c/a\u003e, \u003ca href\u003d\"mailto:fhir@lists.hl7.org\"\u003efhir@lists.hl7.org\u003c/a\u003e). \u003c/p\u003e\u003cbr/\u003e\u003ctable class\u003d\"grid\"\u003e\u003ctr\u003e\u003ctd\u003e\u003cb\u003eSource Code\u003c/b\u003e\u003c/td\u003e\u003ctd\u003e\u003cb\u003eEquivalence\u003c/b\u003e\u003c/td\u003e\u003ctd\u003e\u003cb\u003eDestination Code\u003c/b\u003e\u003c/td\u003e\u003ctd\u003e\u003cb\u003eComment\u003c/b\u003e\u003c/td\u003e\u003c/tr\u003e\u003ctr\u003e\u003ctd\u003ehome\u003c/td\u003e\u003ctd\u003eequivalent\u003c/td\u003e\u003ctd\u003eH (Home)\u003c/td\u003e\u003ctd/\u003e\u003c/tr\u003e\u003ctr\u003e\u003ctd\u003ework\u003c/td\u003e\u003ctd\u003eequivalent\u003c/td\u003e\u003ctd\u003eO (Office/Business)\u003c/td\u003e\u003ctd/\u003e\u003c/tr\u003e\u003ctr\u003e\u003ctd\u003etemp (Temporary)\u003c/td\u003e\u003ctd\u003eequivalent\u003c/td\u003e\u003ctd\u003eC (Current Or Temporary)\u003c/td\u003e\u003ctd/\u003e\u003c/tr\u003e\u003ctr\u003e\u003ctd\u003eold (Old / Incorrect)\u003c/td\u003e\u003ctd\u003ewider\u003c/td\u003e\u003ctd\u003eBA (Bad address)\u003c/td\u003e\u003ctd\u003eunclear about old addresses\u003c/td\u003e\u003c/tr\u003e\u003ctr\u003e\u003ctd\u003ebilling\u003c/td\u003e\u003ctd\u003eequivalent\u003c/td\u003e\u003ctd\u003eBI (Billing Address)\u003c/td\u003e\u003ctd/\u003e\u003c/tr\u003e\u003c/table\u003e\u003c/div\u003e"
  },
  "url": "http://hl7.org/fhir/ConceptMap/cm-address-use-v2",
  "version": "4.0.0",
  "name": "v2.AddressUse",
  "title": "v2 map for AddressUse",
  "status": "draft",
  "date": "2018-12-27T22:37:54+11:00",
  "publisher": "HL7 (FHIR Project)",
  "contact": [
    {
      "telecom": [
        {
          "system": "url",
          "value": "http://hl7.org/fhir"
        },
        {
          "system": "email",
          "value": "fhir@lists.hl7.org"
        }
      ]
    }
  ],
  "sourceCanonical": "http://hl7.org/fhir/ValueSet/address-use",
  "targetCanonical": "http://terminology.hl7.org/ValueSet/v2-0190",
  "group": [
    {
      "source": "http://hl7.org/fhir/address-use",
      "target": "http://terminology.hl7.org/CodeSystem/v2-0190",
      "element": [
        {
          "code": "home",
          "target": [
            {
              "code": "H",
              "equivalence": "equivalent"
            }
          ]
        },
        {
          "code": "work",
          "target": [
            {
              "code": "O",
              "equivalence": "equivalent"
            }
          ]
        },
        {
          "code": "temp",
          "target": [
            {
              "code": "C",
              "equivalence": "equivalent"
            }
          ]
        },
        {
          "code": "old",
          "target": [
            {
              "code": "BA",
              "equivalence": "wider",
              "comment": "unclear about old addresses"
            }
          ]
        },
        {
          "code": "billing",
          "target": [
            {
              "code": "BI",
              "equivalence": "equivalent"
            }
          ]
        }
      ]
    }
  ]
}