{
  "resourceType": "ConceptMap",
  "id": "cm-address-type-v3",
  "text": {
    "status": "generated",
    "div": "\u003cdiv xmlns\u003d\"http://www.w3.org/1999/xhtml\"\u003e\u003ch2\u003ev3.AddressType (http://hl7.org/fhir/ConceptMap/cm-address-type-v3)\u003c/h2\u003e\u003cp\u003eMapping from \u003ca href\u003d\"valueset-address-type.html\"\u003ehttp://hl7.org/fhir/ValueSet/address-type\u003c/a\u003e to \u003ca href\u003d\"v3/AddressUse/vs.html\"\u003ehttp://terminology.hl7.org/ValueSet/v3-AddressUse\u003c/a\u003e\u003c/p\u003e\u003cp\u003eDRAFT. Published on 27/12/2018 10:37:54 PM by HL7 (FHIR Project) (\u003ca href\u003d\"http://hl7.org/fhir\"\u003ehttp://hl7.org/fhir\u003c/a\u003e, \u003ca href\u003d\"mailto:fhir@lists.hl7.org\"\u003efhir@lists.hl7.org\u003c/a\u003e). \u003c/p\u003e\u003cbr/\u003e\u003ctable class\u003d\"grid\"\u003e\u003ctr\u003e\u003ctd\u003e\u003cb\u003eSource Code\u003c/b\u003e\u003c/td\u003e\u003ctd\u003e\u003cb\u003eEquivalence\u003c/b\u003e\u003c/td\u003e\u003ctd\u003e\u003cb\u003eDestination Code\u003c/b\u003e\u003c/td\u003e\u003c/tr\u003e\u003ctr\u003e\u003ctd\u003epostal\u003c/td\u003e\u003ctd\u003eequal\u003c/td\u003e\u003ctd\u003ePST (postal address)\u003c/td\u003e\u003c/tr\u003e\u003ctr\u003e\u003ctd\u003ephysical\u003c/td\u003e\u003ctd\u003eequal\u003c/td\u003e\u003ctd\u003ePHYS (physical visit address)\u003c/td\u003e\u003c/tr\u003e\u003c/table\u003e\u003c/div\u003e"
  },
  "url": "http://hl7.org/fhir/ConceptMap/cm-address-type-v3",
  "version": "4.0.0",
  "name": "v3.AddressType",
  "title": "v3 map for AddressType",
  "status": "draft",
  "date": "2018-12-27T22:37:54+11:00",
  "publisher": "HL7 (FHIR Project)",
  "contact": [
    {
      "telecom": [
        {
          "system": "url",
          "value": "http://hl7.org/fhir"
        },
        {
          "system": "email",
          "value": "fhir@lists.hl7.org"
        }
      ]
    }
  ],
  "sourceCanonical": "http://hl7.org/fhir/ValueSet/address-type",
  "targetCanonical": "http://terminology.hl7.org/ValueSet/v3-AddressUse",
  "group": [
    {
      "source": "http://hl7.org/fhir/address-type",
      "target": "http://terminology.hl7.org/CodeSystem/v3-AddressUse",
      "element": [
        {
          "code": "postal",
          "target": [
            {
              "code": "PST",
              "equivalence": "equal"
            }
          ]
        },
        {
          "code": "physical",
          "target": [
            {
              "code": "PHYS",
              "equivalence": "equal"
            }
          ]
        }
      ]
    }
  ]
}