{
  "resourceType": "ConceptMap",
  "id": "cm-administrative-gender-v3",
  "text": {
    "status": "generated",
    "div": "\u003cdiv xmlns\u003d\"http://www.w3.org/1999/xhtml\"\u003e\u003ch2\u003ev3.AdministrativeGender (http://hl7.org/fhir/ConceptMap/cm-administrative-gender-v3)\u003c/h2\u003e\u003cp\u003eMapping from \u003ca href\u003d\"valueset-administrative-gender.html\"\u003ehttp://hl7.org/fhir/ValueSet/administrative-gender\u003c/a\u003e to \u003ca href\u003d\"v3/AdministrativeGender/vs.html\"\u003ehttp://terminology.hl7.org/ValueSet/v3-AdministrativeGender\u003c/a\u003e\u003c/p\u003e\u003cp\u003eDRAFT. Published on 27/12/2018 10:37:54 PM by HL7 (FHIR Project). \u003c/p\u003e\u003cbr/\u003e\u003ctable class\u003d\"grid\"\u003e\u003ctr\u003e\u003ctd\u003e\u003cb\u003eSource Code\u003c/b\u003e\u003c/td\u003e\u003ctd\u003e\u003cb\u003eEquivalence\u003c/b\u003e\u003c/td\u003e\u003ctd\u003e\u003cb\u003eDestination Code\u003c/b\u003e\u003c/td\u003e\u003c/tr\u003e\u003ctr\u003e\u003ctd\u003emale\u003c/td\u003e\u003ctd\u003eequal\u003c/td\u003e\u003ctd\u003eM (Male)\u003c/td\u003e\u003c/tr\u003e\u003ctr\u003e\u003ctd\u003efemale\u003c/td\u003e\u003ctd\u003eequal\u003c/td\u003e\u003ctd\u003eF (Female)\u003c/td\u003e\u003c/tr\u003e\u003ctr\u003e\u003ctd\u003eother\u003c/td\u003e\u003ctd\u003ewider\u003c/td\u003e\u003ctd\u003eUN (Undifferentiated)\u003c/td\u003e\u003c/tr\u003e\u003ctr\u003e\u003ctd\u003eunknown\u003c/td\u003e\u003ctd\u003eequal\u003c/td\u003e\u003ctd\u003eUNK\u003c/td\u003e\u003c/tr\u003e\u003c/table\u003e\u003c/div\u003e"
  },
  "url": "http://hl7.org/fhir/ConceptMap/cm-administrative-gender-v3",
  "version": "4.0.0",
  "name": "v3.AdministrativeGender",
  "title": "v3 map for AdministrativeGender",
  "status": "draft",
  "date": "2018-12-27T22:37:54+11:00",
  "publisher": "HL7 (FHIR Project)",
  "sourceCanonical": "http://hl7.org/fhir/ValueSet/administrative-gender",
  "targetCanonical": "http://terminology.hl7.org/ValueSet/v3-AdministrativeGender",
  "group": [
    {
      "source": "http://hl7.org/fhir/administrative-gender",
      "target": "http://terminology.hl7.org/CodeSystem/v3-AdministrativeGender",
      "element": [
        {
          "code": "male",
          "target": [
            {
              "code": "M",
              "equivalence": "equal"
            }
          ]
        },
        {
          "code": "female",
          "target": [
            {
              "code": "F",
              "equivalence": "equal"
            }
          ]
        },
        {
          "code": "other",
          "target": [
            {
              "code": "UN",
              "equivalence": "wider"
            }
          ]
        },
        {
          "code": "unknown",
          "target": [
            {
              "code": "UNK",
              "equivalence": "equal"
            }
          ]
        }
      ]
    }
  ]
}