{
  "resourceType": "ConceptMap",
  "id": "cm-contact-point-use-v3",
  "text": {
    "status": "generated",
    "div": "\u003cdiv xmlns\u003d\"http://www.w3.org/1999/xhtml\"\u003e\u003ch2\u003ev3.ContactPointUse (http://hl7.org/fhir/ConceptMap/cm-contact-point-use-v3)\u003c/h2\u003e\u003cp\u003eMapping from \u003ca href\u003d\"valueset-contact-point-use.html\"\u003ehttp://hl7.org/fhir/ValueSet/contact-point-use\u003c/a\u003e to \u003ca href\u003d\"v3/AddressUse/vs.html\"\u003ehttp://terminology.hl7.org/ValueSet/v3-AddressUse\u003c/a\u003e\u003c/p\u003e\u003cp\u003eDRAFT. Published on 27/12/2018 10:37:54 PM by HL7 (FHIR Project) (\u003ca href\u003d\"http://hl7.org/fhir\"\u003ehttp://hl7.org/fhir\u003c/a\u003e, \u003ca href\u003d\"mailto:fhir@lists.hl7.org\"\u003efhir@lists.hl7.org\u003c/a\u003e). \u003c/p\u003e\u003cbr/\u003e\u003ctable class\u003d\"grid\"\u003e\u003ctr\u003e\u003ctd colspan\u003d\"1\"\u003e\u003cb\u003eSource Concept Details\u003c/b\u003e\u003c/td\u003e\u003ctd\u003e\u003cb\u003eEquivalence\u003c/b\u003e\u003c/td\u003e\u003ctd colspan\u003d\"1\"\u003e\u003cb\u003eDestination Concept Details\u003c/b\u003e\u003c/td\u003e\u003ctd\u003e\u003cb\u003eComment\u003c/b\u003e\u003c/td\u003e\u003c/tr\u003e\u003ctr\u003e\u003ctd\u003e\u003cb\u003eCode\u003c/b\u003e from \u003ca href\u003d\"codesystem-contact-point-use.html\" title\u003d\"http://hl7.org/fhir/contact-point-use\"\u003eContactPointUse\u003c/a\u003e\u003c/td\u003e\u003ctd/\u003e\u003ctd\u003e\u003cb\u003eCode\u003c/b\u003e from \u003ca href\u003d\"v3/AddressUse/cs.html\" title\u003d\"http://terminology.hl7.org/CodeSystem/v3-AddressUse\"\u003ev3 Code System AddressUse\u003c/a\u003e\u003c/td\u003e\u003ctd/\u003e\u003c/tr\u003e\u003ctr\u003e\u003ctd\u003ehome (Home)\u003c/td\u003e\u003ctd\u003e\u003ca href\u003d\"codesystem-concept-map-equivalence.html#equal\"\u003eequal\u003c/a\u003e\u003c/td\u003e\u003ctd\u003eH (home address)\u003c/td\u003e\u003ctd/\u003e\u003c/tr\u003e\u003ctr\u003e\u003ctd\u003ework (Work)\u003c/td\u003e\u003ctd\u003e\u003ca href\u003d\"codesystem-concept-map-equivalence.html#equal\"\u003eequal\u003c/a\u003e\u003c/td\u003e\u003ctd\u003eWP (work place)\u003c/td\u003e\u003ctd/\u003e\u003c/tr\u003e\u003ctr\u003e\u003ctd\u003etemp (Temp)\u003c/td\u003e\u003ctd\u003e\u003ca href\u003d\"codesystem-concept-map-equivalence.html#equal\"\u003eequal\u003c/a\u003e\u003c/td\u003e\u003ctd\u003eTMP (temporary address)\u003c/td\u003e\u003ctd/\u003e\u003c/tr\u003e\u003ctr\u003e\u003ctd style\u003d\"border-bottom-style: none\"\u003eold (Old)\u003c/td\u003e\u003ctd\u003e\u003ca href\u003d\"codesystem-concept-map-equivalence.html#narrower\"\u003enarrower\u003c/a\u003e\u003c/td\u003e\u003ctd\u003eOLD (no longer in use)\u003c/td\u003e\u003ctd\u003eOld and Bad\u003c/td\u003e\u003c/tr\u003e\u003ctr\u003e\u003ctd style\u003d\"border-top-style: none\"/\u003e\u003ctd\u003e\u003ca href\u003d\"codesystem-concept-map-equivalence.html#narrower\"\u003enarrower\u003c/a\u003e\u003c/td\u003e\u003ctd\u003eBAD (bad address)\u003c/td\u003e\u003ctd\u003eOld and Bad\u003c/td\u003e\u003c/tr\u003e\u003ctr\u003e\u003ctd\u003emobile (Mobile)\u003c/td\u003e\u003ctd\u003e\u003ca href\u003d\"codesystem-concept-map-equivalence.html#equal\"\u003eequal\u003c/a\u003e\u003c/td\u003e\u003ctd\u003eMC (mobile contact))\u003c/td\u003e\u003ctd/\u003e\u003c/tr\u003e\u003c/table\u003e\u003c/div\u003e"
  },
  "url": "http://hl7.org/fhir/ConceptMap/cm-contact-point-use-v3",
  "version": "4.0.0",
  "name": "v3.ContactPointUse",
  "title": "v3 map for ContactPointUse",
  "status": "draft",
  "date": "2018-12-27T22:37:54+11:00",
  "publisher": "HL7 (FHIR Project)",
  "contact": [
    {
      "telecom": [
        {
          "system": "url",
          "value": "http://hl7.org/fhir"
        },
        {
          "system": "email",
          "value": "fhir@lists.hl7.org"
        }
      ]
    }
  ],
  "sourceCanonical": "http://hl7.org/fhir/ValueSet/contact-point-use",
  "targetCanonical": "http://terminology.hl7.org/ValueSet/v3-AddressUse",
  "group": [
    {
      "source": "http://hl7.org/fhir/contact-point-use",
      "target": "http://terminology.hl7.org/CodeSystem/v3-AddressUse",
      "element": [
        {
          "code": "home",
          "target": [
            {
              "code": "H",
              "equivalence": "equal"
            }
          ]
        },
        {
          "code": "work",
          "target": [
            {
              "code": "WP",
              "equivalence": "equal"
            }
          ]
        },
        {
          "code": "temp",
          "target": [
            {
              "code": "TMP",
              "equivalence": "equal"
            }
          ]
        },
        {
          "code": "old",
          "target": [
            {
              "code": "OLD",
              "equivalence": "narrower",
              "comment": "Old and Bad"
            },
            {
              "code": "BAD",
              "equivalence": "narrower",
              "comment": "Old and Bad"
            }
          ]
        },
        {
          "code": "mobile",
          "target": [
            {
              "code": "MC",
              "equivalence": "equal"
            }
          ]
        }
      ]
    }
  ]
}