{
  "resourceType": "ConceptMap",
  "id": "cm-document-reference-status-v3",
  "text": {
    "status": "generated",
    "div": "\u003cdiv xmlns\u003d\"http://www.w3.org/1999/xhtml\"\u003e\u003ch2\u003ev3.DocumentReferenceStatus (http://hl7.org/fhir/ConceptMap/cm-document-reference-status-v3)\u003c/h2\u003e\u003cp\u003eMapping from \u003ca href\u003d\"valueset-document-reference-status.html\"\u003ehttp://hl7.org/fhir/ValueSet/document-reference-status\u003c/a\u003e to \u003ca href\u003d\"v3/ActStatus/vs.html\"\u003ehttp://terminology.hl7.org/ValueSet/v3-ActStatus\u003c/a\u003e\u003c/p\u003e\u003cp\u003eDRAFT. Published on 27/12/2018 10:37:54 PM by HL7 (FHIR Project). \u003c/p\u003e\u003cbr/\u003e\u003ctable class\u003d\"grid\"\u003e\u003ctr\u003e\u003ctd\u003e\u003cb\u003eSource Code\u003c/b\u003e\u003c/td\u003e\u003ctd\u003e\u003cb\u003eEquivalence\u003c/b\u003e\u003c/td\u003e\u003ctd\u003e\u003cb\u003eDestination Code\u003c/b\u003e\u003c/td\u003e\u003c/tr\u003e\u003ctr\u003e\u003ctd\u003ecurrent\u003c/td\u003e\u003ctd\u003eequivalent\u003c/td\u003e\u003ctd\u003eactive\u003c/td\u003e\u003c/tr\u003e\u003ctr\u003e\u003ctd\u003esuperseded\u003c/td\u003e\u003ctd\u003eequivalent\u003c/td\u003e\u003ctd\u003eobsolete\u003c/td\u003e\u003c/tr\u003e\u003ctr\u003e\u003ctd\u003eentered-in-error\u003c/td\u003e\u003ctd\u003eequivalent\u003c/td\u003e\u003ctd\u003enullified\u003c/td\u003e\u003c/tr\u003e\u003c/table\u003e\u003c/div\u003e"
  },
  "url": "http://hl7.org/fhir/ConceptMap/cm-document-reference-status-v3",
  "version": "4.0.0",
  "name": "v3.DocumentReferenceStatus",
  "title": "v3 map for DocumentReferenceStatus",
  "status": "draft",
  "date": "2018-12-27T22:37:54+11:00",
  "publisher": "HL7 (FHIR Project)",
  "sourceCanonical": "http://hl7.org/fhir/ValueSet/document-reference-status",
  "targetCanonical": "http://terminology.hl7.org/ValueSet/v3-ActStatus",
  "group": [
    {
      "source": "http://hl7.org/fhir/document-reference-status",
      "target": "http://terminology.hl7.org/CodeSystem/v3-ActStatus",
      "element": [
        {
          "code": "current",
          "target": [
            {
              "code": "active",
              "equivalence": "equivalent"
            }
          ]
        },
        {
          "code": "superseded",
          "target": [
            {
              "code": "obsolete",
              "equivalence": "equivalent"
            }
          ]
        },
        {
          "code": "entered-in-error",
          "target": [
            {
              "code": "nullified",
              "equivalence": "equivalent"
            }
          ]
        }
      ]
    }
  ]
}