{
  "resourceType": "CodeSystem",
  "id": "language-preference-type",
  "meta": {
    "lastUpdated": "2018-12-27T22:37:54.724+11:00",
    "profile": [
      "http://hl7.org/fhir/StructureDefinition/shareablecodesystem"
    ]
  },
  "text": {
    "status": "generated",
    "div": "\u003cdiv xmlns\u003d\"http://www.w3.org/1999/xhtml\"\u003e\u003ch2\u003eLanguage preference type\u003c/h2\u003e\u003cdiv\u003e\u003cp\u003eThis value set defines the set of codes for describing the type or mode of the patient\u0027s preferred language.\u003c/p\u003e\n\u003c/div\u003e\u003cp\u003eThis code system http://hl7.org/fhir/language-preference-type defines the following codes:\u003c/p\u003e\u003ctable class\u003d\"codes\"\u003e\u003ctr\u003e\u003ctd style\u003d\"white-space:nowrap\"\u003e\u003cb\u003eCode\u003c/b\u003e\u003c/td\u003e\u003ctd\u003e\u003cb\u003eDisplay\u003c/b\u003e\u003c/td\u003e\u003ctd\u003e\u003cb\u003eDefinition\u003c/b\u003e\u003c/td\u003e\u003c/tr\u003e\u003ctr\u003e\u003ctd style\u003d\"white-space:nowrap\"\u003everbal\u003ca name\u003d\"language-preference-type-verbal\"\u003e \u003c/a\u003e\u003c/td\u003e\u003ctd\u003everbal\u003c/td\u003e\u003ctd\u003eThe patient prefers to verbally communicate with the associated language.\u003c/td\u003e\u003c/tr\u003e\u003ctr\u003e\u003ctd style\u003d\"white-space:nowrap\"\u003ewritten\u003ca name\u003d\"language-preference-type-written\"\u003e \u003c/a\u003e\u003c/td\u003e\u003ctd\u003ewritten\u003c/td\u003e\u003ctd\u003eThe patient prefers to communicate in writing with the associated language.\u003c/td\u003e\u003c/tr\u003e\u003c/table\u003e\u003c/div\u003e"
  },
  "url": "http://hl7.org/fhir/language-preference-type",
  "identifier": [
    {
      "system": "urn:ietf:rfc:3986",
      "value": "urn:oid:2.16.840.1.113883.4.642.1.1023"
    }
  ],
  "version": "4.0.0",
  "name": "LanguagePreferenceType",
  "title": "Language preference type",
  "status": "draft",
  "experimental": false,
  "publisher": "FHIR Project team",
  "contact": [
    {
      "telecom": [
        {
          "system": "url",
          "value": "http://hl7.org/fhir"
        }
      ]
    }
  ],
  "description": "This value set defines the set of codes for describing the type or mode of the patient\u0027s preferred language.",
  "caseSensitive": true,
  "content": "complete",
  "concept": [
    {
      "code": "verbal",
      "display": "verbal",
      "definition": "The patient prefers to verbally communicate with the associated language."
    },
    {
      "code": "written",
      "display": "written",
      "definition": "The patient prefers to communicate in writing with the associated language."
    }
  ]
}