{
  "resourceType": "CodeSystem",
  "id": "ex-payee-resource-type",
  "meta": {
    "lastUpdated": "2018-12-27T22:37:54.724+11:00"
  },
  "text": {
    "status": "generated",
    "div": "\u003cdiv xmlns\u003d\"http://www.w3.org/1999/xhtml\"\u003e\u003ch2\u003eClaimPayeeResourceType\u003c/h2\u003e\u003cdiv\u003e\u003cp\u003eThe type of Claim payee Resource.\u003c/p\u003e\n\u003c/div\u003e\u003cp\u003eThis code system http://terminology.hl7.org/CodeSystem/ex-payee-resource-type defines the following codes:\u003c/p\u003e\u003ctable class\u003d\"codes\"\u003e\u003ctr\u003e\u003ctd style\u003d\"white-space:nowrap\"\u003e\u003cb\u003eCode\u003c/b\u003e\u003c/td\u003e\u003ctd\u003e\u003cb\u003eDisplay\u003c/b\u003e\u003c/td\u003e\u003ctd\u003e\u003cb\u003eDefinition\u003c/b\u003e\u003c/td\u003e\u003c/tr\u003e\u003ctr\u003e\u003ctd style\u003d\"white-space:nowrap\"\u003eorganization\u003ca name\u003d\"ex-payee-resource-type-organization\"\u003e \u003c/a\u003e\u003c/td\u003e\u003ctd\u003eOrganization\u003c/td\u003e\u003ctd\u003eOrganization resource.\u003c/td\u003e\u003c/tr\u003e\u003ctr\u003e\u003ctd style\u003d\"white-space:nowrap\"\u003epatient\u003ca name\u003d\"ex-payee-resource-type-patient\"\u003e \u003c/a\u003e\u003c/td\u003e\u003ctd\u003ePatient\u003c/td\u003e\u003ctd\u003ePatient resource.\u003c/td\u003e\u003c/tr\u003e\u003ctr\u003e\u003ctd style\u003d\"white-space:nowrap\"\u003epractitioner\u003ca name\u003d\"ex-payee-resource-type-practitioner\"\u003e \u003c/a\u003e\u003c/td\u003e\u003ctd\u003ePractitioner\u003c/td\u003e\u003ctd\u003ePractitioner resource.\u003c/td\u003e\u003c/tr\u003e\u003ctr\u003e\u003ctd style\u003d\"white-space:nowrap\"\u003erelatedperson\u003ca name\u003d\"ex-payee-resource-type-relatedperson\"\u003e \u003c/a\u003e\u003c/td\u003e\u003ctd\u003eRelatedPerson\u003c/td\u003e\u003ctd\u003eRelatedPerson resource.\u003c/td\u003e\u003c/tr\u003e\u003c/table\u003e\u003c/div\u003e"
  },
  "url": "http://terminology.hl7.org/CodeSystem/ex-payee-resource-type",
  "identifier": [
    {
      "system": "urn:ietf:rfc:3986",
      "value": "urn:oid:2.16.840.1.113883.4.642.1.1164"
    }
  ],
  "version": "4.0.0",
  "name": "ClaimPayeeResourceType",
  "title": "ClaimPayeeResourceType",
  "status": "draft",
  "experimental": false,
  "date": "2018-12-27T22:37:54+11:00",
  "publisher": "HL7 (FHIR Project)",
  "contact": [
    {
      "telecom": [
        {
          "system": "url",
          "value": "http://hl7.org/fhir"
        },
        {
          "system": "email",
          "value": "fhir@lists.hl7.org"
        }
      ]
    }
  ],
  "description": "The type of Claim payee Resource.",
  "caseSensitive": true,
  "valueSet": "http://hl7.org/fhir/ValueSet/ex-payee-resource-type",
  "content": "complete",
  "concept": [
    {
      "code": "organization",
      "display": "Organization",
      "definition": "Organization resource."
    },
    {
      "code": "patient",
      "display": "Patient",
      "definition": "Patient resource."
    },
    {
      "code": "practitioner",
      "display": "Practitioner",
      "definition": "Practitioner resource."
    },
    {
      "code": "relatedperson",
      "display": "RelatedPerson",
      "definition": "RelatedPerson resource."
    }
  ]
}