{
  "resourceType": "CodeSystem",
  "id": "allergy-intolerance-category",
  "meta": {
    "lastUpdated": "2018-12-27T22:37:54.724+11:00"
  },
  "text": {
    "status": "generated",
    "div": "\u003cdiv xmlns\u003d\"http://www.w3.org/1999/xhtml\"\u003e\u003ch2\u003eAllergyIntoleranceCategory\u003c/h2\u003e\u003cdiv\u003e\u003cp\u003eCategory of an identified substance associated with allergies or intolerances.\u003c/p\u003e\n\u003c/div\u003e\u003cp\u003eThis code system http://hl7.org/fhir/allergy-intolerance-category defines the following codes:\u003c/p\u003e\u003ctable class\u003d\"codes\"\u003e\u003ctr\u003e\u003ctd style\u003d\"white-space:nowrap\"\u003e\u003cb\u003eCode\u003c/b\u003e\u003c/td\u003e\u003ctd\u003e\u003cb\u003eDisplay\u003c/b\u003e\u003c/td\u003e\u003ctd\u003e\u003cb\u003eDefinition\u003c/b\u003e\u003c/td\u003e\u003c/tr\u003e\u003ctr\u003e\u003ctd style\u003d\"white-space:nowrap\"\u003efood\u003ca name\u003d\"allergy-intolerance-category-food\"\u003e \u003c/a\u003e\u003c/td\u003e\u003ctd\u003eFood\u003c/td\u003e\u003ctd\u003eAny substance consumed to provide nutritional support for the body.\u003c/td\u003e\u003c/tr\u003e\u003ctr\u003e\u003ctd style\u003d\"white-space:nowrap\"\u003emedication\u003ca name\u003d\"allergy-intolerance-category-medication\"\u003e \u003c/a\u003e\u003c/td\u003e\u003ctd\u003eMedication\u003c/td\u003e\u003ctd\u003eSubstances administered to achieve a physiological effect.\u003c/td\u003e\u003c/tr\u003e\u003ctr\u003e\u003ctd style\u003d\"white-space:nowrap\"\u003eenvironment\u003ca name\u003d\"allergy-intolerance-category-environment\"\u003e \u003c/a\u003e\u003c/td\u003e\u003ctd\u003eEnvironment\u003c/td\u003e\u003ctd\u003eAny substances that are encountered in the environment, including any substance not already classified as food, medication, or biologic.\u003c/td\u003e\u003c/tr\u003e\u003ctr\u003e\u003ctd style\u003d\"white-space:nowrap\"\u003ebiologic\u003ca name\u003d\"allergy-intolerance-category-biologic\"\u003e \u003c/a\u003e\u003c/td\u003e\u003ctd\u003eBiologic\u003c/td\u003e\u003ctd\u003eA preparation that is synthesized from living organisms or their products, especially a human or animal protein, such as a hormone or antitoxin, that is used as a diagnostic, preventive, or therapeutic agent. Examples of biologic medications include: vaccines; allergenic extracts, which are used for both diagnosis and treatment (for example, allergy shots); gene therapies; cellular therapies.  There are other biologic products, such as tissues, which are not typically associated with allergies.\u003c/td\u003e\u003c/tr\u003e\u003c/table\u003e\u003c/div\u003e"
  },
  "extension": [
    {
      "url": "http://hl7.org/fhir/StructureDefinition/structuredefinition-wg",
      "valueCode": "pc"
    },
    {
      "url": "http://hl7.org/fhir/StructureDefinition/structuredefinition-standards-status",
      "valueCode": "trial-use"
    },
    {
      "url": "http://hl7.org/fhir/StructureDefinition/structuredefinition-fmm",
      "valueInteger": 3
    }
  ],
  "url": "http://hl7.org/fhir/allergy-intolerance-category",
  "identifier": [
    {
      "system": "urn:ietf:rfc:3986",
      "value": "urn:oid:2.16.840.1.113883.4.642.1.134"
    }
  ],
  "version": "4.0.0",
  "name": "AllergyIntoleranceCategory",
  "title": "AllergyIntoleranceCategory",
  "status": "draft",
  "experimental": false,
  "date": "2018-12-27T22:37:54+11:00",
  "publisher": "HL7 (FHIR Project)",
  "contact": [
    {
      "telecom": [
        {
          "system": "url",
          "value": "http://hl7.org/fhir"
        },
        {
          "system": "email",
          "value": "fhir@lists.hl7.org"
        }
      ]
    }
  ],
  "description": "Category of an identified substance associated with allergies or intolerances.",
  "caseSensitive": true,
  "valueSet": "http://hl7.org/fhir/ValueSet/allergy-intolerance-category",
  "content": "complete",
  "concept": [
    {
      "code": "food",
      "display": "Food",
      "definition": "Any substance consumed to provide nutritional support for the body."
    },
    {
      "code": "medication",
      "display": "Medication",
      "definition": "Substances administered to achieve a physiological effect."
    },
    {
      "code": "environment",
      "display": "Environment",
      "definition": "Any substances that are encountered in the environment, including any substance not already classified as food, medication, or biologic."
    },
    {
      "code": "biologic",
      "display": "Biologic",
      "definition": "A preparation that is synthesized from living organisms or their products, especially a human or animal protein, such as a hormone or antitoxin, that is used as a diagnostic, preventive, or therapeutic agent. Examples of biologic medications include: vaccines; allergenic extracts, which are used for both diagnosis and treatment (for example, allergy shots); gene therapies; cellular therapies.  There are other biologic products, such as tissues, which are not typically associated with allergies."
    }
  ]
}