{
  "resourceType": "CodeSystem",
  "id": "http-verb",
  "meta": {
    "lastUpdated": "2018-12-27T22:37:54.724+11:00"
  },
  "text": {
    "status": "generated",
    "div": "\u003cdiv xmlns\u003d\"http://www.w3.org/1999/xhtml\"\u003e\u003ch2\u003eHTTPVerb\u003c/h2\u003e\u003cdiv\u003e\u003cp\u003eHTTP verbs (in the HTTP command line). See \u003ca href\u003d\"https://tools.ietf.org/html/rfc7231\"\u003eHTTP rfc\u003c/a\u003e for details.\u003c/p\u003e\n\u003c/div\u003e\u003cp\u003eThis code system http://hl7.org/fhir/http-verb defines the following codes:\u003c/p\u003e\u003ctable class\u003d\"codes\"\u003e\u003ctr\u003e\u003ctd style\u003d\"white-space:nowrap\"\u003e\u003cb\u003eCode\u003c/b\u003e\u003c/td\u003e\u003ctd\u003e\u003cb\u003eDisplay\u003c/b\u003e\u003c/td\u003e\u003ctd\u003e\u003cb\u003eDefinition\u003c/b\u003e\u003c/td\u003e\u003c/tr\u003e\u003ctr\u003e\u003ctd style\u003d\"white-space:nowrap\"\u003eGET\u003ca name\u003d\"http-verb-GET\"\u003e \u003c/a\u003e\u003c/td\u003e\u003ctd\u003eGET\u003c/td\u003e\u003ctd\u003eHTTP GET Command.\u003c/td\u003e\u003c/tr\u003e\u003ctr\u003e\u003ctd style\u003d\"white-space:nowrap\"\u003eHEAD\u003ca name\u003d\"http-verb-HEAD\"\u003e \u003c/a\u003e\u003c/td\u003e\u003ctd\u003eHEAD\u003c/td\u003e\u003ctd\u003eHTTP HEAD Command.\u003c/td\u003e\u003c/tr\u003e\u003ctr\u003e\u003ctd style\u003d\"white-space:nowrap\"\u003ePOST\u003ca name\u003d\"http-verb-POST\"\u003e \u003c/a\u003e\u003c/td\u003e\u003ctd\u003ePOST\u003c/td\u003e\u003ctd\u003eHTTP POST Command.\u003c/td\u003e\u003c/tr\u003e\u003ctr\u003e\u003ctd style\u003d\"white-space:nowrap\"\u003ePUT\u003ca name\u003d\"http-verb-PUT\"\u003e \u003c/a\u003e\u003c/td\u003e\u003ctd\u003ePUT\u003c/td\u003e\u003ctd\u003eHTTP PUT Command.\u003c/td\u003e\u003c/tr\u003e\u003ctr\u003e\u003ctd style\u003d\"white-space:nowrap\"\u003eDELETE\u003ca name\u003d\"http-verb-DELETE\"\u003e \u003c/a\u003e\u003c/td\u003e\u003ctd\u003eDELETE\u003c/td\u003e\u003ctd\u003eHTTP DELETE Command.\u003c/td\u003e\u003c/tr\u003e\u003ctr\u003e\u003ctd style\u003d\"white-space:nowrap\"\u003ePATCH\u003ca name\u003d\"http-verb-PATCH\"\u003e \u003c/a\u003e\u003c/td\u003e\u003ctd\u003ePATCH\u003c/td\u003e\u003ctd\u003eHTTP PATCH Command.\u003c/td\u003e\u003c/tr\u003e\u003c/table\u003e\u003c/div\u003e"
  },
  "extension": [
    {
      "url": "http://hl7.org/fhir/StructureDefinition/structuredefinition-wg",
      "valueCode": "fhir"
    },
    {
      "url": "http://hl7.org/fhir/StructureDefinition/structuredefinition-standards-status",
      "valueCode": "normative"
    },
    {
      "url": "http://hl7.org/fhir/StructureDefinition/structuredefinition-normative-version",
      "valueCode": "4.0.0"
    },
    {
      "url": "http://hl7.org/fhir/StructureDefinition/structuredefinition-fmm",
      "valueInteger": 5
    }
  ],
  "url": "http://hl7.org/fhir/http-verb",
  "identifier": [
    {
      "system": "urn:ietf:rfc:3986",
      "value": "urn:oid:2.16.840.1.113883.4.642.1.625"
    }
  ],
  "version": "4.0.0",
  "name": "HTTPVerb",
  "title": "HTTPVerb",
  "status": "active",
  "experimental": false,
  "date": "2018-12-27T22:37:54+11:00",
  "publisher": "HL7 (FHIR Project)",
  "contact": [
    {
      "telecom": [
        {
          "system": "url",
          "value": "http://hl7.org/fhir"
        },
        {
          "system": "email",
          "value": "fhir@lists.hl7.org"
        }
      ]
    }
  ],
  "description": "HTTP verbs (in the HTTP command line). See [HTTP rfc](https://tools.ietf.org/html/rfc7231) for details.",
  "caseSensitive": true,
  "valueSet": "http://hl7.org/fhir/ValueSet/http-verb",
  "content": "complete",
  "concept": [
    {
      "code": "GET",
      "display": "GET",
      "definition": "HTTP GET Command."
    },
    {
      "code": "HEAD",
      "display": "HEAD",
      "definition": "HTTP HEAD Command."
    },
    {
      "code": "POST",
      "display": "POST",
      "definition": "HTTP POST Command."
    },
    {
      "code": "PUT",
      "display": "PUT",
      "definition": "HTTP PUT Command."
    },
    {
      "code": "DELETE",
      "display": "DELETE",
      "definition": "HTTP DELETE Command."
    },
    {
      "code": "PATCH",
      "display": "PATCH",
      "definition": "HTTP PATCH Command."
    }
  ]
}