{
  "resourceType": "CodeSystem",
  "id": "media-type",
  "meta": {
    "lastUpdated": "2018-12-27T22:37:54.724+11:00",
    "profile": [
      "http://hl7.org/fhir/StructureDefinition/shareablecodesystem"
    ]
  },
  "text": {
    "status": "generated",
    "div": "\u003cdiv xmlns\u003d\"http://www.w3.org/1999/xhtml\"\u003e\u003ch2\u003eMedia Type\u003c/h2\u003e\u003cdiv\u003e\u003cp\u003eCodes for high level media categories.\u003c/p\u003e\n\u003c/div\u003e\u003cp\u003eThis code system http://terminology.hl7.org/CodeSystem/media-type defines the following codes:\u003c/p\u003e\u003ctable class\u003d\"codes\"\u003e\u003ctr\u003e\u003ctd style\u003d\"white-space:nowrap\"\u003e\u003cb\u003eCode\u003c/b\u003e\u003c/td\u003e\u003ctd\u003e\u003cb\u003eDisplay\u003c/b\u003e\u003c/td\u003e\u003ctd\u003e\u003cb\u003eDefinition\u003c/b\u003e\u003c/td\u003e\u003c/tr\u003e\u003ctr\u003e\u003ctd style\u003d\"white-space:nowrap\"\u003eimage\u003ca name\u003d\"media-type-image\"\u003e \u003c/a\u003e\u003c/td\u003e\u003ctd\u003eImage\u003c/td\u003e\u003ctd\u003eThe media consists of one or more unmoving images, including photographs, computer-generated graphs and charts, and scanned documents\u003c/td\u003e\u003c/tr\u003e\u003ctr\u003e\u003ctd style\u003d\"white-space:nowrap\"\u003evideo\u003ca name\u003d\"media-type-video\"\u003e \u003c/a\u003e\u003c/td\u003e\u003ctd\u003eVideo\u003c/td\u003e\u003ctd\u003eThe media consists of a series of frames that capture a moving image\u003c/td\u003e\u003c/tr\u003e\u003ctr\u003e\u003ctd style\u003d\"white-space:nowrap\"\u003eaudio\u003ca name\u003d\"media-type-audio\"\u003e \u003c/a\u003e\u003c/td\u003e\u003ctd\u003eAudio\u003c/td\u003e\u003ctd\u003eThe media consists of a sound recording\u003c/td\u003e\u003c/tr\u003e\u003c/table\u003e\u003c/div\u003e"
  },
  "extension": [
    {
      "url": "http://hl7.org/fhir/StructureDefinition/structuredefinition-wg",
      "valueCode": "oo"
    },
    {
      "url": "http://hl7.org/fhir/StructureDefinition/structuredefinition-standards-status",
      "valueCode": "trial-use"
    },
    {
      "url": "http://hl7.org/fhir/StructureDefinition/structuredefinition-fmm",
      "valueInteger": 1
    }
  ],
  "url": "http://terminology.hl7.org/CodeSystem/media-type",
  "identifier": [
    {
      "system": "urn:ietf:rfc:3986",
      "value": "urn:oid:2.16.840.1.113883.4.642.1.326"
    }
  ],
  "version": "4.0.0",
  "name": "MediaType",
  "title": "Media Type",
  "status": "draft",
  "experimental": false,
  "date": "2017-12-08T12:32:59+10:00",
  "publisher": "HL7 (FHIR Project)",
  "contact": [
    {
      "telecom": [
        {
          "system": "url",
          "value": "http://hl7.org/fhir"
        },
        {
          "system": "email",
          "value": "fhir@lists.hl7.org"
        }
      ]
    },
    {
      "telecom": [
        {
          "system": "url",
          "value": "http://hl7.org/fhir"
        },
        {
          "system": "email",
          "value": "fhir@lists.hl7.org"
        }
      ]
    }
  ],
  "description": "Codes for high level media categories.",
  "caseSensitive": true,
  "valueSet": "http://hl7.org/fhir/ValueSet/media-type",
  "content": "complete",
  "concept": [
    {
      "code": "image",
      "display": "Image",
      "definition": "The media consists of one or more unmoving images, including photographs, computer-generated graphs and charts, and scanned documents"
    },
    {
      "code": "video",
      "display": "Video",
      "definition": "The media consists of a series of frames that capture a moving image"
    },
    {
      "code": "audio",
      "display": "Audio",
      "definition": "The media consists of a sound recording"
    }
  ]
}