{
  "resourceType": "CodeSystem",
  "id": "adverse-event-outcome",
  "meta": {
    "lastUpdated": "2018-12-27T22:37:54.724+11:00"
  },
  "text": {
    "status": "generated",
    "div": "\u003cdiv xmlns\u003d\"http://www.w3.org/1999/xhtml\"\u003e\u003ch2\u003eAdverseEventOutcome\u003c/h2\u003e\u003cdiv\u003e\u003cp\u003eTODO (and should this be required?).\u003c/p\u003e\n\u003c/div\u003e\u003cp\u003eThis code system http://terminology.hl7.org/CodeSystem/adverse-event-outcome defines the following codes:\u003c/p\u003e\u003ctable class\u003d\"codes\"\u003e\u003ctr\u003e\u003ctd style\u003d\"white-space:nowrap\"\u003e\u003cb\u003eCode\u003c/b\u003e\u003c/td\u003e\u003ctd\u003e\u003cb\u003eDisplay\u003c/b\u003e\u003c/td\u003e\u003ctd\u003e\u003cb\u003eDefinition\u003c/b\u003e\u003c/td\u003e\u003c/tr\u003e\u003ctr\u003e\u003ctd style\u003d\"white-space:nowrap\"\u003eresolved\u003ca name\u003d\"adverse-event-outcome-resolved\"\u003e \u003c/a\u003e\u003c/td\u003e\u003ctd\u003eResolved\u003c/td\u003e\u003ctd/\u003e\u003c/tr\u003e\u003ctr\u003e\u003ctd style\u003d\"white-space:nowrap\"\u003erecovering\u003ca name\u003d\"adverse-event-outcome-recovering\"\u003e \u003c/a\u003e\u003c/td\u003e\u003ctd\u003eRecovering\u003c/td\u003e\u003ctd/\u003e\u003c/tr\u003e\u003ctr\u003e\u003ctd style\u003d\"white-space:nowrap\"\u003eongoing\u003ca name\u003d\"adverse-event-outcome-ongoing\"\u003e \u003c/a\u003e\u003c/td\u003e\u003ctd\u003eOngoing\u003c/td\u003e\u003ctd/\u003e\u003c/tr\u003e\u003ctr\u003e\u003ctd style\u003d\"white-space:nowrap\"\u003eresolvedWithSequelae\u003ca name\u003d\"adverse-event-outcome-resolvedWithSequelae\"\u003e \u003c/a\u003e\u003c/td\u003e\u003ctd\u003eResolved with Sequelae\u003c/td\u003e\u003ctd/\u003e\u003c/tr\u003e\u003ctr\u003e\u003ctd style\u003d\"white-space:nowrap\"\u003efatal\u003ca name\u003d\"adverse-event-outcome-fatal\"\u003e \u003c/a\u003e\u003c/td\u003e\u003ctd\u003eFatal\u003c/td\u003e\u003ctd/\u003e\u003c/tr\u003e\u003ctr\u003e\u003ctd style\u003d\"white-space:nowrap\"\u003eunknown\u003ca name\u003d\"adverse-event-outcome-unknown\"\u003e \u003c/a\u003e\u003c/td\u003e\u003ctd\u003eUnknown\u003c/td\u003e\u003ctd/\u003e\u003c/tr\u003e\u003c/table\u003e\u003c/div\u003e"
  },
  "extension": [
    {
      "url": "http://hl7.org/fhir/StructureDefinition/structuredefinition-wg",
      "valueCode": "pc"
    },
    {
      "url": "http://hl7.org/fhir/StructureDefinition/structuredefinition-standards-status",
      "valueCode": "trial-use"
    },
    {
      "url": "http://hl7.org/fhir/StructureDefinition/structuredefinition-fmm",
      "valueInteger": 0
    }
  ],
  "url": "http://terminology.hl7.org/CodeSystem/adverse-event-outcome",
  "identifier": [
    {
      "system": "urn:ietf:rfc:3986",
      "value": "urn:oid:2.16.840.1.113883.4.642.1.1252"
    }
  ],
  "version": "4.0.0",
  "name": "AdverseEventOutcome",
  "title": "AdverseEventOutcome",
  "status": "draft",
  "experimental": false,
  "date": "2018-12-27T22:37:54+11:00",
  "publisher": "HL7 (FHIR Project)",
  "contact": [
    {
      "telecom": [
        {
          "system": "url",
          "value": "http://hl7.org/fhir"
        },
        {
          "system": "email",
          "value": "fhir@lists.hl7.org"
        }
      ]
    }
  ],
  "description": "TODO (and should this be required?).",
  "caseSensitive": true,
  "valueSet": "http://hl7.org/fhir/ValueSet/adverse-event-outcome",
  "content": "complete",
  "concept": [
    {
      "code": "resolved",
      "display": "Resolved"
    },
    {
      "code": "recovering",
      "display": "Recovering"
    },
    {
      "code": "ongoing",
      "display": "Ongoing"
    },
    {
      "code": "resolvedWithSequelae",
      "display": "Resolved with Sequelae"
    },
    {
      "code": "fatal",
      "display": "Fatal"
    },
    {
      "code": "unknown",
      "display": "Unknown"
    }
  ]
}