{
  "resourceType": "CodeSystem",
  "id": "exposure-state",
  "meta": {
    "lastUpdated": "2018-12-27T22:37:54.724+11:00"
  },
  "text": {
    "status": "generated",
    "div": "\u003cdiv xmlns\u003d\"http://www.w3.org/1999/xhtml\"\u003e\u003ch2\u003eExposureState\u003c/h2\u003e\u003cdiv\u003e\u003cp\u003eWhether the results by exposure is describing the results for the primary exposure of interest (exposure) or the alternative state (exposureAlternative).\u003c/p\u003e\n\u003c/div\u003e\u003cp\u003eThis code system http://hl7.org/fhir/exposure-state defines the following codes:\u003c/p\u003e\u003ctable class\u003d\"codes\"\u003e\u003ctr\u003e\u003ctd style\u003d\"white-space:nowrap\"\u003e\u003cb\u003eCode\u003c/b\u003e\u003c/td\u003e\u003ctd\u003e\u003cb\u003eDisplay\u003c/b\u003e\u003c/td\u003e\u003ctd\u003e\u003cb\u003eDefinition\u003c/b\u003e\u003c/td\u003e\u003c/tr\u003e\u003ctr\u003e\u003ctd style\u003d\"white-space:nowrap\"\u003eexposure\u003ca name\u003d\"exposure-state-exposure\"\u003e \u003c/a\u003e\u003c/td\u003e\u003ctd\u003eExposure\u003c/td\u003e\u003ctd\u003eused when the results by exposure is describing the results for the primary exposure of interest.\u003c/td\u003e\u003c/tr\u003e\u003ctr\u003e\u003ctd style\u003d\"white-space:nowrap\"\u003eexposure-alternative\u003ca name\u003d\"exposure-state-exposure-alternative\"\u003e \u003c/a\u003e\u003c/td\u003e\u003ctd\u003eExposure Alternative\u003c/td\u003e\u003ctd\u003eused when the results by exposure is describing the results for the alternative exposure state, control state or comparator state.\u003c/td\u003e\u003c/tr\u003e\u003c/table\u003e\u003c/div\u003e"
  },
  "extension": [
    {
      "url": "http://hl7.org/fhir/StructureDefinition/structuredefinition-wg",
      "valueCode": "cds"
    },
    {
      "url": "http://hl7.org/fhir/StructureDefinition/structuredefinition-standards-status",
      "valueCode": "trial-use"
    },
    {
      "url": "http://hl7.org/fhir/StructureDefinition/structuredefinition-fmm",
      "valueInteger": 0
    }
  ],
  "url": "http://hl7.org/fhir/exposure-state",
  "identifier": [
    {
      "system": "urn:ietf:rfc:3986",
      "value": "urn:oid:2.16.840.1.113883.4.642.1.1352"
    }
  ],
  "version": "4.0.0",
  "name": "ExposureState",
  "title": "ExposureState",
  "status": "draft",
  "experimental": false,
  "date": "2018-12-27T22:37:54+11:00",
  "publisher": "HL7 (FHIR Project)",
  "contact": [
    {
      "telecom": [
        {
          "system": "url",
          "value": "http://hl7.org/fhir"
        },
        {
          "system": "email",
          "value": "fhir@lists.hl7.org"
        }
      ]
    }
  ],
  "description": "Whether the results by exposure is describing the results for the primary exposure of interest (exposure) or the alternative state (exposureAlternative).",
  "caseSensitive": true,
  "valueSet": "http://hl7.org/fhir/ValueSet/exposure-state",
  "content": "complete",
  "concept": [
    {
      "code": "exposure",
      "display": "Exposure",
      "definition": "used when the results by exposure is describing the results for the primary exposure of interest."
    },
    {
      "code": "exposure-alternative",
      "display": "Exposure Alternative",
      "definition": "used when the results by exposure is describing the results for the alternative exposure state, control state or comparator state."
    }
  ]
}