{
  "resourceType": "CodeSystem",
  "id": "conditional-delete-status",
  "meta": {
    "lastUpdated": "2018-12-27T22:37:54.724+11:00"
  },
  "text": {
    "status": "generated",
    "div": "\u003cdiv xmlns\u003d\"http://www.w3.org/1999/xhtml\"\u003e\u003ch2\u003eConditionalDeleteStatus\u003c/h2\u003e\u003cdiv\u003e\u003cp\u003eA code that indicates how the server supports conditional delete.\u003c/p\u003e\n\u003c/div\u003e\u003cp\u003eThis code system http://hl7.org/fhir/conditional-delete-status defines the following codes:\u003c/p\u003e\u003ctable class\u003d\"codes\"\u003e\u003ctr\u003e\u003ctd style\u003d\"white-space:nowrap\"\u003e\u003cb\u003eCode\u003c/b\u003e\u003c/td\u003e\u003ctd\u003e\u003cb\u003eDisplay\u003c/b\u003e\u003c/td\u003e\u003ctd\u003e\u003cb\u003eDefinition\u003c/b\u003e\u003c/td\u003e\u003c/tr\u003e\u003ctr\u003e\u003ctd style\u003d\"white-space:nowrap\"\u003enot-supported\u003ca name\u003d\"conditional-delete-status-not-supported\"\u003e \u003c/a\u003e\u003c/td\u003e\u003ctd\u003eNot Supported\u003c/td\u003e\u003ctd\u003eNo support for conditional deletes.\u003c/td\u003e\u003c/tr\u003e\u003ctr\u003e\u003ctd style\u003d\"white-space:nowrap\"\u003esingle\u003ca name\u003d\"conditional-delete-status-single\"\u003e \u003c/a\u003e\u003c/td\u003e\u003ctd\u003eSingle Deletes Supported\u003c/td\u003e\u003ctd\u003eConditional deletes are supported, but only single resources at a time.\u003c/td\u003e\u003c/tr\u003e\u003ctr\u003e\u003ctd style\u003d\"white-space:nowrap\"\u003emultiple\u003ca name\u003d\"conditional-delete-status-multiple\"\u003e \u003c/a\u003e\u003c/td\u003e\u003ctd\u003eMultiple Deletes Supported\u003c/td\u003e\u003ctd\u003eConditional deletes are supported, and multiple resources can be deleted in a single interaction.\u003c/td\u003e\u003c/tr\u003e\u003c/table\u003e\u003c/div\u003e"
  },
  "extension": [
    {
      "url": "http://hl7.org/fhir/StructureDefinition/structuredefinition-wg",
      "valueCode": "fhir"
    },
    {
      "url": "http://hl7.org/fhir/StructureDefinition/structuredefinition-standards-status",
      "valueCode": "normative"
    },
    {
      "url": "http://hl7.org/fhir/StructureDefinition/structuredefinition-normative-version",
      "valueCode": "4.0.0"
    },
    {
      "url": "http://hl7.org/fhir/StructureDefinition/structuredefinition-fmm",
      "valueInteger": 5
    }
  ],
  "url": "http://hl7.org/fhir/conditional-delete-status",
  "identifier": [
    {
      "system": "urn:ietf:rfc:3986",
      "value": "urn:oid:2.16.840.1.113883.4.642.1.195"
    }
  ],
  "version": "4.0.0",
  "name": "ConditionalDeleteStatus",
  "title": "ConditionalDeleteStatus",
  "status": "active",
  "experimental": false,
  "date": "2018-12-27T22:37:54+11:00",
  "publisher": "HL7 (FHIR Project)",
  "contact": [
    {
      "telecom": [
        {
          "system": "url",
          "value": "http://hl7.org/fhir"
        },
        {
          "system": "email",
          "value": "fhir@lists.hl7.org"
        }
      ]
    }
  ],
  "description": "A code that indicates how the server supports conditional delete.",
  "caseSensitive": true,
  "valueSet": "http://hl7.org/fhir/ValueSet/conditional-delete-status",
  "content": "complete",
  "concept": [
    {
      "code": "not-supported",
      "display": "Not Supported",
      "definition": "No support for conditional deletes."
    },
    {
      "code": "single",
      "display": "Single Deletes Supported",
      "definition": "Conditional deletes are supported, but only single resources at a time."
    },
    {
      "code": "multiple",
      "display": "Multiple Deletes Supported",
      "definition": "Conditional deletes are supported, and multiple resources can be deleted in a single interaction."
    }
  ]
}