{
  "resourceType": "CodeSystem",
  "id": "contact-point-use",
  "meta": {
    "lastUpdated": "2018-12-27T22:37:54.724+11:00"
  },
  "text": {
    "status": "generated",
    "div": "\u003cdiv xmlns\u003d\"http://www.w3.org/1999/xhtml\"\u003e\u003ch2\u003eContactPointUse\u003c/h2\u003e\u003cdiv\u003e\u003cp\u003eUse of contact point.\u003c/p\u003e\n\u003c/div\u003e\u003cp\u003eThis code system http://hl7.org/fhir/contact-point-use defines the following codes:\u003c/p\u003e\u003ctable class\u003d\"codes\"\u003e\u003ctr\u003e\u003ctd style\u003d\"white-space:nowrap\"\u003e\u003cb\u003eCode\u003c/b\u003e\u003c/td\u003e\u003ctd\u003e\u003cb\u003eDisplay\u003c/b\u003e\u003c/td\u003e\u003ctd\u003e\u003cb\u003eDefinition\u003c/b\u003e\u003c/td\u003e\u003c/tr\u003e\u003ctr\u003e\u003ctd style\u003d\"white-space:nowrap\"\u003ehome\u003ca name\u003d\"contact-point-use-home\"\u003e \u003c/a\u003e\u003c/td\u003e\u003ctd\u003eHome\u003c/td\u003e\u003ctd\u003eA communication contact point at a home; attempted contacts for business purposes might intrude privacy and chances are one will contact family or other household members instead of the person one wishes to call. Typically used with urgent cases, or if no other contacts are available.\u003c/td\u003e\u003c/tr\u003e\u003ctr\u003e\u003ctd style\u003d\"white-space:nowrap\"\u003ework\u003ca name\u003d\"contact-point-use-work\"\u003e \u003c/a\u003e\u003c/td\u003e\u003ctd\u003eWork\u003c/td\u003e\u003ctd\u003eAn office contact point. First choice for business related contacts during business hours.\u003c/td\u003e\u003c/tr\u003e\u003ctr\u003e\u003ctd style\u003d\"white-space:nowrap\"\u003etemp\u003ca name\u003d\"contact-point-use-temp\"\u003e \u003c/a\u003e\u003c/td\u003e\u003ctd\u003eTemp\u003c/td\u003e\u003ctd\u003eA temporary contact point. The period can provide more detailed information.\u003c/td\u003e\u003c/tr\u003e\u003ctr\u003e\u003ctd style\u003d\"white-space:nowrap\"\u003eold\u003ca name\u003d\"contact-point-use-old\"\u003e \u003c/a\u003e\u003c/td\u003e\u003ctd\u003eOld\u003c/td\u003e\u003ctd\u003eThis contact point is no longer in use (or was never correct, but retained for records).\u003c/td\u003e\u003c/tr\u003e\u003ctr\u003e\u003ctd style\u003d\"white-space:nowrap\"\u003emobile\u003ca name\u003d\"contact-point-use-mobile\"\u003e \u003c/a\u003e\u003c/td\u003e\u003ctd\u003eMobile\u003c/td\u003e\u003ctd\u003eA telecommunication device that moves and stays with its owner. May have characteristics of all other use codes, suitable for urgent matters, not the first choice for routine business.\u003c/td\u003e\u003c/tr\u003e\u003c/table\u003e\u003c/div\u003e"
  },
  "extension": [
    {
      "url": "http://hl7.org/fhir/StructureDefinition/structuredefinition-wg",
      "valueCode": "fhir"
    },
    {
      "url": "http://hl7.org/fhir/StructureDefinition/structuredefinition-standards-status",
      "valueCode": "normative"
    },
    {
      "url": "http://hl7.org/fhir/StructureDefinition/structuredefinition-normative-version",
      "valueCode": "4.0.0"
    },
    {
      "url": "http://hl7.org/fhir/StructureDefinition/structuredefinition-fmm",
      "valueInteger": 5
    }
  ],
  "url": "http://hl7.org/fhir/contact-point-use",
  "identifier": [
    {
      "system": "urn:ietf:rfc:3986",
      "value": "urn:oid:2.16.840.1.113883.4.642.1.74"
    }
  ],
  "version": "4.0.0",
  "name": "ContactPointUse",
  "title": "ContactPointUse",
  "status": "active",
  "experimental": false,
  "date": "2018-12-27T22:37:54+11:00",
  "publisher": "HL7 (FHIR Project)",
  "contact": [
    {
      "telecom": [
        {
          "system": "url",
          "value": "http://hl7.org/fhir"
        },
        {
          "system": "email",
          "value": "fhir@lists.hl7.org"
        }
      ]
    }
  ],
  "description": "Use of contact point.",
  "caseSensitive": true,
  "valueSet": "http://hl7.org/fhir/ValueSet/contact-point-use",
  "content": "complete",
  "concept": [
    {
      "code": "home",
      "display": "Home",
      "definition": "A communication contact point at a home; attempted contacts for business purposes might intrude privacy and chances are one will contact family or other household members instead of the person one wishes to call. Typically used with urgent cases, or if no other contacts are available."
    },
    {
      "code": "work",
      "display": "Work",
      "definition": "An office contact point. First choice for business related contacts during business hours."
    },
    {
      "code": "temp",
      "display": "Temp",
      "definition": "A temporary contact point. The period can provide more detailed information."
    },
    {
      "code": "old",
      "display": "Old",
      "definition": "This contact point is no longer in use (or was never correct, but retained for records)."
    },
    {
      "code": "mobile",
      "display": "Mobile",
      "definition": "A telecommunication device that moves and stays with its owner. May have characteristics of all other use codes, suitable for urgent matters, not the first choice for routine business."
    }
  ]
}