{
  "resourceType": "CodeSystem",
  "id": "group-measure",
  "meta": {
    "lastUpdated": "2018-12-27T22:37:54.724+11:00"
  },
  "text": {
    "status": "generated",
    "div": "\u003cdiv xmlns\u003d\"http://www.w3.org/1999/xhtml\"\u003e\u003ch2\u003eGroupMeasure\u003c/h2\u003e\u003cdiv\u003e\u003cp\u003ePossible group measure aggregates (E.g. Mean, Median).\u003c/p\u003e\n\u003c/div\u003e\u003cp\u003eThis code system http://hl7.org/fhir/group-measure defines the following codes:\u003c/p\u003e\u003ctable class\u003d\"codes\"\u003e\u003ctr\u003e\u003ctd style\u003d\"white-space:nowrap\"\u003e\u003cb\u003eCode\u003c/b\u003e\u003c/td\u003e\u003ctd\u003e\u003cb\u003eDisplay\u003c/b\u003e\u003c/td\u003e\u003ctd\u003e\u003cb\u003eDefinition\u003c/b\u003e\u003c/td\u003e\u003c/tr\u003e\u003ctr\u003e\u003ctd style\u003d\"white-space:nowrap\"\u003emean\u003ca name\u003d\"group-measure-mean\"\u003e \u003c/a\u003e\u003c/td\u003e\u003ctd\u003eMean\u003c/td\u003e\u003ctd\u003eAggregated using Mean of participant values.\u003c/td\u003e\u003c/tr\u003e\u003ctr\u003e\u003ctd style\u003d\"white-space:nowrap\"\u003emedian\u003ca name\u003d\"group-measure-median\"\u003e \u003c/a\u003e\u003c/td\u003e\u003ctd\u003eMedian\u003c/td\u003e\u003ctd\u003eAggregated using Median of participant values.\u003c/td\u003e\u003c/tr\u003e\u003ctr\u003e\u003ctd style\u003d\"white-space:nowrap\"\u003emean-of-mean\u003ca name\u003d\"group-measure-mean-of-mean\"\u003e \u003c/a\u003e\u003c/td\u003e\u003ctd\u003eMean of Study Means\u003c/td\u003e\u003ctd\u003eAggregated using Mean of study mean values.\u003c/td\u003e\u003c/tr\u003e\u003ctr\u003e\u003ctd style\u003d\"white-space:nowrap\"\u003emean-of-median\u003ca name\u003d\"group-measure-mean-of-median\"\u003e \u003c/a\u003e\u003c/td\u003e\u003ctd\u003eMean of Study Medins\u003c/td\u003e\u003ctd\u003eAggregated using Mean of study median values.\u003c/td\u003e\u003c/tr\u003e\u003ctr\u003e\u003ctd style\u003d\"white-space:nowrap\"\u003emedian-of-mean\u003ca name\u003d\"group-measure-median-of-mean\"\u003e \u003c/a\u003e\u003c/td\u003e\u003ctd\u003eMedian of Study Means\u003c/td\u003e\u003ctd\u003eAggregated using Median of study mean values.\u003c/td\u003e\u003c/tr\u003e\u003ctr\u003e\u003ctd style\u003d\"white-space:nowrap\"\u003emedian-of-median\u003ca name\u003d\"group-measure-median-of-median\"\u003e \u003c/a\u003e\u003c/td\u003e\u003ctd\u003eMedian of Study Medians\u003c/td\u003e\u003ctd\u003eAggregated using Median of study median values.\u003c/td\u003e\u003c/tr\u003e\u003c/table\u003e\u003c/div\u003e"
  },
  "extension": [
    {
      "url": "http://hl7.org/fhir/StructureDefinition/structuredefinition-wg",
      "valueCode": "cds"
    },
    {
      "url": "http://hl7.org/fhir/StructureDefinition/structuredefinition-standards-status",
      "valueCode": "trial-use"
    },
    {
      "url": "http://hl7.org/fhir/StructureDefinition/structuredefinition-fmm",
      "valueInteger": 0
    }
  ],
  "url": "http://hl7.org/fhir/group-measure",
  "identifier": [
    {
      "system": "urn:ietf:rfc:3986",
      "value": "urn:oid:2.16.840.1.113883.4.642.1.1346"
    }
  ],
  "version": "4.0.0",
  "name": "GroupMeasure",
  "title": "GroupMeasure",
  "status": "draft",
  "experimental": false,
  "date": "2018-12-27T22:37:54+11:00",
  "publisher": "HL7 (FHIR Project)",
  "contact": [
    {
      "telecom": [
        {
          "system": "url",
          "value": "http://hl7.org/fhir"
        },
        {
          "system": "email",
          "value": "fhir@lists.hl7.org"
        }
      ]
    }
  ],
  "description": "Possible group measure aggregates (E.g. Mean, Median).",
  "caseSensitive": true,
  "valueSet": "http://hl7.org/fhir/ValueSet/group-measure",
  "content": "complete",
  "concept": [
    {
      "code": "mean",
      "display": "Mean",
      "definition": "Aggregated using Mean of participant values."
    },
    {
      "code": "median",
      "display": "Median",
      "definition": "Aggregated using Median of participant values."
    },
    {
      "code": "mean-of-mean",
      "display": "Mean of Study Means",
      "definition": "Aggregated using Mean of study mean values."
    },
    {
      "code": "mean-of-median",
      "display": "Mean of Study Medins",
      "definition": "Aggregated using Mean of study median values."
    },
    {
      "code": "median-of-mean",
      "display": "Median of Study Means",
      "definition": "Aggregated using Median of study mean values."
    },
    {
      "code": "median-of-median",
      "display": "Median of Study Medians",
      "definition": "Aggregated using Median of study median values."
    }
  ]
}