{
  "resourceType": "CodeSystem",
  "id": "insuranceplan-applicability",
  "meta": {
    "lastUpdated": "2018-12-27T22:37:54.724+11:00",
    "profile": [
      "http://hl7.org/fhir/StructureDefinition/shareablecodesystem"
    ]
  },
  "text": {
    "status": "generated",
    "div": "\u003cdiv xmlns\u003d\"http://www.w3.org/1999/xhtml\"\u003e\u003ch2\u003eBenefit cost applicability\u003c/h2\u003e\u003cdiv\u003e\u003cp\u003eWhether the cost applies to in-network or out-of-network providers.\u003c/p\u003e\n\u003c/div\u003e\u003cp\u003eThis code system http://terminology.hl7.org/CodeSystem/applicability defines the following codes:\u003c/p\u003e\u003ctable class\u003d\"codes\"\u003e\u003ctr\u003e\u003ctd style\u003d\"white-space:nowrap\"\u003e\u003cb\u003eCode\u003c/b\u003e\u003c/td\u003e\u003ctd\u003e\u003cb\u003eDisplay\u003c/b\u003e\u003c/td\u003e\u003ctd\u003e\u003cb\u003eDefinition\u003c/b\u003e\u003c/td\u003e\u003c/tr\u003e\u003ctr\u003e\u003ctd style\u003d\"white-space:nowrap\"\u003ein-network\u003ca name\u003d\"insuranceplan-applicability-in-network\"\u003e \u003c/a\u003e\u003c/td\u003e\u003ctd\u003eIn Network\u003c/td\u003e\u003ctd\u003eProvider is contracted with the health insurance company to provide services to plan members for specific pre-negotiated rates\u003c/td\u003e\u003c/tr\u003e\u003ctr\u003e\u003ctd style\u003d\"white-space:nowrap\"\u003eout-of-network\u003ca name\u003d\"insuranceplan-applicability-out-of-network\"\u003e \u003c/a\u003e\u003c/td\u003e\u003ctd\u003eOut of Network\u003c/td\u003e\u003ctd\u003eProvider is  not contracted with the health insurance company to provide services to plan members for specific pre-negotiated rates\u003c/td\u003e\u003c/tr\u003e\u003ctr\u003e\u003ctd style\u003d\"white-space:nowrap\"\u003eother\u003ca name\u003d\"insuranceplan-applicability-other\"\u003e \u003c/a\u003e\u003c/td\u003e\u003ctd\u003eOther\u003c/td\u003e\u003ctd\u003eOther applicability\u003c/td\u003e\u003c/tr\u003e\u003c/table\u003e\u003c/div\u003e"
  },
  "extension": [
    {
      "url": "http://hl7.org/fhir/StructureDefinition/structuredefinition-wg",
      "valueCode": "pa"
    },
    {
      "url": "http://hl7.org/fhir/StructureDefinition/structuredefinition-standards-status",
      "valueCode": "trial-use"
    },
    {
      "url": "http://hl7.org/fhir/StructureDefinition/structuredefinition-fmm",
      "valueInteger": 0
    }
  ],
  "url": "http://terminology.hl7.org/CodeSystem/applicability",
  "identifier": [
    {
      "system": "urn:ietf:rfc:3986",
      "value": "urn:oid:2.16.840.1.113883.4.642.1.0"
    }
  ],
  "version": "4.0.0",
  "name": "BenefitCostApplicability",
  "title": "Benefit cost applicability",
  "status": "draft",
  "experimental": false,
  "date": "2018-06-05T14:06:02+00:00",
  "publisher": "HL7 (FHIR Project)",
  "contact": [
    {
      "telecom": [
        {
          "system": "url",
          "value": "http://hl7.org/fhir"
        },
        {
          "system": "email",
          "value": "fhir@lists.hl7.org"
        }
      ]
    },
    {
      "telecom": [
        {
          "system": "url",
          "value": "http://hl7.org/fhir"
        },
        {
          "system": "email",
          "value": "fhir@lists.hl7.org"
        }
      ]
    }
  ],
  "description": "Whether the cost applies to in-network or out-of-network providers.",
  "caseSensitive": true,
  "valueSet": "http://hl7.org/fhir/ValueSet/insuranceplan-applicability",
  "content": "complete",
  "concept": [
    {
      "code": "in-network",
      "display": "In Network",
      "definition": "Provider is contracted with the health insurance company to provide services to plan members for specific pre-negotiated rates"
    },
    {
      "code": "out-of-network",
      "display": "Out of Network",
      "definition": "Provider is  not contracted with the health insurance company to provide services to plan members for specific pre-negotiated rates"
    },
    {
      "code": "other",
      "display": "Other",
      "definition": "Other applicability"
    }
  ]
}