{
  "resourceType": "CodeSystem",
  "id": "expression-language",
  "meta": {
    "lastUpdated": "2018-12-27T22:37:54.724+11:00"
  },
  "text": {
    "status": "generated",
    "div": "\u003cdiv xmlns\u003d\"http://www.w3.org/1999/xhtml\"\u003e\u003ch2\u003eExpressionLanguage\u003c/h2\u003e\u003cdiv\u003e\u003cp\u003eThe media type of the expression language.\u003c/p\u003e\n\u003c/div\u003e\u003cp\u003eThis code system http://hl7.org/fhir/expression-language defines the following codes:\u003c/p\u003e\u003ctable class\u003d\"codes\"\u003e\u003ctr\u003e\u003ctd style\u003d\"white-space:nowrap\"\u003e\u003cb\u003eCode\u003c/b\u003e\u003c/td\u003e\u003ctd\u003e\u003cb\u003eDisplay\u003c/b\u003e\u003c/td\u003e\u003ctd\u003e\u003cb\u003eDefinition\u003c/b\u003e\u003c/td\u003e\u003c/tr\u003e\u003ctr\u003e\u003ctd style\u003d\"white-space:nowrap\"\u003etext/cql\u003ca name\u003d\"expression-language-text.47cql\"\u003e \u003c/a\u003e\u003c/td\u003e\u003ctd\u003eCQL\u003c/td\u003e\u003ctd\u003eClinical Quality Language.\u003c/td\u003e\u003c/tr\u003e\u003ctr\u003e\u003ctd style\u003d\"white-space:nowrap\"\u003etext/fhirpath\u003ca name\u003d\"expression-language-text.47fhirpath\"\u003e \u003c/a\u003e\u003c/td\u003e\u003ctd\u003eFHIRPath\u003c/td\u003e\u003ctd\u003eFHIRPath.\u003c/td\u003e\u003c/tr\u003e\u003ctr\u003e\u003ctd style\u003d\"white-space:nowrap\"\u003eapplication/x-fhir-query\u003ca name\u003d\"expression-language-application.47x-fhir-query\"\u003e \u003c/a\u003e\u003c/td\u003e\u003ctd\u003eFHIR Query\u003c/td\u003e\u003ctd\u003eFHIR\u0027s RESTful query syntax - typically independent of base URL.\u003c/td\u003e\u003c/tr\u003e\u003c/table\u003e\u003c/div\u003e"
  },
  "extension": [
    {
      "url": "http://hl7.org/fhir/StructureDefinition/structuredefinition-wg",
      "valueCode": "fhir"
    },
    {
      "url": "http://hl7.org/fhir/StructureDefinition/structuredefinition-standards-status",
      "valueCode": "trial-use"
    },
    {
      "url": "http://hl7.org/fhir/StructureDefinition/structuredefinition-fmm",
      "valueInteger": 5
    }
  ],
  "url": "http://hl7.org/fhir/expression-language",
  "identifier": [
    {
      "system": "urn:ietf:rfc:3986",
      "value": "urn:oid:2.16.840.1.113883.4.642.1.106"
    }
  ],
  "version": "4.0.0",
  "name": "ExpressionLanguage",
  "title": "ExpressionLanguage",
  "status": "draft",
  "experimental": false,
  "date": "2018-12-27T22:37:54+11:00",
  "publisher": "HL7 (FHIR Project)",
  "contact": [
    {
      "telecom": [
        {
          "system": "url",
          "value": "http://hl7.org/fhir"
        },
        {
          "system": "email",
          "value": "fhir@lists.hl7.org"
        }
      ]
    }
  ],
  "description": "The media type of the expression language.",
  "caseSensitive": true,
  "valueSet": "http://hl7.org/fhir/ValueSet/expression-language",
  "content": "complete",
  "concept": [
    {
      "code": "text/cql",
      "display": "CQL",
      "definition": "Clinical Quality Language."
    },
    {
      "code": "text/fhirpath",
      "display": "FHIRPath",
      "definition": "FHIRPath."
    },
    {
      "code": "application/x-fhir-query",
      "display": "FHIR Query",
      "definition": "FHIR\u0027s RESTful query syntax - typically independent of base URL."
    }
  ]
}