{
  "resourceType": "CodeSystem",
  "id": "adverse-event-causality-assess",
  "meta": {
    "lastUpdated": "2018-12-27T22:37:54.724+11:00"
  },
  "text": {
    "status": "generated",
    "div": "\u003cdiv xmlns\u003d\"http://www.w3.org/1999/xhtml\"\u003e\u003ch2\u003eAdverseEventCausalityAssessment\u003c/h2\u003e\u003cdiv\u003e\u003cp\u003eCodes for the assessment of whether the entity caused the event.\u003c/p\u003e\n\u003c/div\u003e\u003cp\u003eThis code system http://terminology.hl7.org/CodeSystem/adverse-event-causality-assess defines the following codes:\u003c/p\u003e\u003ctable class\u003d\"codes\"\u003e\u003ctr\u003e\u003ctd style\u003d\"white-space:nowrap\"\u003e\u003cb\u003eCode\u003c/b\u003e\u003c/td\u003e\u003ctd\u003e\u003cb\u003eDisplay\u003c/b\u003e\u003c/td\u003e\u003ctd\u003e\u003cb\u003eDefinition\u003c/b\u003e\u003c/td\u003e\u003c/tr\u003e\u003ctr\u003e\u003ctd style\u003d\"white-space:nowrap\"\u003eCertain\u003ca name\u003d\"adverse-event-causality-assess-Certain\"\u003e \u003c/a\u003e\u003c/td\u003e\u003ctd\u003eCertain\u003c/td\u003e\u003ctd\u003ei) Event or laboratory test abnormality, with plausible time relationship to drug intake; ii) Cannot be explained by disease or other drugs; iii) Response to withdrawal plausible (pharmacologically, pathologically); iv) Event definitive pharmacologically or phenomenologically (i.e. an objective and specific medical disorder or a recognized pharmacological phenomenon); or v) Re-challenge satisfactory, if necessary.\u003c/td\u003e\u003c/tr\u003e\u003ctr\u003e\u003ctd style\u003d\"white-space:nowrap\"\u003eProbably-Likely\u003ca name\u003d\"adverse-event-causality-assess-Probably-Likely\"\u003e \u003c/a\u003e\u003c/td\u003e\u003ctd\u003eProbably/Likely\u003c/td\u003e\u003ctd\u003ei) Event or laboratory test abnormality, with reasonable time relationship to drug intake; ii) Unlikely to be attributed to disease or other drugs; iii) Response to withdrawal clinically reasonable; or iv) Re-challenge not required.\u003c/td\u003e\u003c/tr\u003e\u003ctr\u003e\u003ctd style\u003d\"white-space:nowrap\"\u003ePossible\u003ca name\u003d\"adverse-event-causality-assess-Possible\"\u003e \u003c/a\u003e\u003c/td\u003e\u003ctd\u003ePossible\u003c/td\u003e\u003ctd\u003ei) Event or laboratory test abnormality, with reasonable time relationship to drug intake; ii) Could also be explained by disease or other drugs; or iii) Information on drug withdrawal may be lacking or unclear.\u003c/td\u003e\u003c/tr\u003e\u003ctr\u003e\u003ctd style\u003d\"white-space:nowrap\"\u003eUnlikely\u003ca name\u003d\"adverse-event-causality-assess-Unlikely\"\u003e \u003c/a\u003e\u003c/td\u003e\u003ctd\u003eUnlikely\u003c/td\u003e\u003ctd\u003ei) Event or laboratory test abnormality, with a time to drug intake that makes a relationship improbable (but not impossible); or ii) Disease or other drugs provide plausible explanations.\u003c/td\u003e\u003c/tr\u003e\u003ctr\u003e\u003ctd style\u003d\"white-space:nowrap\"\u003eConditional-Classified\u003ca name\u003d\"adverse-event-causality-assess-Conditional-Classified\"\u003e \u003c/a\u003e\u003c/td\u003e\u003ctd\u003eConditional/Classified\u003c/td\u003e\u003ctd\u003ei) Event or laboratory test abnormality; ii) More data for proper assessment needed; or iii) Additional data under examination.\u003c/td\u003e\u003c/tr\u003e\u003ctr\u003e\u003ctd style\u003d\"white-space:nowrap\"\u003eUnassessable-Unclassifiable\u003ca name\u003d\"adverse-event-causality-assess-Unassessable-Unclassifiable\"\u003e \u003c/a\u003e\u003c/td\u003e\u003ctd\u003eUnassessable/Unclassifiable\u003c/td\u003e\u003ctd\u003ei) Report suggesting an adverse reaction; ii) Cannot be judged because information is insufficient or contradictory; or iii) Data cannot be supplemented or verified.\u003c/td\u003e\u003c/tr\u003e\u003c/table\u003e\u003c/div\u003e"
  },
  "extension": [
    {
      "url": "http://hl7.org/fhir/StructureDefinition/structuredefinition-wg",
      "valueCode": "pc"
    },
    {
      "url": "http://hl7.org/fhir/StructureDefinition/structuredefinition-standards-status",
      "valueCode": "draft"
    },
    {
      "url": "http://hl7.org/fhir/StructureDefinition/structuredefinition-fmm",
      "valueInteger": 1
    }
  ],
  "url": "http://terminology.hl7.org/CodeSystem/adverse-event-causality-assess",
  "identifier": [
    {
      "system": "urn:ietf:rfc:3986",
      "value": "urn:oid:2.16.840.1.113883.4.642.1.1254"
    }
  ],
  "version": "4.0.0",
  "name": "AdverseEventCausalityAssessment",
  "title": "AdverseEventCausalityAssessment",
  "status": "draft",
  "experimental": false,
  "date": "2018-12-27T22:37:54+11:00",
  "publisher": "HL7 (FHIR Project)",
  "contact": [
    {
      "telecom": [
        {
          "system": "url",
          "value": "http://hl7.org/fhir"
        },
        {
          "system": "email",
          "value": "fhir@lists.hl7.org"
        }
      ]
    }
  ],
  "description": "Codes for the assessment of whether the entity caused the event.",
  "caseSensitive": true,
  "valueSet": "http://hl7.org/fhir/ValueSet/adverse-event-causality-assess",
  "content": "complete",
  "concept": [
    {
      "code": "Certain",
      "display": "Certain",
      "definition": "i) Event or laboratory test abnormality, with plausible time relationship to drug intake; ii) Cannot be explained by disease or other drugs; iii) Response to withdrawal plausible (pharmacologically, pathologically); iv) Event definitive pharmacologically or phenomenologically (i.e. an objective and specific medical disorder or a recognized pharmacological phenomenon); or v) Re-challenge satisfactory, if necessary."
    },
    {
      "code": "Probably-Likely",
      "display": "Probably/Likely",
      "definition": "i) Event or laboratory test abnormality, with reasonable time relationship to drug intake; ii) Unlikely to be attributed to disease or other drugs; iii) Response to withdrawal clinically reasonable; or iv) Re-challenge not required."
    },
    {
      "code": "Possible",
      "display": "Possible",
      "definition": "i) Event or laboratory test abnormality, with reasonable time relationship to drug intake; ii) Could also be explained by disease or other drugs; or iii) Information on drug withdrawal may be lacking or unclear."
    },
    {
      "code": "Unlikely",
      "display": "Unlikely",
      "definition": "i) Event or laboratory test abnormality, with a time to drug intake that makes a relationship improbable (but not impossible); or ii) Disease or other drugs provide plausible explanations."
    },
    {
      "code": "Conditional-Classified",
      "display": "Conditional/Classified",
      "definition": "i) Event or laboratory test abnormality; ii) More data for proper assessment needed; or iii) Additional data under examination."
    },
    {
      "code": "Unassessable-Unclassifiable",
      "display": "Unassessable/Unclassifiable",
      "definition": "i) Report suggesting an adverse reaction; ii) Cannot be judged because information is insufficient or contradictory; or iii) Data cannot be supplemented or verified."
    }
  ]
}