{
  "resourceType": "CodeSystem",
  "id": "financial-taskinputtype",
  "meta": {
    "lastUpdated": "2018-12-27T22:37:54.724+11:00",
    "profile": [
      "http://hl7.org/fhir/StructureDefinition/shareablecodesystem"
    ]
  },
  "text": {
    "status": "generated",
    "div": "\u003cdiv xmlns\u003d\"http://www.w3.org/1999/xhtml\"\u003e\u003ch2\u003eFinancial Task Input Type Codes\u003c/h2\u003e\u003cdiv\u003e\u003cp\u003eThis value set includes Financial Task Input Type codes.\u003c/p\u003e\n\u003c/div\u003e\u003cp\u003e\u003cb\u003eCopyright Statement:\u003c/b\u003e This is an example set.\u003c/p\u003e\u003cp\u003eThis code system http://terminology.hl7.org/CodeSystem/financialtaskinputtype defines the following codes:\u003c/p\u003e\u003ctable class\u003d\"codes\"\u003e\u003ctr\u003e\u003ctd style\u003d\"white-space:nowrap\"\u003e\u003cb\u003eCode\u003c/b\u003e\u003c/td\u003e\u003ctd\u003e\u003cb\u003eDisplay\u003c/b\u003e\u003c/td\u003e\u003ctd\u003e\u003cb\u003eDefinition\u003c/b\u003e\u003c/td\u003e\u003c/tr\u003e\u003ctr\u003e\u003ctd style\u003d\"white-space:nowrap\"\u003einclude\u003ca name\u003d\"financial-taskinputtype-include\"\u003e \u003c/a\u003e\u003c/td\u003e\u003ctd\u003eInclude\u003c/td\u003e\u003ctd\u003eThe name of a resource to include in a selection.\u003c/td\u003e\u003c/tr\u003e\u003ctr\u003e\u003ctd style\u003d\"white-space:nowrap\"\u003eexclude\u003ca name\u003d\"financial-taskinputtype-exclude\"\u003e \u003c/a\u003e\u003c/td\u003e\u003ctd\u003eExclude\u003c/td\u003e\u003ctd\u003eThe name of a resource to not include in a selection.\u003c/td\u003e\u003c/tr\u003e\u003ctr\u003e\u003ctd style\u003d\"white-space:nowrap\"\u003eorigresponse\u003ca name\u003d\"financial-taskinputtype-origresponse\"\u003e \u003c/a\u003e\u003c/td\u003e\u003ctd\u003eOriginal Response\u003c/td\u003e\u003ctd\u003eA reference to the response resource to the original processing of a resource.\u003c/td\u003e\u003c/tr\u003e\u003ctr\u003e\u003ctd style\u003d\"white-space:nowrap\"\u003ereference\u003ca name\u003d\"financial-taskinputtype-reference\"\u003e \u003c/a\u003e\u003c/td\u003e\u003ctd\u003eReference Number\u003c/td\u003e\u003ctd\u003eA reference value which must be quoted to authorize an action.\u003c/td\u003e\u003c/tr\u003e\u003ctr\u003e\u003ctd style\u003d\"white-space:nowrap\"\u003eitem\u003ca name\u003d\"financial-taskinputtype-item\"\u003e \u003c/a\u003e\u003c/td\u003e\u003ctd\u003eItem Number\u003c/td\u003e\u003ctd\u003eThe sequence number associated with an item for reprocessing.\u003c/td\u003e\u003c/tr\u003e\u003ctr\u003e\u003ctd style\u003d\"white-space:nowrap\"\u003eperiod\u003ca name\u003d\"financial-taskinputtype-period\"\u003e \u003c/a\u003e\u003c/td\u003e\u003ctd\u003ePeriod\u003c/td\u003e\u003ctd\u003eThe reference period for the action being requested.\u003c/td\u003e\u003c/tr\u003e\u003ctr\u003e\u003ctd style\u003d\"white-space:nowrap\"\u003estatus\u003ca name\u003d\"financial-taskinputtype-status\"\u003e \u003c/a\u003e\u003c/td\u003e\u003ctd\u003eStatus code\u003c/td\u003e\u003ctd\u003eThe processing status from a check on the processing status of a resource such as the adjudication of a claim.\u003c/td\u003e\u003c/tr\u003e\u003c/table\u003e\u003c/div\u003e"
  },
  "url": "http://terminology.hl7.org/CodeSystem/financialtaskinputtype",
  "identifier": [
    {
      "system": "urn:ietf:rfc:3986",
      "value": "urn:oid:2.16.840.1.113883.4.642.1.1392"
    }
  ],
  "version": "4.0.0",
  "name": "FinancialTaskInputTypeCodes",
  "title": "Financial Task Input Type Codes",
  "status": "draft",
  "experimental": false,
  "publisher": "Financial Management",
  "contact": [
    {
      "telecom": [
        {
          "system": "url",
          "value": "http://hl7.org/fhir"
        }
      ]
    }
  ],
  "description": "This value set includes Financial Task Input Type codes.",
  "copyright": "This is an example set.",
  "caseSensitive": true,
  "valueSet": "http://hl7.org/fhir/ValueSet/financial-taskinputtype",
  "content": "complete",
  "concept": [
    {
      "code": "include",
      "display": "Include",
      "definition": "The name of a resource to include in a selection."
    },
    {
      "code": "exclude",
      "display": "Exclude",
      "definition": "The name of a resource to not include in a selection."
    },
    {
      "code": "origresponse",
      "display": "Original Response",
      "definition": "A reference to the response resource to the original processing of a resource."
    },
    {
      "code": "reference",
      "display": "Reference Number",
      "definition": "A reference value which must be quoted to authorize an action."
    },
    {
      "code": "item",
      "display": "Item Number",
      "definition": "The sequence number associated with an item for reprocessing."
    },
    {
      "code": "period",
      "display": "Period",
      "definition": "The reference period for the action being requested."
    },
    {
      "code": "status",
      "display": "Status code",
      "definition": "The processing status from a check on the processing status of a resource such as the adjudication of a claim."
    }
  ]
}