{
  "resourceType": "CodeSystem",
  "id": "immunization-origin",
  "meta": {
    "lastUpdated": "2018-12-27T22:37:54.724+11:00",
    "profile": [
      "http://hl7.org/fhir/StructureDefinition/shareablecodesystem"
    ]
  },
  "text": {
    "status": "generated",
    "div": "\u003cdiv xmlns\u003d\"http://www.w3.org/1999/xhtml\"\u003e\u003ch2\u003eImmunization Origin Codes\u003c/h2\u003e\u003cdiv\u003e\u003cp\u003eThe value set to instantiate this attribute should be drawn from a terminologically robust code system that consists of or contains concepts to support describing the source of the data when the report of the immunization event is not based on information from the person, entity or organization who administered the vaccine. This value set is provided as a suggestive example.\u003c/p\u003e\n\u003c/div\u003e\u003cp\u003eThis code system http://terminology.hl7.org/CodeSystem/immunization-origin defines the following codes:\u003c/p\u003e\u003ctable class\u003d\"codes\"\u003e\u003ctr\u003e\u003ctd style\u003d\"white-space:nowrap\"\u003e\u003cb\u003eCode\u003c/b\u003e\u003c/td\u003e\u003ctd\u003e\u003cb\u003eDisplay\u003c/b\u003e\u003c/td\u003e\u003ctd\u003e\u003cb\u003eDefinition\u003c/b\u003e\u003c/td\u003e\u003c/tr\u003e\u003ctr\u003e\u003ctd style\u003d\"white-space:nowrap\"\u003eprovider\u003ca name\u003d\"immunization-origin-provider\"\u003e \u003c/a\u003e\u003c/td\u003e\u003ctd\u003eOther Provider\u003c/td\u003e\u003ctd\u003eThe data for the immunization event originated with another provider.\u003c/td\u003e\u003c/tr\u003e\u003ctr\u003e\u003ctd style\u003d\"white-space:nowrap\"\u003erecord\u003ca name\u003d\"immunization-origin-record\"\u003e \u003c/a\u003e\u003c/td\u003e\u003ctd\u003eWritten Record\u003c/td\u003e\u003ctd\u003eThe data for the immunization event originated with a written record for the patient.\u003c/td\u003e\u003c/tr\u003e\u003ctr\u003e\u003ctd style\u003d\"white-space:nowrap\"\u003erecall\u003ca name\u003d\"immunization-origin-recall\"\u003e \u003c/a\u003e\u003c/td\u003e\u003ctd\u003eParent/Guardian/Patient Recall\u003c/td\u003e\u003ctd\u003eThe data for the immunization event originated from the recollection of the patient or parent/guardian of the patient.\u003c/td\u003e\u003c/tr\u003e\u003ctr\u003e\u003ctd style\u003d\"white-space:nowrap\"\u003eschool\u003ca name\u003d\"immunization-origin-school\"\u003e \u003c/a\u003e\u003c/td\u003e\u003ctd\u003eSchool Record\u003c/td\u003e\u003ctd\u003eThe data for the immunization event originated with a school record for the patient.\u003c/td\u003e\u003c/tr\u003e\u003ctr\u003e\u003ctd style\u003d\"white-space:nowrap\"\u003ejurisdiction\u003ca name\u003d\"immunization-origin-jurisdiction\"\u003e \u003c/a\u003e\u003c/td\u003e\u003ctd\u003eJurisdictional IIS\u003c/td\u003e\u003ctd\u003eThe data for the immunization event originated with an immunization information system (IIS) or registry operating within the jurisdiction.\u003c/td\u003e\u003c/tr\u003e\u003c/table\u003e\u003c/div\u003e"
  },
  "extension": [
    {
      "url": "http://hl7.org/fhir/StructureDefinition/structuredefinition-wg",
      "valueCode": "pher"
    },
    {
      "url": "http://hl7.org/fhir/StructureDefinition/structuredefinition-standards-status",
      "valueCode": "draft"
    },
    {
      "url": "http://hl7.org/fhir/StructureDefinition/structuredefinition-fmm",
      "valueInteger": 1
    }
  ],
  "url": "http://terminology.hl7.org/CodeSystem/immunization-origin",
  "identifier": [
    {
      "system": "urn:ietf:rfc:3986",
      "value": "urn:oid:2.16.840.1.113883.4.642.1.1101"
    }
  ],
  "version": "4.0.0",
  "name": "ImmunizationOriginCodes",
  "title": "Immunization Origin Codes",
  "status": "draft",
  "experimental": false,
  "publisher": "FHIR Project team",
  "contact": [
    {
      "telecom": [
        {
          "system": "url",
          "value": "http://www.hl7.org/Special/committees/pher/index.cfm"
        }
      ]
    }
  ],
  "description": "The value set to instantiate this attribute should be drawn from a terminologically robust code system that consists of or contains concepts to support describing the source of the data when the report of the immunization event is not based on information from the person, entity or organization who administered the vaccine. This value set is provided as a suggestive example.",
  "caseSensitive": true,
  "content": "complete",
  "concept": [
    {
      "code": "provider",
      "display": "Other Provider",
      "definition": "The data for the immunization event originated with another provider."
    },
    {
      "code": "record",
      "display": "Written Record",
      "definition": "The data for the immunization event originated with a written record for the patient."
    },
    {
      "code": "recall",
      "display": "Parent/Guardian/Patient Recall",
      "definition": "The data for the immunization event originated from the recollection of the patient or parent/guardian of the patient."
    },
    {
      "code": "school",
      "display": "School Record",
      "definition": "The data for the immunization event originated with a school record for the patient."
    },
    {
      "code": "jurisdiction",
      "display": "Jurisdictional IIS",
      "definition": "The data for the immunization event originated with an immunization information system (IIS) or registry operating within the jurisdiction."
    }
  ]
}