{
  "resourceType": "CodeSystem",
  "id": "adverse-event-causality-method",
  "meta": {
    "lastUpdated": "2018-12-27T22:37:54.724+11:00"
  },
  "text": {
    "status": "generated",
    "div": "\u003cdiv xmlns\u003d\"http://www.w3.org/1999/xhtml\"\u003e\u003ch2\u003eAdverseEventCausalityMethod\u003c/h2\u003e\u003cdiv\u003e\u003cp\u003eTODO.\u003c/p\u003e\n\u003c/div\u003e\u003cp\u003eThis code system http://terminology.hl7.org/CodeSystem/adverse-event-causality-method defines the following codes:\u003c/p\u003e\u003ctable class\u003d\"codes\"\u003e\u003ctr\u003e\u003ctd style\u003d\"white-space:nowrap\"\u003e\u003cb\u003eCode\u003c/b\u003e\u003c/td\u003e\u003ctd\u003e\u003cb\u003eDisplay\u003c/b\u003e\u003c/td\u003e\u003ctd\u003e\u003cb\u003eDefinition\u003c/b\u003e\u003c/td\u003e\u003c/tr\u003e\u003ctr\u003e\u003ctd style\u003d\"white-space:nowrap\"\u003eProbabilityScale\u003ca name\u003d\"adverse-event-causality-method-ProbabilityScale\"\u003e \u003c/a\u003e\u003c/td\u003e\u003ctd\u003eProbability Scale\u003c/td\u003e\u003ctd/\u003e\u003c/tr\u003e\u003ctr\u003e\u003ctd style\u003d\"white-space:nowrap\"\u003eBayesian\u003ca name\u003d\"adverse-event-causality-method-Bayesian\"\u003e \u003c/a\u003e\u003c/td\u003e\u003ctd\u003eBayesian\u003c/td\u003e\u003ctd/\u003e\u003c/tr\u003e\u003ctr\u003e\u003ctd style\u003d\"white-space:nowrap\"\u003eChecklist\u003ca name\u003d\"adverse-event-causality-method-Checklist\"\u003e \u003c/a\u003e\u003c/td\u003e\u003ctd\u003eChecklist\u003c/td\u003e\u003ctd/\u003e\u003c/tr\u003e\u003c/table\u003e\u003c/div\u003e"
  },
  "extension": [
    {
      "url": "http://hl7.org/fhir/StructureDefinition/structuredefinition-wg",
      "valueCode": "pc"
    },
    {
      "url": "http://hl7.org/fhir/StructureDefinition/structuredefinition-standards-status",
      "valueCode": "draft"
    },
    {
      "url": "http://hl7.org/fhir/StructureDefinition/structuredefinition-fmm",
      "valueInteger": 1
    }
  ],
  "url": "http://terminology.hl7.org/CodeSystem/adverse-event-causality-method",
  "identifier": [
    {
      "system": "urn:ietf:rfc:3986",
      "value": "urn:oid:2.16.840.1.113883.4.642.1.1255"
    }
  ],
  "version": "4.0.0",
  "name": "AdverseEventCausalityMethod",
  "title": "AdverseEventCausalityMethod",
  "status": "draft",
  "experimental": false,
  "date": "2018-12-27T22:37:54+11:00",
  "publisher": "HL7 (FHIR Project)",
  "contact": [
    {
      "telecom": [
        {
          "system": "url",
          "value": "http://hl7.org/fhir"
        },
        {
          "system": "email",
          "value": "fhir@lists.hl7.org"
        }
      ]
    }
  ],
  "description": "TODO.",
  "caseSensitive": true,
  "valueSet": "http://hl7.org/fhir/ValueSet/adverse-event-causality-method",
  "content": "complete",
  "concept": [
    {
      "code": "ProbabilityScale",
      "display": "Probability Scale"
    },
    {
      "code": "Bayesian",
      "display": "Bayesian"
    },
    {
      "code": "Checklist",
      "display": "Checklist"
    }
  ]
}