{
  "resourceType": "CodeSystem",
  "id": "measure-report-status",
  "meta": {
    "lastUpdated": "2018-12-27T22:37:54.724+11:00"
  },
  "text": {
    "status": "generated",
    "div": "\u003cdiv xmlns\u003d\"http://www.w3.org/1999/xhtml\"\u003e\u003ch2\u003eMeasureReportStatus\u003c/h2\u003e\u003cdiv\u003e\u003cp\u003eThe status of the measure report.\u003c/p\u003e\n\u003c/div\u003e\u003cp\u003eThis code system http://hl7.org/fhir/measure-report-status defines the following codes:\u003c/p\u003e\u003ctable class\u003d\"codes\"\u003e\u003ctr\u003e\u003ctd style\u003d\"white-space:nowrap\"\u003e\u003cb\u003eCode\u003c/b\u003e\u003c/td\u003e\u003ctd\u003e\u003cb\u003eDisplay\u003c/b\u003e\u003c/td\u003e\u003ctd\u003e\u003cb\u003eDefinition\u003c/b\u003e\u003c/td\u003e\u003c/tr\u003e\u003ctr\u003e\u003ctd style\u003d\"white-space:nowrap\"\u003ecomplete\u003ca name\u003d\"measure-report-status-complete\"\u003e \u003c/a\u003e\u003c/td\u003e\u003ctd\u003eComplete\u003c/td\u003e\u003ctd\u003eThe report is complete and ready for use.\u003c/td\u003e\u003c/tr\u003e\u003ctr\u003e\u003ctd style\u003d\"white-space:nowrap\"\u003epending\u003ca name\u003d\"measure-report-status-pending\"\u003e \u003c/a\u003e\u003c/td\u003e\u003ctd\u003ePending\u003c/td\u003e\u003ctd\u003eThe report is currently being generated.\u003c/td\u003e\u003c/tr\u003e\u003ctr\u003e\u003ctd style\u003d\"white-space:nowrap\"\u003eerror\u003ca name\u003d\"measure-report-status-error\"\u003e \u003c/a\u003e\u003c/td\u003e\u003ctd\u003eError\u003c/td\u003e\u003ctd\u003eAn error occurred attempting to generate the report.\u003c/td\u003e\u003c/tr\u003e\u003c/table\u003e\u003c/div\u003e"
  },
  "extension": [
    {
      "url": "http://hl7.org/fhir/StructureDefinition/structuredefinition-wg",
      "valueCode": "cqi"
    },
    {
      "url": "http://hl7.org/fhir/StructureDefinition/structuredefinition-standards-status",
      "valueCode": "trial-use"
    },
    {
      "url": "http://hl7.org/fhir/StructureDefinition/structuredefinition-fmm",
      "valueInteger": 2
    }
  ],
  "url": "http://hl7.org/fhir/measure-report-status",
  "identifier": [
    {
      "system": "urn:ietf:rfc:3986",
      "value": "urn:oid:2.16.840.1.113883.4.642.1.777"
    }
  ],
  "version": "4.0.0",
  "name": "MeasureReportStatus",
  "title": "MeasureReportStatus",
  "status": "draft",
  "experimental": false,
  "date": "2018-12-27T22:37:54+11:00",
  "publisher": "HL7 (FHIR Project)",
  "contact": [
    {
      "telecom": [
        {
          "system": "url",
          "value": "http://hl7.org/fhir"
        },
        {
          "system": "email",
          "value": "fhir@lists.hl7.org"
        }
      ]
    }
  ],
  "description": "The status of the measure report.",
  "caseSensitive": true,
  "valueSet": "http://hl7.org/fhir/ValueSet/measure-report-status",
  "content": "complete",
  "concept": [
    {
      "code": "complete",
      "display": "Complete",
      "definition": "The report is complete and ready for use."
    },
    {
      "code": "pending",
      "display": "Pending",
      "definition": "The report is currently being generated."
    },
    {
      "code": "error",
      "display": "Error",
      "definition": "An error occurred attempting to generate the report."
    }
  ]
}