{
  "resourceType": "CodeSystem",
  "id": "medicationknowledge-package-type",
  "meta": {
    "lastUpdated": "2018-12-27T22:37:54.724+11:00",
    "profile": [
      "http://hl7.org/fhir/StructureDefinition/shareablecodesystem"
    ]
  },
  "text": {
    "status": "generated",
    "div": "\u003cdiv xmlns\u003d\"http://www.w3.org/1999/xhtml\"\u003e\u003ch2\u003eMedication knowledge  package  type  codes\u003c/h2\u003e\u003cdiv\u003e\u003cp\u003eMedicationKnowledge Package Type Codes\u003c/p\u003e\n\u003c/div\u003e\u003cp\u003eThis code system http://terminology.hl7.org/CodeSystem/medicationknowledge-package-type defines the following codes:\u003c/p\u003e\u003ctable class\u003d\"codes\"\u003e\u003ctr\u003e\u003ctd style\u003d\"white-space:nowrap\"\u003e\u003cb\u003eCode\u003c/b\u003e\u003c/td\u003e\u003ctd\u003e\u003cb\u003eDisplay\u003c/b\u003e\u003c/td\u003e\u003ctd\u003e\u003cb\u003eDefinition\u003c/b\u003e\u003c/td\u003e\u003c/tr\u003e\u003ctr\u003e\u003ctd style\u003d\"white-space:nowrap\"\u003eamp\u003ca name\u003d\"medicationknowledge-package-type-amp\"\u003e \u003c/a\u003e\u003c/td\u003e\u003ctd\u003eAmpule\u003c/td\u003e\u003ctd/\u003e\u003c/tr\u003e\u003ctr\u003e\u003ctd style\u003d\"white-space:nowrap\"\u003ebag\u003ca name\u003d\"medicationknowledge-package-type-bag\"\u003e \u003c/a\u003e\u003c/td\u003e\u003ctd\u003eBag\u003c/td\u003e\u003ctd/\u003e\u003c/tr\u003e\u003ctr\u003e\u003ctd style\u003d\"white-space:nowrap\"\u003eblstrpk\u003ca name\u003d\"medicationknowledge-package-type-blstrpk\"\u003e \u003c/a\u003e\u003c/td\u003e\u003ctd\u003eBlister Pack\u003c/td\u003e\u003ctd/\u003e\u003c/tr\u003e\u003ctr\u003e\u003ctd style\u003d\"white-space:nowrap\"\u003ebot\u003ca name\u003d\"medicationknowledge-package-type-bot\"\u003e \u003c/a\u003e\u003c/td\u003e\u003ctd\u003eBottle\u003c/td\u003e\u003ctd/\u003e\u003c/tr\u003e\u003ctr\u003e\u003ctd style\u003d\"white-space:nowrap\"\u003ebox\u003ca name\u003d\"medicationknowledge-package-type-box\"\u003e \u003c/a\u003e\u003c/td\u003e\u003ctd\u003eBox\u003c/td\u003e\u003ctd/\u003e\u003c/tr\u003e\u003ctr\u003e\u003ctd style\u003d\"white-space:nowrap\"\u003ecan\u003ca name\u003d\"medicationknowledge-package-type-can\"\u003e \u003c/a\u003e\u003c/td\u003e\u003ctd\u003eCan\u003c/td\u003e\u003ctd/\u003e\u003c/tr\u003e\u003ctr\u003e\u003ctd style\u003d\"white-space:nowrap\"\u003ecart\u003ca name\u003d\"medicationknowledge-package-type-cart\"\u003e \u003c/a\u003e\u003c/td\u003e\u003ctd\u003eCartridge\u003c/td\u003e\u003ctd/\u003e\u003c/tr\u003e\u003ctr\u003e\u003ctd style\u003d\"white-space:nowrap\"\u003edisk\u003ca name\u003d\"medicationknowledge-package-type-disk\"\u003e \u003c/a\u003e\u003c/td\u003e\u003ctd\u003eDisk\u003c/td\u003e\u003ctd/\u003e\u003c/tr\u003e\u003ctr\u003e\u003ctd style\u003d\"white-space:nowrap\"\u003edoset\u003ca name\u003d\"medicationknowledge-package-type-doset\"\u003e \u003c/a\u003e\u003c/td\u003e\u003ctd\u003eDosette\u003c/td\u003e\u003ctd/\u003e\u003c/tr\u003e\u003ctr\u003e\u003ctd style\u003d\"white-space:nowrap\"\u003ejar\u003ca name\u003d\"medicationknowledge-package-type-jar\"\u003e \u003c/a\u003e\u003c/td\u003e\u003ctd\u003eJar\u003c/td\u003e\u003ctd/\u003e\u003c/tr\u003e\u003ctr\u003e\u003ctd style\u003d\"white-space:nowrap\"\u003ejug\u003ca name\u003d\"medicationknowledge-package-type-jug\"\u003e \u003c/a\u003e\u003c/td\u003e\u003ctd\u003eJug\u003c/td\u003e\u003ctd/\u003e\u003c/tr\u003e\u003ctr\u003e\u003ctd style\u003d\"white-space:nowrap\"\u003eminim\u003ca name\u003d\"medicationknowledge-package-type-minim\"\u003e \u003c/a\u003e\u003c/td\u003e\u003ctd\u003eMinim\u003c/td\u003e\u003ctd/\u003e\u003c/tr\u003e\u003ctr\u003e\u003ctd style\u003d\"white-space:nowrap\"\u003enebamp\u003ca name\u003d\"medicationknowledge-package-type-nebamp\"\u003e \u003c/a\u003e\u003c/td\u003e\u003ctd\u003eNebule Amp\u003c/td\u003e\u003ctd/\u003e\u003c/tr\u003e\u003ctr\u003e\u003ctd style\u003d\"white-space:nowrap\"\u003eovul\u003ca name\u003d\"medicationknowledge-package-type-ovul\"\u003e \u003c/a\u003e\u003c/td\u003e\u003ctd\u003eOvule\u003c/td\u003e\u003ctd/\u003e\u003c/tr\u003e\u003ctr\u003e\u003ctd style\u003d\"white-space:nowrap\"\u003epch\u003ca name\u003d\"medicationknowledge-package-type-pch\"\u003e \u003c/a\u003e\u003c/td\u003e\u003ctd\u003ePouch\u003c/td\u003e\u003ctd/\u003e\u003c/tr\u003e\u003ctr\u003e\u003ctd style\u003d\"white-space:nowrap\"\u003epkt\u003ca name\u003d\"medicationknowledge-package-type-pkt\"\u003e \u003c/a\u003e\u003c/td\u003e\u003ctd\u003ePacket\u003c/td\u003e\u003ctd/\u003e\u003c/tr\u003e\u003ctr\u003e\u003ctd style\u003d\"white-space:nowrap\"\u003esash\u003ca name\u003d\"medicationknowledge-package-type-sash\"\u003e \u003c/a\u003e\u003c/td\u003e\u003ctd\u003eSashet\u003c/td\u003e\u003ctd/\u003e\u003c/tr\u003e\u003ctr\u003e\u003ctd style\u003d\"white-space:nowrap\"\u003estrip\u003ca name\u003d\"medicationknowledge-package-type-strip\"\u003e \u003c/a\u003e\u003c/td\u003e\u003ctd\u003eStrip\u003c/td\u003e\u003ctd/\u003e\u003c/tr\u003e\u003ctr\u003e\u003ctd style\u003d\"white-space:nowrap\"\u003etin\u003ca name\u003d\"medicationknowledge-package-type-tin\"\u003e \u003c/a\u003e\u003c/td\u003e\u003ctd\u003eTin\u003c/td\u003e\u003ctd/\u003e\u003c/tr\u003e\u003ctr\u003e\u003ctd style\u003d\"white-space:nowrap\"\u003etub\u003ca name\u003d\"medicationknowledge-package-type-tub\"\u003e \u003c/a\u003e\u003c/td\u003e\u003ctd\u003eTub\u003c/td\u003e\u003ctd/\u003e\u003c/tr\u003e\u003ctr\u003e\u003ctd style\u003d\"white-space:nowrap\"\u003etube\u003ca name\u003d\"medicationknowledge-package-type-tube\"\u003e \u003c/a\u003e\u003c/td\u003e\u003ctd\u003eTube\u003c/td\u003e\u003ctd/\u003e\u003c/tr\u003e\u003ctr\u003e\u003ctd style\u003d\"white-space:nowrap\"\u003evial\u003ca name\u003d\"medicationknowledge-package-type-vial\"\u003e \u003c/a\u003e\u003c/td\u003e\u003ctd\u003eVial\u003c/td\u003e\u003ctd/\u003e\u003c/tr\u003e\u003c/table\u003e\u003c/div\u003e"
  },
  "extension": [
    {
      "url": "http://hl7.org/fhir/StructureDefinition/structuredefinition-wg",
      "valueCode": "phx"
    },
    {
      "url": "http://hl7.org/fhir/StructureDefinition/structuredefinition-standards-status",
      "valueCode": "draft"
    },
    {
      "url": "http://hl7.org/fhir/StructureDefinition/structuredefinition-fmm",
      "valueInteger": 1
    }
  ],
  "url": "http://terminology.hl7.org/CodeSystem/medicationknowledge-package-type",
  "identifier": [
    {
      "system": "urn:ietf:rfc:3986",
      "value": "urn:oid:2.16.840.1.113883.4.642.1.1340"
    }
  ],
  "version": "4.0.0",
  "name": "medicationKnowledge Package Type Codes",
  "title": "Medication knowledge  package  type  codes",
  "status": "draft",
  "experimental": false,
  "publisher": "FHIR Project team",
  "contact": [
    {
      "telecom": [
        {
          "system": "url",
          "value": "http://hl7.org/fhir"
        }
      ]
    }
  ],
  "description": "MedicationKnowledge Package Type Codes",
  "caseSensitive": true,
  "valueSet": "http://hl7.org/fhir/ValueSet/medicationknowledge-package-type",
  "content": "complete",
  "concept": [
    {
      "code": "amp",
      "display": "Ampule"
    },
    {
      "code": "bag",
      "display": "Bag"
    },
    {
      "code": "blstrpk",
      "display": "Blister Pack"
    },
    {
      "code": "bot",
      "display": "Bottle"
    },
    {
      "code": "box",
      "display": "Box"
    },
    {
      "code": "can",
      "display": "Can"
    },
    {
      "code": "cart",
      "display": "Cartridge"
    },
    {
      "code": "disk",
      "display": "Disk"
    },
    {
      "code": "doset",
      "display": "Dosette"
    },
    {
      "code": "jar",
      "display": "Jar"
    },
    {
      "code": "jug",
      "display": "Jug"
    },
    {
      "code": "minim",
      "display": "Minim"
    },
    {
      "code": "nebamp",
      "display": "Nebule Amp"
    },
    {
      "code": "ovul",
      "display": "Ovule"
    },
    {
      "code": "pch",
      "display": "Pouch"
    },
    {
      "code": "pkt",
      "display": "Packet"
    },
    {
      "code": "sash",
      "display": "Sashet"
    },
    {
      "code": "strip",
      "display": "Strip"
    },
    {
      "code": "tin",
      "display": "Tin"
    },
    {
      "code": "tub",
      "display": "Tub"
    },
    {
      "code": "tube",
      "display": "Tube"
    },
    {
      "code": "vial",
      "display": "Vial"
    }
  ]
}