{
  "resourceType": "CodeSystem",
  "id": "issue-severity",
  "meta": {
    "lastUpdated": "2018-12-27T22:37:54.724+11:00"
  },
  "text": {
    "status": "generated",
    "div": "\u003cdiv xmlns\u003d\"http://www.w3.org/1999/xhtml\"\u003e\u003ch2\u003eIssueSeverity\u003c/h2\u003e\u003cdiv\u003e\u003cp\u003eHow the issue affects the success of the action.\u003c/p\u003e\n\u003c/div\u003e\u003cp\u003eThis code system http://hl7.org/fhir/issue-severity defines the following codes:\u003c/p\u003e\u003ctable class\u003d\"codes\"\u003e\u003ctr\u003e\u003ctd style\u003d\"white-space:nowrap\"\u003e\u003cb\u003eCode\u003c/b\u003e\u003c/td\u003e\u003ctd\u003e\u003cb\u003eDisplay\u003c/b\u003e\u003c/td\u003e\u003ctd\u003e\u003cb\u003eDefinition\u003c/b\u003e\u003c/td\u003e\u003c/tr\u003e\u003ctr\u003e\u003ctd style\u003d\"white-space:nowrap\"\u003efatal\u003ca name\u003d\"issue-severity-fatal\"\u003e \u003c/a\u003e\u003c/td\u003e\u003ctd\u003eFatal\u003c/td\u003e\u003ctd\u003eThe issue caused the action to fail and no further checking could be performed.\u003c/td\u003e\u003c/tr\u003e\u003ctr\u003e\u003ctd style\u003d\"white-space:nowrap\"\u003eerror\u003ca name\u003d\"issue-severity-error\"\u003e \u003c/a\u003e\u003c/td\u003e\u003ctd\u003eError\u003c/td\u003e\u003ctd\u003eThe issue is sufficiently important to cause the action to fail.\u003c/td\u003e\u003c/tr\u003e\u003ctr\u003e\u003ctd style\u003d\"white-space:nowrap\"\u003ewarning\u003ca name\u003d\"issue-severity-warning\"\u003e \u003c/a\u003e\u003c/td\u003e\u003ctd\u003eWarning\u003c/td\u003e\u003ctd\u003eThe issue is not important enough to cause the action to fail but may cause it to be performed suboptimally or in a way that is not as desired.\u003c/td\u003e\u003c/tr\u003e\u003ctr\u003e\u003ctd style\u003d\"white-space:nowrap\"\u003einformation\u003ca name\u003d\"issue-severity-information\"\u003e \u003c/a\u003e\u003c/td\u003e\u003ctd\u003eInformation\u003c/td\u003e\u003ctd\u003eThe issue has no relation to the degree of success of the action.\u003c/td\u003e\u003c/tr\u003e\u003c/table\u003e\u003c/div\u003e"
  },
  "extension": [
    {
      "url": "http://hl7.org/fhir/StructureDefinition/structuredefinition-wg",
      "valueCode": "fhir"
    },
    {
      "url": "http://hl7.org/fhir/StructureDefinition/structuredefinition-standards-status",
      "valueCode": "normative"
    },
    {
      "url": "http://hl7.org/fhir/StructureDefinition/structuredefinition-normative-version",
      "valueCode": "4.0.0"
    },
    {
      "url": "http://hl7.org/fhir/StructureDefinition/structuredefinition-fmm",
      "valueInteger": 5
    }
  ],
  "url": "http://hl7.org/fhir/issue-severity",
  "identifier": [
    {
      "system": "urn:ietf:rfc:3986",
      "value": "urn:oid:2.16.840.1.113883.4.642.1.409"
    }
  ],
  "version": "4.0.0",
  "name": "IssueSeverity",
  "title": "IssueSeverity",
  "status": "active",
  "experimental": false,
  "date": "2018-12-27T22:37:54+11:00",
  "publisher": "HL7 (FHIR Project)",
  "contact": [
    {
      "telecom": [
        {
          "system": "url",
          "value": "http://hl7.org/fhir"
        },
        {
          "system": "email",
          "value": "fhir@lists.hl7.org"
        }
      ]
    }
  ],
  "description": "How the issue affects the success of the action.",
  "caseSensitive": true,
  "valueSet": "http://hl7.org/fhir/ValueSet/issue-severity",
  "content": "complete",
  "concept": [
    {
      "code": "fatal",
      "display": "Fatal",
      "definition": "The issue caused the action to fail and no further checking could be performed."
    },
    {
      "code": "error",
      "display": "Error",
      "definition": "The issue is sufficiently important to cause the action to fail."
    },
    {
      "code": "warning",
      "display": "Warning",
      "definition": "The issue is not important enough to cause the action to fail but may cause it to be performed suboptimally or in a way that is not as desired."
    },
    {
      "code": "information",
      "display": "Information",
      "definition": "The issue has no relation to the degree of success of the action."
    }
  ]
}