{
  "resourceType": "CodeSystem",
  "id": "event-capability-mode",
  "meta": {
    "lastUpdated": "2018-12-27T22:37:54.724+11:00"
  },
  "text": {
    "status": "generated",
    "div": "\u003cdiv xmlns\u003d\"http://www.w3.org/1999/xhtml\"\u003e\u003ch2\u003eEventCapabilityMode\u003c/h2\u003e\u003cdiv\u003e\u003cp\u003eThe mode of a message capability statement.\u003c/p\u003e\n\u003c/div\u003e\u003cp\u003eThis code system http://hl7.org/fhir/event-capability-mode defines the following codes:\u003c/p\u003e\u003ctable class\u003d\"codes\"\u003e\u003ctr\u003e\u003ctd style\u003d\"white-space:nowrap\"\u003e\u003cb\u003eCode\u003c/b\u003e\u003c/td\u003e\u003ctd\u003e\u003cb\u003eDisplay\u003c/b\u003e\u003c/td\u003e\u003ctd\u003e\u003cb\u003eDefinition\u003c/b\u003e\u003c/td\u003e\u003c/tr\u003e\u003ctr\u003e\u003ctd style\u003d\"white-space:nowrap\"\u003esender\u003ca name\u003d\"event-capability-mode-sender\"\u003e \u003c/a\u003e\u003c/td\u003e\u003ctd\u003eSender\u003c/td\u003e\u003ctd\u003eThe application sends requests and receives responses.\u003c/td\u003e\u003c/tr\u003e\u003ctr\u003e\u003ctd style\u003d\"white-space:nowrap\"\u003ereceiver\u003ca name\u003d\"event-capability-mode-receiver\"\u003e \u003c/a\u003e\u003c/td\u003e\u003ctd\u003eReceiver\u003c/td\u003e\u003ctd\u003eThe application receives requests and sends responses.\u003c/td\u003e\u003c/tr\u003e\u003c/table\u003e\u003c/div\u003e"
  },
  "extension": [
    {
      "url": "http://hl7.org/fhir/StructureDefinition/structuredefinition-wg",
      "valueCode": "fhir"
    },
    {
      "url": "http://hl7.org/fhir/StructureDefinition/structuredefinition-standards-status",
      "valueCode": "normative"
    },
    {
      "url": "http://hl7.org/fhir/StructureDefinition/structuredefinition-normative-version",
      "valueCode": "4.0.0"
    },
    {
      "url": "http://hl7.org/fhir/StructureDefinition/structuredefinition-fmm",
      "valueInteger": 5
    }
  ],
  "url": "http://hl7.org/fhir/event-capability-mode",
  "identifier": [
    {
      "system": "urn:ietf:rfc:3986",
      "value": "urn:oid:2.16.840.1.113883.4.642.1.183"
    }
  ],
  "version": "4.0.0",
  "name": "EventCapabilityMode",
  "title": "EventCapabilityMode",
  "status": "active",
  "experimental": false,
  "date": "2018-12-27T22:37:54+11:00",
  "publisher": "HL7 (FHIR Project)",
  "contact": [
    {
      "telecom": [
        {
          "system": "url",
          "value": "http://hl7.org/fhir"
        },
        {
          "system": "email",
          "value": "fhir@lists.hl7.org"
        }
      ]
    }
  ],
  "description": "The mode of a message capability statement.",
  "caseSensitive": true,
  "valueSet": "http://hl7.org/fhir/ValueSet/event-capability-mode",
  "content": "complete",
  "concept": [
    {
      "code": "sender",
      "display": "Sender",
      "definition": "The application sends requests and receives responses."
    },
    {
      "code": "receiver",
      "display": "Receiver",
      "definition": "The application receives requests and sends responses."
    }
  ]
}