{
  "resourceType": "CodeSystem",
  "id": "ex-diagnosis-on-admission",
  "meta": {
    "lastUpdated": "2018-12-27T22:37:54.724+11:00",
    "profile": [
      "http://hl7.org/fhir/StructureDefinition/shareablecodesystem"
    ]
  },
  "text": {
    "status": "generated",
    "div": "\u003cdiv xmlns\u003d\"http://www.w3.org/1999/xhtml\"\u003e\u003ch2\u003eExample Diagnosis on Admission Codes\u003c/h2\u003e\u003cdiv\u003e\u003cp\u003eThis value set includes example Diagnosis on Admission codes.\u003c/p\u003e\n\u003c/div\u003e\u003cp\u003e\u003cb\u003eCopyright Statement:\u003c/b\u003e This is an example set.\u003c/p\u003e\u003cp\u003eThis code system http://terminology.hl7.org/CodeSystem/ex-diagnosis-on-admission defines the following codes:\u003c/p\u003e\u003ctable class\u003d\"codes\"\u003e\u003ctr\u003e\u003ctd style\u003d\"white-space:nowrap\"\u003e\u003cb\u003eCode\u003c/b\u003e\u003c/td\u003e\u003ctd\u003e\u003cb\u003eDisplay\u003c/b\u003e\u003c/td\u003e\u003ctd\u003e\u003cb\u003eDefinition\u003c/b\u003e\u003c/td\u003e\u003c/tr\u003e\u003ctr\u003e\u003ctd style\u003d\"white-space:nowrap\"\u003ey\u003ca name\u003d\"ex-diagnosis-on-admission-y\"\u003e \u003c/a\u003e\u003c/td\u003e\u003ctd\u003eYes\u003c/td\u003e\u003ctd\u003eDiagnosis was present at time of inpatient admission.\u003c/td\u003e\u003c/tr\u003e\u003ctr\u003e\u003ctd style\u003d\"white-space:nowrap\"\u003en\u003ca name\u003d\"ex-diagnosis-on-admission-n\"\u003e \u003c/a\u003e\u003c/td\u003e\u003ctd\u003eNo\u003c/td\u003e\u003ctd\u003eDiagnosis was not present at time of inpatient admission.\u003c/td\u003e\u003c/tr\u003e\u003ctr\u003e\u003ctd style\u003d\"white-space:nowrap\"\u003eu\u003ca name\u003d\"ex-diagnosis-on-admission-u\"\u003e \u003c/a\u003e\u003c/td\u003e\u003ctd\u003eUnknown\u003c/td\u003e\u003ctd\u003eDocumentation insufficient to determine if condition was present at the time of inpatient admission.\u003c/td\u003e\u003c/tr\u003e\u003ctr\u003e\u003ctd style\u003d\"white-space:nowrap\"\u003ew\u003ca name\u003d\"ex-diagnosis-on-admission-w\"\u003e \u003c/a\u003e\u003c/td\u003e\u003ctd\u003eUndetermined\u003c/td\u003e\u003ctd\u003eClinically undetermined. Provider unable to clinically determine whether the condition was present at the time of inpatient admission.\u003c/td\u003e\u003c/tr\u003e\u003c/table\u003e\u003c/div\u003e"
  },
  "extension": [
    {
      "url": "http://hl7.org/fhir/StructureDefinition/structuredefinition-wg",
      "valueCode": "fm"
    },
    {
      "url": "http://hl7.org/fhir/StructureDefinition/structuredefinition-standards-status",
      "valueCode": "draft"
    },
    {
      "url": "http://hl7.org/fhir/StructureDefinition/structuredefinition-fmm",
      "valueInteger": 1
    }
  ],
  "url": "http://terminology.hl7.org/CodeSystem/ex-diagnosis-on-admission",
  "identifier": [
    {
      "system": "urn:ietf:rfc:3986",
      "value": "urn:oid:2.16.840.1.113883.4.642.1.1170"
    }
  ],
  "version": "4.0.0",
  "name": "ExampleDiagnosisOnAdmissionCodes",
  "title": "Example Diagnosis on Admission Codes",
  "status": "draft",
  "experimental": false,
  "publisher": "Financial Management",
  "contact": [
    {
      "telecom": [
        {
          "system": "url",
          "value": "http://hl7.org/fhir"
        }
      ]
    }
  ],
  "description": "This value set includes example Diagnosis on Admission codes.",
  "copyright": "This is an example set.",
  "caseSensitive": true,
  "valueSet": "http://hl7.org/fhir/ValueSet/ex-diagnosis-on-admission",
  "content": "complete",
  "concept": [
    {
      "code": "y",
      "display": "Yes",
      "definition": "Diagnosis was present at time of inpatient admission."
    },
    {
      "code": "n",
      "display": "No",
      "definition": "Diagnosis was not present at time of inpatient admission."
    },
    {
      "code": "u",
      "display": "Unknown",
      "definition": "Documentation insufficient to determine if condition was present at the time of inpatient admission."
    },
    {
      "code": "w",
      "display": "Undetermined",
      "definition": "Clinically undetermined. Provider unable to clinically determine whether the condition was present at the time of inpatient admission."
    }
  ]
}