{
  "resourceType": "CodeSystem",
  "id": "handling-condition",
  "meta": {
    "lastUpdated": "2018-12-27T22:37:54.724+11:00"
  },
  "text": {
    "status": "generated",
    "div": "\u003cdiv xmlns\u003d\"http://www.w3.org/1999/xhtml\"\u003e\u003ch2\u003eHandlingConditionSet\u003c/h2\u003e\u003cdiv\u003e\u003cp\u003eSet of handling instructions prior testing of the specimen.\u003c/p\u003e\n\u003c/div\u003e\u003cp\u003eThis code system http://terminology.hl7.org/CodeSystem/handling-condition defines the following codes:\u003c/p\u003e\u003ctable class\u003d\"codes\"\u003e\u003ctr\u003e\u003ctd style\u003d\"white-space:nowrap\"\u003e\u003cb\u003eCode\u003c/b\u003e\u003c/td\u003e\u003ctd\u003e\u003cb\u003eDisplay\u003c/b\u003e\u003c/td\u003e\u003ctd\u003e\u003cb\u003eDefinition\u003c/b\u003e\u003c/td\u003e\u003c/tr\u003e\u003ctr\u003e\u003ctd style\u003d\"white-space:nowrap\"\u003eroom\u003ca name\u003d\"handling-condition-room\"\u003e \u003c/a\u003e\u003c/td\u003e\u003ctd\u003eroom temperature\u003c/td\u003e\u003ctd\u003eroom temperature.\u003c/td\u003e\u003c/tr\u003e\u003ctr\u003e\u003ctd style\u003d\"white-space:nowrap\"\u003erefrigerated\u003ca name\u003d\"handling-condition-refrigerated\"\u003e \u003c/a\u003e\u003c/td\u003e\u003ctd\u003erefrigerated\u003c/td\u003e\u003ctd\u003erefrigerated temperature.\u003c/td\u003e\u003c/tr\u003e\u003ctr\u003e\u003ctd style\u003d\"white-space:nowrap\"\u003efrozen\u003ca name\u003d\"handling-condition-frozen\"\u003e \u003c/a\u003e\u003c/td\u003e\u003ctd\u003efrozen\u003c/td\u003e\u003ctd\u003efrozen temperature.\u003c/td\u003e\u003c/tr\u003e\u003c/table\u003e\u003c/div\u003e"
  },
  "extension": [
    {
      "url": "http://hl7.org/fhir/StructureDefinition/structuredefinition-wg",
      "valueCode": "oo"
    },
    {
      "url": "http://hl7.org/fhir/StructureDefinition/structuredefinition-standards-status",
      "valueCode": "draft"
    },
    {
      "url": "http://hl7.org/fhir/StructureDefinition/structuredefinition-fmm",
      "valueInteger": 1
    }
  ],
  "url": "http://terminology.hl7.org/CodeSystem/handling-condition",
  "identifier": [
    {
      "system": "urn:ietf:rfc:3986",
      "value": "urn:oid:2.16.840.1.113883.4.642.1.1259"
    }
  ],
  "version": "4.0.0",
  "name": "HandlingConditionSet",
  "title": "HandlingConditionSet",
  "status": "draft",
  "experimental": false,
  "date": "2018-12-27T22:37:54+11:00",
  "publisher": "HL7 (FHIR Project)",
  "contact": [
    {
      "telecom": [
        {
          "system": "url",
          "value": "http://hl7.org/fhir"
        },
        {
          "system": "email",
          "value": "fhir@lists.hl7.org"
        }
      ]
    }
  ],
  "description": "Set of handling instructions prior testing of the specimen.",
  "caseSensitive": true,
  "valueSet": "http://hl7.org/fhir/ValueSet/handling-condition",
  "content": "complete",
  "concept": [
    {
      "code": "room",
      "display": "room temperature",
      "definition": "room temperature."
    },
    {
      "code": "refrigerated",
      "display": "refrigerated",
      "definition": "refrigerated temperature."
    },
    {
      "code": "frozen",
      "display": "frozen",
      "definition": "frozen temperature."
    }
  ]
}