{
  "resourceType": "CodeSystem",
  "id": "device-nametype",
  "meta": {
    "lastUpdated": "2018-12-27T22:37:54.724+11:00"
  },
  "text": {
    "status": "generated",
    "div": "\u003cdiv xmlns\u003d\"http://www.w3.org/1999/xhtml\"\u003e\u003ch2\u003eDeviceNameType\u003c/h2\u003e\u003cdiv\u003e\u003cp\u003eThe type of name the device is referred by.\u003c/p\u003e\n\u003c/div\u003e\u003cp\u003eThis code system http://hl7.org/fhir/device-nametype defines the following codes:\u003c/p\u003e\u003ctable class\u003d\"codes\"\u003e\u003ctr\u003e\u003ctd style\u003d\"white-space:nowrap\"\u003e\u003cb\u003eCode\u003c/b\u003e\u003c/td\u003e\u003ctd\u003e\u003cb\u003eDisplay\u003c/b\u003e\u003c/td\u003e\u003ctd\u003e\u003cb\u003eDefinition\u003c/b\u003e\u003c/td\u003e\u003c/tr\u003e\u003ctr\u003e\u003ctd style\u003d\"white-space:nowrap\"\u003eudi-label-name\u003ca name\u003d\"device-nametype-udi-label-name\"\u003e \u003c/a\u003e\u003c/td\u003e\u003ctd\u003eUDI Label name\u003c/td\u003e\u003ctd\u003eUDI Label name.\u003c/td\u003e\u003c/tr\u003e\u003ctr\u003e\u003ctd style\u003d\"white-space:nowrap\"\u003euser-friendly-name\u003ca name\u003d\"device-nametype-user-friendly-name\"\u003e \u003c/a\u003e\u003c/td\u003e\u003ctd\u003eUser Friendly name\u003c/td\u003e\u003ctd\u003eUser Friendly name.\u003c/td\u003e\u003c/tr\u003e\u003ctr\u003e\u003ctd style\u003d\"white-space:nowrap\"\u003epatient-reported-name\u003ca name\u003d\"device-nametype-patient-reported-name\"\u003e \u003c/a\u003e\u003c/td\u003e\u003ctd\u003ePatient Reported name\u003c/td\u003e\u003ctd\u003ePatient Reported name.\u003c/td\u003e\u003c/tr\u003e\u003ctr\u003e\u003ctd style\u003d\"white-space:nowrap\"\u003emanufacturer-name\u003ca name\u003d\"device-nametype-manufacturer-name\"\u003e \u003c/a\u003e\u003c/td\u003e\u003ctd\u003eManufacturer name\u003c/td\u003e\u003ctd\u003eManufacturer name.\u003c/td\u003e\u003c/tr\u003e\u003ctr\u003e\u003ctd style\u003d\"white-space:nowrap\"\u003emodel-name\u003ca name\u003d\"device-nametype-model-name\"\u003e \u003c/a\u003e\u003c/td\u003e\u003ctd\u003eModel name\u003c/td\u003e\u003ctd\u003eModel name.\u003c/td\u003e\u003c/tr\u003e\u003ctr\u003e\u003ctd style\u003d\"white-space:nowrap\"\u003eother\u003ca name\u003d\"device-nametype-other\"\u003e \u003c/a\u003e\u003c/td\u003e\u003ctd\u003eother\u003c/td\u003e\u003ctd\u003eother.\u003c/td\u003e\u003c/tr\u003e\u003c/table\u003e\u003c/div\u003e"
  },
  "extension": [
    {
      "url": "http://hl7.org/fhir/StructureDefinition/structuredefinition-wg",
      "valueCode": "oo"
    },
    {
      "url": "http://hl7.org/fhir/StructureDefinition/structuredefinition-standards-status",
      "valueCode": "trial-use"
    },
    {
      "url": "http://hl7.org/fhir/StructureDefinition/structuredefinition-fmm",
      "valueInteger": 0
    }
  ],
  "url": "http://hl7.org/fhir/device-nametype",
  "identifier": [
    {
      "system": "urn:ietf:rfc:3986",
      "value": "urn:oid:2.16.840.1.113883.4.642.1.1084"
    }
  ],
  "version": "4.0.0",
  "name": "DeviceNameType",
  "title": "DeviceNameType",
  "status": "draft",
  "experimental": false,
  "date": "2018-12-27T22:37:54+11:00",
  "publisher": "HL7 (FHIR Project)",
  "contact": [
    {
      "telecom": [
        {
          "system": "url",
          "value": "http://hl7.org/fhir"
        },
        {
          "system": "email",
          "value": "fhir@lists.hl7.org"
        }
      ]
    }
  ],
  "description": "The type of name the device is referred by.",
  "caseSensitive": true,
  "valueSet": "http://hl7.org/fhir/ValueSet/device-nametype",
  "content": "complete",
  "concept": [
    {
      "code": "udi-label-name",
      "display": "UDI Label name",
      "definition": "UDI Label name."
    },
    {
      "code": "user-friendly-name",
      "display": "User Friendly name",
      "definition": "User Friendly name."
    },
    {
      "code": "patient-reported-name",
      "display": "Patient Reported name",
      "definition": "Patient Reported name."
    },
    {
      "code": "manufacturer-name",
      "display": "Manufacturer name",
      "definition": "Manufacturer name."
    },
    {
      "code": "model-name",
      "display": "Model name",
      "definition": "Model name."
    },
    {
      "code": "other",
      "display": "other",
      "definition": "other."
    }
  ]
}