{
  "resourceType": "CodeSystem",
  "id": "allergy-intolerance-criticality",
  "meta": {
    "lastUpdated": "2018-12-27T22:37:54.724+11:00"
  },
  "text": {
    "status": "generated",
    "div": "\u003cdiv xmlns\u003d\"http://www.w3.org/1999/xhtml\"\u003e\u003ch2\u003eAllergyIntoleranceCriticality\u003c/h2\u003e\u003cdiv\u003e\u003cp\u003eEstimate of the potential clinical harm, or seriousness, of a reaction to an identified substance.\u003c/p\u003e\n\u003c/div\u003e\u003cp\u003eThis code system http://hl7.org/fhir/allergy-intolerance-criticality defines the following codes:\u003c/p\u003e\u003ctable class\u003d\"codes\"\u003e\u003ctr\u003e\u003ctd style\u003d\"white-space:nowrap\"\u003e\u003cb\u003eCode\u003c/b\u003e\u003c/td\u003e\u003ctd\u003e\u003cb\u003eDisplay\u003c/b\u003e\u003c/td\u003e\u003ctd\u003e\u003cb\u003eDefinition\u003c/b\u003e\u003c/td\u003e\u003c/tr\u003e\u003ctr\u003e\u003ctd style\u003d\"white-space:nowrap\"\u003elow\u003ca name\u003d\"allergy-intolerance-criticality-low\"\u003e \u003c/a\u003e\u003c/td\u003e\u003ctd\u003eLow Risk\u003c/td\u003e\u003ctd\u003eWorst case result of a future exposure is not assessed to be life-threatening or having high potential for organ system failure.\u003c/td\u003e\u003c/tr\u003e\u003ctr\u003e\u003ctd style\u003d\"white-space:nowrap\"\u003ehigh\u003ca name\u003d\"allergy-intolerance-criticality-high\"\u003e \u003c/a\u003e\u003c/td\u003e\u003ctd\u003eHigh Risk\u003c/td\u003e\u003ctd\u003eWorst case result of a future exposure is assessed to be life-threatening or having high potential for organ system failure.\u003c/td\u003e\u003c/tr\u003e\u003ctr\u003e\u003ctd style\u003d\"white-space:nowrap\"\u003eunable-to-assess\u003ca name\u003d\"allergy-intolerance-criticality-unable-to-assess\"\u003e \u003c/a\u003e\u003c/td\u003e\u003ctd\u003eUnable to Assess Risk\u003c/td\u003e\u003ctd\u003eUnable to assess the worst case result of a future exposure.\u003c/td\u003e\u003c/tr\u003e\u003c/table\u003e\u003c/div\u003e"
  },
  "extension": [
    {
      "url": "http://hl7.org/fhir/StructureDefinition/structuredefinition-wg",
      "valueCode": "pc"
    },
    {
      "url": "http://hl7.org/fhir/StructureDefinition/structuredefinition-standards-status",
      "valueCode": "trial-use"
    },
    {
      "url": "http://hl7.org/fhir/StructureDefinition/structuredefinition-fmm",
      "valueInteger": 3
    }
  ],
  "url": "http://hl7.org/fhir/allergy-intolerance-criticality",
  "identifier": [
    {
      "system": "urn:ietf:rfc:3986",
      "value": "urn:oid:2.16.840.1.113883.4.642.1.130"
    }
  ],
  "version": "4.0.0",
  "name": "AllergyIntoleranceCriticality",
  "title": "AllergyIntoleranceCriticality",
  "status": "draft",
  "experimental": false,
  "date": "2018-12-27T22:37:54+11:00",
  "publisher": "HL7 (FHIR Project)",
  "contact": [
    {
      "telecom": [
        {
          "system": "url",
          "value": "http://hl7.org/fhir"
        },
        {
          "system": "email",
          "value": "fhir@lists.hl7.org"
        }
      ]
    }
  ],
  "description": "Estimate of the potential clinical harm, or seriousness, of a reaction to an identified substance.",
  "caseSensitive": true,
  "valueSet": "http://hl7.org/fhir/ValueSet/allergy-intolerance-criticality",
  "content": "complete",
  "concept": [
    {
      "code": "low",
      "display": "Low Risk",
      "definition": "Worst case result of a future exposure is not assessed to be life-threatening or having high potential for organ system failure."
    },
    {
      "code": "high",
      "display": "High Risk",
      "definition": "Worst case result of a future exposure is assessed to be life-threatening or having high potential for organ system failure."
    },
    {
      "code": "unable-to-assess",
      "display": "Unable to Assess Risk",
      "definition": "Unable to assess the worst case result of a future exposure."
    }
  ]
}