{
  "resourceType": "CodeSystem",
  "id": "ex-revenue-center",
  "meta": {
    "lastUpdated": "2018-12-27T22:37:54.724+11:00",
    "profile": [
      "http://hl7.org/fhir/StructureDefinition/shareablecodesystem"
    ]
  },
  "text": {
    "status": "generated",
    "div": "\u003cdiv xmlns\u003d\"http://www.w3.org/1999/xhtml\"\u003e\u003ch2\u003eExample Revenue Center Codes\u003c/h2\u003e\u003cdiv\u003e\u003cp\u003eThis value set includes sample Revenue Center codes.\u003c/p\u003e\n\u003c/div\u003e\u003cp\u003e\u003cb\u003eCopyright Statement:\u003c/b\u003e This is an example set.\u003c/p\u003e\u003cp\u003eThis code system http://terminology.hl7.org/CodeSystem/ex-revenue-center defines the following codes:\u003c/p\u003e\u003ctable class\u003d\"codes\"\u003e\u003ctr\u003e\u003ctd style\u003d\"white-space:nowrap\"\u003e\u003cb\u003eCode\u003c/b\u003e\u003c/td\u003e\u003ctd\u003e\u003cb\u003eDisplay\u003c/b\u003e\u003c/td\u003e\u003ctd\u003e\u003cb\u003eDefinition\u003c/b\u003e\u003c/td\u003e\u003c/tr\u003e\u003ctr\u003e\u003ctd style\u003d\"white-space:nowrap\"\u003e0370\u003ca name\u003d\"ex-revenue-center-0370\"\u003e \u003c/a\u003e\u003c/td\u003e\u003ctd\u003eAnaesthesia\u003c/td\u003e\u003ctd\u003eAnaesthesia.\u003c/td\u003e\u003c/tr\u003e\u003ctr\u003e\u003ctd style\u003d\"white-space:nowrap\"\u003e0420\u003ca name\u003d\"ex-revenue-center-0420\"\u003e \u003c/a\u003e\u003c/td\u003e\u003ctd\u003ePhysical Therapy\u003c/td\u003e\u003ctd\u003ePhysical Therapy.\u003c/td\u003e\u003c/tr\u003e\u003ctr\u003e\u003ctd style\u003d\"white-space:nowrap\"\u003e0421\u003ca name\u003d\"ex-revenue-center-0421\"\u003e \u003c/a\u003e\u003c/td\u003e\u003ctd\u003ePhysical Therapy - \u003c/td\u003e\u003ctd\u003ePhysical Therapy - visit charge.\u003c/td\u003e\u003c/tr\u003e\u003ctr\u003e\u003ctd style\u003d\"white-space:nowrap\"\u003e0440\u003ca name\u003d\"ex-revenue-center-0440\"\u003e \u003c/a\u003e\u003c/td\u003e\u003ctd\u003eSpeech-Language Pathology\u003c/td\u003e\u003ctd\u003eSpeech-Language Pathology.\u003c/td\u003e\u003c/tr\u003e\u003ctr\u003e\u003ctd style\u003d\"white-space:nowrap\"\u003e0441\u003ca name\u003d\"ex-revenue-center-0441\"\u003e \u003c/a\u003e\u003c/td\u003e\u003ctd\u003eSpeech-Language Pathology - Visit\u003c/td\u003e\u003ctd\u003eSpeech-Language Pathology- visit charge\u003c/td\u003e\u003c/tr\u003e\u003ctr\u003e\u003ctd style\u003d\"white-space:nowrap\"\u003e0450\u003ca name\u003d\"ex-revenue-center-0450\"\u003e \u003c/a\u003e\u003c/td\u003e\u003ctd\u003eEmergency Room\u003c/td\u003e\u003ctd\u003eEmergency Room\u003c/td\u003e\u003c/tr\u003e\u003ctr\u003e\u003ctd style\u003d\"white-space:nowrap\"\u003e0451\u003ca name\u003d\"ex-revenue-center-0451\"\u003e \u003c/a\u003e\u003c/td\u003e\u003ctd\u003eEmergency Room - EM/EMTALA\u003c/td\u003e\u003ctd\u003eEmergency Room - EM/EMTALA\u003c/td\u003e\u003c/tr\u003e\u003ctr\u003e\u003ctd style\u003d\"white-space:nowrap\"\u003e0452\u003ca name\u003d\"ex-revenue-center-0452\"\u003e \u003c/a\u003e\u003c/td\u003e\u003ctd\u003eEmergency Room - beyond EMTALA\u003c/td\u003e\u003ctd\u003eEmergency Room - beyond EMTALA\u003c/td\u003e\u003c/tr\u003e\u003ctr\u003e\u003ctd style\u003d\"white-space:nowrap\"\u003e0010\u003ca name\u003d\"ex-revenue-center-0010\"\u003e \u003c/a\u003e\u003c/td\u003e\u003ctd\u003eVision Clinic\u003c/td\u003e\u003ctd\u003eVision Clinic\u003c/td\u003e\u003c/tr\u003e\u003c/table\u003e\u003c/div\u003e"
  },
  "extension": [
    {
      "url": "http://hl7.org/fhir/StructureDefinition/structuredefinition-wg",
      "valueCode": "fm"
    },
    {
      "url": "http://hl7.org/fhir/StructureDefinition/structuredefinition-standards-status",
      "valueCode": "draft"
    },
    {
      "url": "http://hl7.org/fhir/StructureDefinition/structuredefinition-fmm",
      "valueInteger": 1
    }
  ],
  "url": "http://terminology.hl7.org/CodeSystem/ex-revenue-center",
  "identifier": [
    {
      "system": "urn:ietf:rfc:3986",
      "value": "urn:oid:2.16.840.1.113883.4.642.1.1168"
    }
  ],
  "version": "4.0.0",
  "name": "ExampleRevenueCenterCodes",
  "title": "Example Revenue Center Codes",
  "status": "draft",
  "experimental": false,
  "publisher": "Financial Management",
  "contact": [
    {
      "telecom": [
        {
          "system": "url",
          "value": "http://hl7.org/fhir"
        }
      ]
    }
  ],
  "description": "This value set includes sample Revenue Center codes.",
  "copyright": "This is an example set.",
  "caseSensitive": true,
  "valueSet": "http://hl7.org/fhir/ValueSet/ex-revenue-center",
  "content": "complete",
  "concept": [
    {
      "code": "0370",
      "display": "Anaesthesia",
      "definition": "Anaesthesia."
    },
    {
      "code": "0420",
      "display": "Physical Therapy",
      "definition": "Physical Therapy."
    },
    {
      "code": "0421",
      "display": "Physical Therapy - ",
      "definition": "Physical Therapy - visit charge."
    },
    {
      "code": "0440",
      "display": "Speech-Language Pathology",
      "definition": "Speech-Language Pathology."
    },
    {
      "code": "0441",
      "display": "Speech-Language Pathology - Visit",
      "definition": "Speech-Language Pathology- visit charge"
    },
    {
      "code": "0450",
      "display": "Emergency Room",
      "definition": "Emergency Room"
    },
    {
      "code": "0451",
      "display": "Emergency Room - EM/EMTALA",
      "definition": "Emergency Room - EM/EMTALA"
    },
    {
      "code": "0452",
      "display": "Emergency Room - beyond EMTALA",
      "definition": "Emergency Room - beyond EMTALA"
    },
    {
      "code": "0010",
      "display": "Vision Clinic",
      "definition": "Vision Clinic"
    }
  ]
}