{
  "resourceType": "CodeSystem",
  "id": "coverage-selfpay",
  "meta": {
    "lastUpdated": "2018-12-27T22:37:54.724+11:00",
    "profile": [
      "http://hl7.org/fhir/StructureDefinition/shareablecodesystem"
    ]
  },
  "text": {
    "status": "generated",
    "div": "\u003cdiv xmlns\u003d\"http://www.w3.org/1999/xhtml\"\u003e\u003ch2\u003eCoverage SelfPay Codes\u003c/h2\u003e\u003cdiv\u003e\u003cp\u003eThis value set includes Coverage SelfPay codes.\u003c/p\u003e\n\u003c/div\u003e\u003cp\u003e\u003cb\u003eCopyright Statement:\u003c/b\u003e HL7 International.\u003c/p\u003e\u003cp\u003eThis code system http://terminology.hl7.org/CodeSystem/coverage-selfpay defines the following codes:\u003c/p\u003e\u003ctable class\u003d\"codes\"\u003e\u003ctr\u003e\u003ctd style\u003d\"white-space:nowrap\"\u003e\u003cb\u003eCode\u003c/b\u003e\u003c/td\u003e\u003ctd\u003e\u003cb\u003eDisplay\u003c/b\u003e\u003c/td\u003e\u003ctd\u003e\u003cb\u003eDefinition\u003c/b\u003e\u003c/td\u003e\u003c/tr\u003e\u003ctr\u003e\u003ctd style\u003d\"white-space:nowrap\"\u003epay\u003ca name\u003d\"coverage-selfpay-pay\"\u003e \u003c/a\u003e\u003c/td\u003e\u003ctd\u003ePay\u003c/td\u003e\u003ctd\u003eAn individual or organization is paying directly for goods and services.\u003c/td\u003e\u003c/tr\u003e\u003c/table\u003e\u003c/div\u003e"
  },
  "url": "http://terminology.hl7.org/CodeSystem/coverage-selfpay",
  "identifier": [
    {
      "system": "urn:ietf:rfc:3986",
      "value": "urn:oid:2.16.840.1.113883.4.642.1.1148"
    }
  ],
  "version": "4.0.0",
  "name": "CoverageSelfPayCodes",
  "title": "Coverage SelfPay Codes",
  "status": "draft",
  "experimental": false,
  "publisher": "Financial Management",
  "contact": [
    {
      "telecom": [
        {
          "system": "url",
          "value": "http://hl7.org/fhir"
        }
      ]
    },
    {
      "telecom": [
        {
          "system": "url",
          "value": "http://hl7.org/fhir"
        }
      ]
    }
  ],
  "description": "This value set includes Coverage SelfPay codes.",
  "copyright": "HL7 International.",
  "caseSensitive": true,
  "valueSet": "http://hl7.org/fhir/ValueSet/coverage-selfpay",
  "content": "complete",
  "concept": [
    {
      "code": "pay",
      "display": "Pay",
      "definition": "An individual or organization is paying directly for goods and services."
    }
  ]
}