{
  "resourceType": "CodeSystem",
  "id": "contributor-type",
  "meta": {
    "lastUpdated": "2018-12-27T22:37:54.724+11:00"
  },
  "text": {
    "status": "generated",
    "div": "\u003cdiv xmlns\u003d\"http://www.w3.org/1999/xhtml\"\u003e\u003ch2\u003eContributorType\u003c/h2\u003e\u003cdiv\u003e\u003cp\u003eThe type of contributor.\u003c/p\u003e\n\u003c/div\u003e\u003cp\u003eThis code system http://hl7.org/fhir/contributor-type defines the following codes:\u003c/p\u003e\u003ctable class\u003d\"codes\"\u003e\u003ctr\u003e\u003ctd style\u003d\"white-space:nowrap\"\u003e\u003cb\u003eCode\u003c/b\u003e\u003c/td\u003e\u003ctd\u003e\u003cb\u003eDisplay\u003c/b\u003e\u003c/td\u003e\u003ctd\u003e\u003cb\u003eDefinition\u003c/b\u003e\u003c/td\u003e\u003c/tr\u003e\u003ctr\u003e\u003ctd style\u003d\"white-space:nowrap\"\u003eauthor\u003ca name\u003d\"contributor-type-author\"\u003e \u003c/a\u003e\u003c/td\u003e\u003ctd\u003eAuthor\u003c/td\u003e\u003ctd\u003eAn author of the content of the module.\u003c/td\u003e\u003c/tr\u003e\u003ctr\u003e\u003ctd style\u003d\"white-space:nowrap\"\u003eeditor\u003ca name\u003d\"contributor-type-editor\"\u003e \u003c/a\u003e\u003c/td\u003e\u003ctd\u003eEditor\u003c/td\u003e\u003ctd\u003eAn editor of the content of the module.\u003c/td\u003e\u003c/tr\u003e\u003ctr\u003e\u003ctd style\u003d\"white-space:nowrap\"\u003ereviewer\u003ca name\u003d\"contributor-type-reviewer\"\u003e \u003c/a\u003e\u003c/td\u003e\u003ctd\u003eReviewer\u003c/td\u003e\u003ctd\u003eA reviewer of the content of the module.\u003c/td\u003e\u003c/tr\u003e\u003ctr\u003e\u003ctd style\u003d\"white-space:nowrap\"\u003eendorser\u003ca name\u003d\"contributor-type-endorser\"\u003e \u003c/a\u003e\u003c/td\u003e\u003ctd\u003eEndorser\u003c/td\u003e\u003ctd\u003eAn endorser of the content of the module.\u003c/td\u003e\u003c/tr\u003e\u003c/table\u003e\u003c/div\u003e"
  },
  "extension": [
    {
      "url": "http://hl7.org/fhir/StructureDefinition/structuredefinition-wg",
      "valueCode": "fhir"
    },
    {
      "url": "http://hl7.org/fhir/StructureDefinition/structuredefinition-standards-status",
      "valueCode": "trial-use"
    },
    {
      "url": "http://hl7.org/fhir/StructureDefinition/structuredefinition-fmm",
      "valueInteger": 5
    }
  ],
  "url": "http://hl7.org/fhir/contributor-type",
  "identifier": [
    {
      "system": "urn:ietf:rfc:3986",
      "value": "urn:oid:2.16.840.1.113883.4.642.1.94"
    }
  ],
  "version": "4.0.0",
  "name": "ContributorType",
  "title": "ContributorType",
  "status": "draft",
  "experimental": false,
  "date": "2018-12-27T22:37:54+11:00",
  "publisher": "HL7 (FHIR Project)",
  "contact": [
    {
      "telecom": [
        {
          "system": "url",
          "value": "http://hl7.org/fhir"
        },
        {
          "system": "email",
          "value": "fhir@lists.hl7.org"
        }
      ]
    }
  ],
  "description": "The type of contributor.",
  "caseSensitive": true,
  "valueSet": "http://hl7.org/fhir/ValueSet/contributor-type",
  "content": "complete",
  "concept": [
    {
      "code": "author",
      "display": "Author",
      "definition": "An author of the content of the module."
    },
    {
      "code": "editor",
      "display": "Editor",
      "definition": "An editor of the content of the module."
    },
    {
      "code": "reviewer",
      "display": "Reviewer",
      "definition": "A reviewer of the content of the module."
    },
    {
      "code": "endorser",
      "display": "Endorser",
      "definition": "An endorser of the content of the module."
    }
  ]
}