{
  "resourceType": "CodeSystem",
  "id": "adverse-event-actuality",
  "meta": {
    "lastUpdated": "2018-12-27T22:37:54.724+11:00"
  },
  "text": {
    "status": "generated",
    "div": "\u003cdiv xmlns\u003d\"http://www.w3.org/1999/xhtml\"\u003e\u003ch2\u003eAdverseEventActuality\u003c/h2\u003e\u003cdiv\u003e\u003cp\u003eOverall nature of the adverse event, e.g. real or potential.\u003c/p\u003e\n\u003c/div\u003e\u003cp\u003eThis code system http://hl7.org/fhir/adverse-event-actuality defines the following codes:\u003c/p\u003e\u003ctable class\u003d\"codes\"\u003e\u003ctr\u003e\u003ctd style\u003d\"white-space:nowrap\"\u003e\u003cb\u003eCode\u003c/b\u003e\u003c/td\u003e\u003ctd\u003e\u003cb\u003eDisplay\u003c/b\u003e\u003c/td\u003e\u003ctd\u003e\u003cb\u003eDefinition\u003c/b\u003e\u003c/td\u003e\u003c/tr\u003e\u003ctr\u003e\u003ctd style\u003d\"white-space:nowrap\"\u003eactual\u003ca name\u003d\"adverse-event-actuality-actual\"\u003e \u003c/a\u003e\u003c/td\u003e\u003ctd\u003eAdverse Event\u003c/td\u003e\u003ctd\u003eThe adverse event actually happened regardless of whether anyone was affected or harmed.\u003c/td\u003e\u003c/tr\u003e\u003ctr\u003e\u003ctd style\u003d\"white-space:nowrap\"\u003epotential\u003ca name\u003d\"adverse-event-actuality-potential\"\u003e \u003c/a\u003e\u003c/td\u003e\u003ctd\u003ePotential Adverse Event\u003c/td\u003e\u003ctd\u003eA potential adverse event.\u003c/td\u003e\u003c/tr\u003e\u003c/table\u003e\u003c/div\u003e"
  },
  "extension": [
    {
      "url": "http://hl7.org/fhir/StructureDefinition/structuredefinition-wg",
      "valueCode": "pc"
    },
    {
      "url": "http://hl7.org/fhir/StructureDefinition/structuredefinition-standards-status",
      "valueCode": "trial-use"
    },
    {
      "url": "http://hl7.org/fhir/StructureDefinition/structuredefinition-fmm",
      "valueInteger": 0
    }
  ],
  "url": "http://hl7.org/fhir/adverse-event-actuality",
  "identifier": [
    {
      "system": "urn:ietf:rfc:3986",
      "value": "urn:oid:2.16.840.1.113883.4.642.1.832"
    }
  ],
  "version": "4.0.0",
  "name": "AdverseEventActuality",
  "title": "AdverseEventActuality",
  "status": "draft",
  "experimental": false,
  "date": "2018-12-27T22:37:54+11:00",
  "publisher": "HL7 (FHIR Project)",
  "contact": [
    {
      "telecom": [
        {
          "system": "url",
          "value": "http://hl7.org/fhir"
        },
        {
          "system": "email",
          "value": "fhir@lists.hl7.org"
        }
      ]
    }
  ],
  "description": "Overall nature of the adverse event, e.g. real or potential.",
  "caseSensitive": true,
  "valueSet": "http://hl7.org/fhir/ValueSet/adverse-event-actuality",
  "content": "complete",
  "concept": [
    {
      "code": "actual",
      "display": "Adverse Event",
      "definition": "The adverse event actually happened regardless of whether anyone was affected or harmed."
    },
    {
      "code": "potential",
      "display": "Potential Adverse Event",
      "definition": "A potential adverse event."
    }
  ]
}