{
  "resourceType": "CodeSystem",
  "id": "device-definition-status",
  "meta": {
    "lastUpdated": "2018-12-27T22:37:54.724+11:00"
  },
  "text": {
    "status": "generated",
    "div": "\u003cdiv xmlns\u003d\"http://www.w3.org/1999/xhtml\"\u003e\u003ch2\u003eFHIRDeviceStatus\u003c/h2\u003e\u003cdiv\u003e\u003cp\u003eCodes representing the current status of the device - on, off, suspended, etc.\u003c/p\u003e\n\u003c/div\u003e\u003cp\u003eThis code system http://hl7.org/fhir/device-definition-status defines the following codes:\u003c/p\u003e\u003ctable class\u003d\"codes\"\u003e\u003ctr\u003e\u003ctd style\u003d\"white-space:nowrap\"\u003e\u003cb\u003eCode\u003c/b\u003e\u003c/td\u003e\u003ctd\u003e\u003cb\u003eDisplay\u003c/b\u003e\u003c/td\u003e\u003ctd\u003e\u003cb\u003eDefinition\u003c/b\u003e\u003c/td\u003e\u003c/tr\u003e\u003ctr\u003e\u003ctd style\u003d\"white-space:nowrap\"\u003eactive\u003ca name\u003d\"device-definition-status-active\"\u003e \u003c/a\u003e\u003c/td\u003e\u003ctd\u003eActive\u003c/td\u003e\u003ctd\u003eThe device is available for use.  Note: For *implanted devices*  this means that the device is implanted in the patient.\u003c/td\u003e\u003c/tr\u003e\u003ctr\u003e\u003ctd style\u003d\"white-space:nowrap\"\u003einactive\u003ca name\u003d\"device-definition-status-inactive\"\u003e \u003c/a\u003e\u003c/td\u003e\u003ctd\u003eInactive\u003c/td\u003e\u003ctd\u003eThe device is no longer available for use (e.g. lost, expired, damaged).  Note: For *implanted devices*  this means that the device has been removed from the patient.\u003c/td\u003e\u003c/tr\u003e\u003ctr\u003e\u003ctd style\u003d\"white-space:nowrap\"\u003eentered-in-error\u003ca name\u003d\"device-definition-status-entered-in-error\"\u003e \u003c/a\u003e\u003c/td\u003e\u003ctd\u003eEntered in Error\u003c/td\u003e\u003ctd\u003eThe device was entered in error and voided.\u003c/td\u003e\u003c/tr\u003e\u003ctr\u003e\u003ctd style\u003d\"white-space:nowrap\"\u003eunknown\u003ca name\u003d\"device-definition-status-unknown\"\u003e \u003c/a\u003e\u003c/td\u003e\u003ctd\u003eUnknown\u003c/td\u003e\u003ctd\u003eThe status of the device has not been determined.\u003c/td\u003e\u003c/tr\u003e\u003c/table\u003e\u003c/div\u003e"
  },
  "url": "http://hl7.org/fhir/device-definition-status",
  "identifier": [
    {
      "system": "urn:ietf:rfc:3986",
      "value": "urn:oid:2.16.840.1.113883.4.642.1.1308"
    }
  ],
  "version": "4.0.0",
  "name": "FHIRDeviceStatus",
  "title": "FHIRDeviceStatus",
  "status": "draft",
  "experimental": false,
  "date": "2018-12-27T22:37:54+11:00",
  "publisher": "HL7 (FHIR Project)",
  "contact": [
    {
      "telecom": [
        {
          "system": "url",
          "value": "http://hl7.org/fhir"
        },
        {
          "system": "email",
          "value": "fhir@lists.hl7.org"
        }
      ]
    }
  ],
  "description": "Codes representing the current status of the device - on, off, suspended, etc.",
  "caseSensitive": true,
  "valueSet": "http://hl7.org/fhir/ValueSet/device-definition-status",
  "content": "complete",
  "concept": [
    {
      "code": "active",
      "display": "Active",
      "definition": "The device is available for use.  Note: For *implanted devices*  this means that the device is implanted in the patient."
    },
    {
      "code": "inactive",
      "display": "Inactive",
      "definition": "The device is no longer available for use (e.g. lost, expired, damaged).  Note: For *implanted devices*  this means that the device has been removed from the patient."
    },
    {
      "code": "entered-in-error",
      "display": "Entered in Error",
      "definition": "The device was entered in error and voided."
    },
    {
      "code": "unknown",
      "display": "Unknown",
      "definition": "The status of the device has not been determined."
    }
  ]
}