{
  "resourceType": "CodeSystem",
  "id": "guide-page-generation",
  "meta": {
    "lastUpdated": "2018-12-27T22:37:54.724+11:00"
  },
  "text": {
    "status": "generated",
    "div": "\u003cdiv xmlns\u003d\"http://www.w3.org/1999/xhtml\"\u003e\u003ch2\u003eGuidePageGeneration\u003c/h2\u003e\u003cdiv\u003e\u003cp\u003eA code that indicates how the page is generated.\u003c/p\u003e\n\u003c/div\u003e\u003cp\u003eThis code system http://hl7.org/fhir/guide-page-generation defines the following codes:\u003c/p\u003e\u003ctable class\u003d\"codes\"\u003e\u003ctr\u003e\u003ctd style\u003d\"white-space:nowrap\"\u003e\u003cb\u003eCode\u003c/b\u003e\u003c/td\u003e\u003ctd\u003e\u003cb\u003eDisplay\u003c/b\u003e\u003c/td\u003e\u003ctd\u003e\u003cb\u003eDefinition\u003c/b\u003e\u003c/td\u003e\u003c/tr\u003e\u003ctr\u003e\u003ctd style\u003d\"white-space:nowrap\"\u003ehtml\u003ca name\u003d\"guide-page-generation-html\"\u003e \u003c/a\u003e\u003c/td\u003e\u003ctd\u003eHTML\u003c/td\u003e\u003ctd\u003ePage is proper xhtml with no templating.  Will be brought across unchanged for standard post-processing.\u003c/td\u003e\u003c/tr\u003e\u003ctr\u003e\u003ctd style\u003d\"white-space:nowrap\"\u003emarkdown\u003ca name\u003d\"guide-page-generation-markdown\"\u003e \u003c/a\u003e\u003c/td\u003e\u003ctd\u003eMarkdown\u003c/td\u003e\u003ctd\u003ePage is markdown with templating.  Will use the template to create a file that imports the markdown file prior to post-processing.\u003c/td\u003e\u003c/tr\u003e\u003ctr\u003e\u003ctd style\u003d\"white-space:nowrap\"\u003exml\u003ca name\u003d\"guide-page-generation-xml\"\u003e \u003c/a\u003e\u003c/td\u003e\u003ctd\u003eXML\u003c/td\u003e\u003ctd\u003ePage is xml with templating.  Will use the template to create a file that imports the source file and run the nominated XSLT transform (see parameters) if present prior to post-processing.\u003c/td\u003e\u003c/tr\u003e\u003ctr\u003e\u003ctd style\u003d\"white-space:nowrap\"\u003egenerated\u003ca name\u003d\"guide-page-generation-generated\"\u003e \u003c/a\u003e\u003c/td\u003e\u003ctd\u003eGenerated\u003c/td\u003e\u003ctd\u003ePage will be generated by the publication process - no source to bring across.\u003c/td\u003e\u003c/tr\u003e\u003c/table\u003e\u003c/div\u003e"
  },
  "extension": [
    {
      "url": "http://hl7.org/fhir/StructureDefinition/structuredefinition-wg",
      "valueCode": "fhir"
    },
    {
      "url": "http://hl7.org/fhir/StructureDefinition/structuredefinition-standards-status",
      "valueCode": "trial-use"
    },
    {
      "url": "http://hl7.org/fhir/StructureDefinition/structuredefinition-fmm",
      "valueInteger": 1
    }
  ],
  "url": "http://hl7.org/fhir/guide-page-generation",
  "identifier": [
    {
      "system": "urn:ietf:rfc:3986",
      "value": "urn:oid:2.16.840.1.113883.4.642.1.999"
    }
  ],
  "version": "4.0.0",
  "name": "GuidePageGeneration",
  "title": "GuidePageGeneration",
  "status": "draft",
  "experimental": false,
  "date": "2018-12-27T22:37:54+11:00",
  "publisher": "HL7 (FHIR Project)",
  "contact": [
    {
      "telecom": [
        {
          "system": "url",
          "value": "http://hl7.org/fhir"
        },
        {
          "system": "email",
          "value": "fhir@lists.hl7.org"
        }
      ]
    }
  ],
  "description": "A code that indicates how the page is generated.",
  "caseSensitive": true,
  "valueSet": "http://hl7.org/fhir/ValueSet/guide-page-generation",
  "content": "complete",
  "concept": [
    {
      "code": "html",
      "display": "HTML",
      "definition": "Page is proper xhtml with no templating.  Will be brought across unchanged for standard post-processing."
    },
    {
      "code": "markdown",
      "display": "Markdown",
      "definition": "Page is markdown with templating.  Will use the template to create a file that imports the markdown file prior to post-processing."
    },
    {
      "code": "xml",
      "display": "XML",
      "definition": "Page is xml with templating.  Will use the template to create a file that imports the source file and run the nominated XSLT transform (see parameters) if present prior to post-processing."
    },
    {
      "code": "generated",
      "display": "Generated",
      "definition": "Page will be generated by the publication process - no source to bring across."
    }
  ]
}