{
  "resourceType": "CodeSystem",
  "id": "claim-exception",
  "meta": {
    "lastUpdated": "2018-12-27T22:37:54.724+11:00",
    "profile": [
      "http://hl7.org/fhir/StructureDefinition/shareablecodesystem"
    ]
  },
  "text": {
    "status": "generated",
    "div": "\u003cdiv xmlns\u003d\"http://www.w3.org/1999/xhtml\"\u003e\u003ch2\u003eException Codes\u003c/h2\u003e\u003cdiv\u003e\u003cp\u003eThis value set includes sample Exception codes.\u003c/p\u003e\n\u003c/div\u003e\u003cp\u003e\u003cb\u003eCopyright Statement:\u003c/b\u003e This is an example set.\u003c/p\u003e\u003cp\u003eThis code system http://terminology.hl7.org/CodeSystem/claim-exception defines the following codes:\u003c/p\u003e\u003ctable class\u003d\"codes\"\u003e\u003ctr\u003e\u003ctd style\u003d\"white-space:nowrap\"\u003e\u003cb\u003eCode\u003c/b\u003e\u003c/td\u003e\u003ctd\u003e\u003cb\u003eDisplay\u003c/b\u003e\u003c/td\u003e\u003ctd\u003e\u003cb\u003eDefinition\u003c/b\u003e\u003c/td\u003e\u003c/tr\u003e\u003ctr\u003e\u003ctd style\u003d\"white-space:nowrap\"\u003estudent\u003ca name\u003d\"claim-exception-student\"\u003e \u003c/a\u003e\u003c/td\u003e\u003ctd\u003eStudent (Fulltime)\u003c/td\u003e\u003ctd\u003eFulltime Student\u003c/td\u003e\u003c/tr\u003e\u003ctr\u003e\u003ctd style\u003d\"white-space:nowrap\"\u003edisabled\u003ca name\u003d\"claim-exception-disabled\"\u003e \u003c/a\u003e\u003c/td\u003e\u003ctd\u003eDisabled\u003c/td\u003e\u003ctd\u003eDisabled\u003c/td\u003e\u003c/tr\u003e\u003c/table\u003e\u003c/div\u003e"
  },
  "extension": [
    {
      "url": "http://hl7.org/fhir/StructureDefinition/structuredefinition-wg",
      "valueCode": "fm"
    },
    {
      "url": "http://hl7.org/fhir/StructureDefinition/structuredefinition-standards-status",
      "valueCode": "draft"
    },
    {
      "url": "http://hl7.org/fhir/StructureDefinition/structuredefinition-fmm",
      "valueInteger": 1
    }
  ],
  "url": "http://terminology.hl7.org/CodeSystem/claim-exception",
  "identifier": [
    {
      "system": "urn:ietf:rfc:3986",
      "value": "urn:oid:2.16.840.1.113883.4.642.1.1162"
    }
  ],
  "version": "4.0.0",
  "name": "ExceptionCodes",
  "title": "Exception Codes",
  "status": "draft",
  "experimental": false,
  "publisher": "Financial Management",
  "contact": [
    {
      "telecom": [
        {
          "system": "url",
          "value": "http://hl7.org/fhir"
        }
      ]
    }
  ],
  "description": "This value set includes sample Exception codes.",
  "copyright": "This is an example set.",
  "caseSensitive": true,
  "valueSet": "http://hl7.org/fhir/ValueSet/claim-exception",
  "content": "complete",
  "concept": [
    {
      "code": "student",
      "display": "Student (Fulltime)",
      "definition": "Fulltime Student"
    },
    {
      "code": "disabled",
      "display": "Disabled",
      "definition": "Disabled"
    }
  ]
}