{
  "resourceType": "CodeSystem",
  "id": "care-team-status",
  "meta": {
    "lastUpdated": "2018-12-27T22:37:54.724+11:00"
  },
  "text": {
    "status": "generated",
    "div": "\u003cdiv xmlns\u003d\"http://www.w3.org/1999/xhtml\"\u003e\u003ch2\u003eCareTeamStatus\u003c/h2\u003e\u003cdiv\u003e\u003cp\u003eIndicates the status of the care team.\u003c/p\u003e\n\u003c/div\u003e\u003cp\u003eThis code system http://hl7.org/fhir/care-team-status defines the following codes:\u003c/p\u003e\u003ctable class\u003d\"codes\"\u003e\u003ctr\u003e\u003ctd style\u003d\"white-space:nowrap\"\u003e\u003cb\u003eCode\u003c/b\u003e\u003c/td\u003e\u003ctd\u003e\u003cb\u003eDisplay\u003c/b\u003e\u003c/td\u003e\u003ctd\u003e\u003cb\u003eDefinition\u003c/b\u003e\u003c/td\u003e\u003c/tr\u003e\u003ctr\u003e\u003ctd style\u003d\"white-space:nowrap\"\u003eproposed\u003ca name\u003d\"care-team-status-proposed\"\u003e \u003c/a\u003e\u003c/td\u003e\u003ctd\u003eProposed\u003c/td\u003e\u003ctd\u003eThe care team has been drafted and proposed, but not yet participating in the coordination and delivery of patient care.\u003c/td\u003e\u003c/tr\u003e\u003ctr\u003e\u003ctd style\u003d\"white-space:nowrap\"\u003eactive\u003ca name\u003d\"care-team-status-active\"\u003e \u003c/a\u003e\u003c/td\u003e\u003ctd\u003eActive\u003c/td\u003e\u003ctd\u003eThe care team is currently participating in the coordination and delivery of care.\u003c/td\u003e\u003c/tr\u003e\u003ctr\u003e\u003ctd style\u003d\"white-space:nowrap\"\u003esuspended\u003ca name\u003d\"care-team-status-suspended\"\u003e \u003c/a\u003e\u003c/td\u003e\u003ctd\u003eSuspended\u003c/td\u003e\u003ctd\u003eThe care team is temporarily on hold or suspended and not participating in the coordination and delivery of care.\u003c/td\u003e\u003c/tr\u003e\u003ctr\u003e\u003ctd style\u003d\"white-space:nowrap\"\u003einactive\u003ca name\u003d\"care-team-status-inactive\"\u003e \u003c/a\u003e\u003c/td\u003e\u003ctd\u003eInactive\u003c/td\u003e\u003ctd\u003eThe care team was, but is no longer, participating in the coordination and delivery of care.\u003c/td\u003e\u003c/tr\u003e\u003ctr\u003e\u003ctd style\u003d\"white-space:nowrap\"\u003eentered-in-error\u003ca name\u003d\"care-team-status-entered-in-error\"\u003e \u003c/a\u003e\u003c/td\u003e\u003ctd\u003eEntered in Error\u003c/td\u003e\u003ctd\u003eThe care team should have never existed.\u003c/td\u003e\u003c/tr\u003e\u003c/table\u003e\u003c/div\u003e"
  },
  "extension": [
    {
      "url": "http://hl7.org/fhir/StructureDefinition/structuredefinition-wg",
      "valueCode": "pc"
    },
    {
      "url": "http://hl7.org/fhir/StructureDefinition/structuredefinition-standards-status",
      "valueCode": "trial-use"
    },
    {
      "url": "http://hl7.org/fhir/StructureDefinition/structuredefinition-fmm",
      "valueInteger": 2
    }
  ],
  "url": "http://hl7.org/fhir/care-team-status",
  "identifier": [
    {
      "system": "urn:ietf:rfc:3986",
      "value": "urn:oid:2.16.840.1.113883.4.642.1.154"
    }
  ],
  "version": "4.0.0",
  "name": "CareTeamStatus",
  "title": "CareTeamStatus",
  "status": "draft",
  "experimental": false,
  "date": "2018-12-27T22:37:54+11:00",
  "publisher": "HL7 (FHIR Project)",
  "contact": [
    {
      "telecom": [
        {
          "system": "url",
          "value": "http://hl7.org/fhir"
        },
        {
          "system": "email",
          "value": "fhir@lists.hl7.org"
        }
      ]
    }
  ],
  "description": "Indicates the status of the care team.",
  "caseSensitive": true,
  "valueSet": "http://hl7.org/fhir/ValueSet/care-team-status",
  "content": "complete",
  "concept": [
    {
      "code": "proposed",
      "display": "Proposed",
      "definition": "The care team has been drafted and proposed, but not yet participating in the coordination and delivery of patient care."
    },
    {
      "code": "active",
      "display": "Active",
      "definition": "The care team is currently participating in the coordination and delivery of care."
    },
    {
      "code": "suspended",
      "display": "Suspended",
      "definition": "The care team is temporarily on hold or suspended and not participating in the coordination and delivery of care."
    },
    {
      "code": "inactive",
      "display": "Inactive",
      "definition": "The care team was, but is no longer, participating in the coordination and delivery of care."
    },
    {
      "code": "entered-in-error",
      "display": "Entered in Error",
      "definition": "The care team should have never existed."
    }
  ]
}