{
  "resourceType": "CodeSystem",
  "id": "device-action",
  "meta": {
    "lastUpdated": "2018-12-27T22:37:54.724+11:00",
    "profile": [
      "http://hl7.org/fhir/StructureDefinition/shareablecodesystem"
    ]
  },
  "text": {
    "status": "generated",
    "div": "\u003cdiv xmlns\u003d\"http://www.w3.org/1999/xhtml\"\u003e\u003ch2\u003eProcedure Device Action Codes\u003c/h2\u003e\u003cdiv\u003e\u003cp\u003eExample codes indicating the change that happened to the device during the procedure.  Note that these are in no way complete and might not even be appropriate for some uses.\u003c/p\u003e\n\u003c/div\u003e\u003cp\u003e\u003cb\u003eCopyright Statement:\u003c/b\u003e This resource includes content from SNOMED Clinical Terms® (SNOMED CT®) which is copyright of the International Health Terminology Standards Development Organisation (IHTSDO). Implementers of these specifications must have the appropriate SNOMED CT Affiliate license - for more information contact http://www.snomed.org/snomed-ct/get-snomed-ct or info@snomed.org\u003c/p\u003e\u003cp\u003eThis code system http://hl7.org/fhir/device-action defines the following codes:\u003c/p\u003e\u003ctable class\u003d\"codes\"\u003e\u003ctr\u003e\u003ctd style\u003d\"white-space:nowrap\"\u003e\u003cb\u003eCode\u003c/b\u003e\u003c/td\u003e\u003ctd\u003e\u003cb\u003eDisplay\u003c/b\u003e\u003c/td\u003e\u003ctd\u003e\u003cb\u003eDefinition\u003c/b\u003e\u003c/td\u003e\u003c/tr\u003e\u003ctr\u003e\u003ctd style\u003d\"white-space:nowrap\"\u003eimplanted\u003ca name\u003d\"device-action-implanted\"\u003e \u003c/a\u003e\u003c/td\u003e\u003ctd\u003eImplanted\u003c/td\u003e\u003ctd\u003eThe device was implanted in the patient during the procedure.\u003c/td\u003e\u003c/tr\u003e\u003ctr\u003e\u003ctd style\u003d\"white-space:nowrap\"\u003eexplanted\u003ca name\u003d\"device-action-explanted\"\u003e \u003c/a\u003e\u003c/td\u003e\u003ctd\u003eExplanted\u003c/td\u003e\u003ctd\u003eThe device was explanted from the patient during the procedure.\u003c/td\u003e\u003c/tr\u003e\u003ctr\u003e\u003ctd style\u003d\"white-space:nowrap\"\u003emanipulated\u003ca name\u003d\"device-action-manipulated\"\u003e \u003c/a\u003e\u003c/td\u003e\u003ctd\u003eManipulated\u003c/td\u003e\u003ctd\u003eThe device remains in the patient, but its location, settings, or functionality was changed.\u003c/td\u003e\u003c/tr\u003e\u003c/table\u003e\u003c/div\u003e"
  },
  "extension": [
    {
      "url": "http://hl7.org/fhir/StructureDefinition/structuredefinition-wg",
      "valueCode": "pc"
    }
  ],
  "url": "http://hl7.org/fhir/device-action",
  "identifier": [
    {
      "system": "urn:ietf:rfc:3986",
      "value": "urn:oid:2.16.840.1.113883.4.642.1.426"
    }
  ],
  "version": "4.0.0",
  "name": "ProcedureDeviceActionCodes",
  "title": "Procedure Device Action Codes",
  "status": "draft",
  "experimental": false,
  "publisher": "HL7 International - Patient Care WG",
  "contact": [
    {
      "telecom": [
        {
          "system": "url",
          "value": "http://www.hl7.org/Special/committees/patientcare/"
        }
      ]
    }
  ],
  "description": "Example codes indicating the change that happened to the device during the procedure.  Note that these are in no way complete and might not even be appropriate for some uses.",
  "copyright": "This resource includes content from SNOMED Clinical Terms® (SNOMED CT®) which is copyright of the International Health Terminology Standards Development Organisation (IHTSDO). Implementers of these specifications must have the appropriate SNOMED CT Affiliate license - for more information contact http://www.snomed.org/snomed-ct/get-snomed-ct or info@snomed.org",
  "caseSensitive": true,
  "content": "complete",
  "concept": [
    {
      "code": "implanted",
      "display": "Implanted",
      "definition": "The device was implanted in the patient during the procedure."
    },
    {
      "code": "explanted",
      "display": "Explanted",
      "definition": "The device was explanted from the patient during the procedure."
    },
    {
      "code": "manipulated",
      "display": "Manipulated",
      "definition": "The device remains in the patient, but its location, settings, or functionality was changed."
    }
  ]
}