{
  "resourceType": "CodeSystem",
  "id": "extra-activity-type",
  "meta": {
    "lastUpdated": "2018-12-27T22:37:54.724+11:00"
  },
  "text": {
    "status": "generated",
    "div": "\u003cdiv xmlns\u003d\"http://www.w3.org/1999/xhtml\"\u003e\u003ch2\u003eExtraActivityType\u003c/h2\u003e\u003cdiv\u003e\u003cp\u003eThis value set includes coded concepts not well covered in any of the included valuesets.\u003c/p\u003e\n\u003c/div\u003e\u003cp\u003eThis code system http://hl7.org/fhir/extra-activity-type defines the following codes:\u003c/p\u003e\u003ctable class\u003d\"codes\"\u003e\u003ctr\u003e\u003ctd style\u003d\"white-space:nowrap\"\u003e\u003cb\u003eCode\u003c/b\u003e\u003c/td\u003e\u003ctd\u003e\u003cb\u003eDisplay\u003c/b\u003e\u003c/td\u003e\u003ctd\u003e\u003cb\u003eDefinition\u003c/b\u003e\u003c/td\u003e\u003c/tr\u003e\u003ctr\u003e\u003ctd style\u003d\"white-space:nowrap\"\u003eaggregate\u003ca name\u003d\"extra-activity-type-aggregate\"\u003e \u003c/a\u003e\u003c/td\u003e\u003ctd\u003eaggregate\u003c/td\u003e\u003ctd\u003eActivity resulting in a structured collection of preexisting content that does not necessarily result in an integral object with semantic context making it more than the sum of component parts, from which components could be disaggregated without loss of semantic context, e.g., the assembly of multiple stand-alone documents.\u003c/td\u003e\u003c/tr\u003e\u003ctr\u003e\u003ctd style\u003d\"white-space:nowrap\"\u003ecompose\u003ca name\u003d\"extra-activity-type-compose\"\u003e \u003c/a\u003e\u003c/td\u003e\u003ctd\u003ecompose\u003c/td\u003e\u003ctd\u003eActivity resulting in the structured compilation of new and preexisting content for the purposes of forming an integral object with  semantic context making it more than the sum of component parts, which would be lost if decomposed. For example, the composition of a document that includes in whole or part other documents along with new content that result in a new document that has unique semantic meaning.\u003c/td\u003e\u003c/tr\u003e\u003ctr\u003e\u003ctd style\u003d\"white-space:nowrap\"\u003elabel\u003ca name\u003d\"extra-activity-type-label\"\u003e \u003c/a\u003e\u003c/td\u003e\u003ctd\u003elabel\u003c/td\u003e\u003ctd\u003eThe means used to associate a set of security attributes with a specific information object as part of the data structure for that object. [ISO-10181-3 Access Control]\u003c/td\u003e\u003c/tr\u003e\u003c/table\u003e\u003c/div\u003e"
  },
  "url": "http://hl7.org/fhir/extra-activity-type",
  "version": "4.0.0",
  "name": "ExtraActivityType",
  "status": "draft",
  "experimental": true,
  "description": "This value set includes coded concepts not well covered in any of the included valuesets.",
  "caseSensitive": true,
  "content": "complete",
  "concept": [
    {
      "code": "aggregate",
      "display": "aggregate",
      "definition": "Activity resulting in a structured collection of preexisting content that does not necessarily result in an integral object with semantic context making it more than the sum of component parts, from which components could be disaggregated without loss of semantic context, e.g., the assembly of multiple stand-alone documents."
    },
    {
      "code": "compose",
      "display": "compose",
      "definition": "Activity resulting in the structured compilation of new and preexisting content for the purposes of forming an integral object with  semantic context making it more than the sum of component parts, which would be lost if decomposed. For example, the composition of a document that includes in whole or part other documents along with new content that result in a new document that has unique semantic meaning."
    },
    {
      "code": "label",
      "display": "label",
      "definition": "The means used to associate a set of security attributes with a specific information object as part of the data structure for that object. [ISO-10181-3 Access Control]"
    }
  ]
}