{
  "resourceType": "CodeSystem",
  "id": "container-cap",
  "meta": {
    "lastUpdated": "2018-12-27T22:37:54.724+11:00"
  },
  "text": {
    "status": "generated",
    "div": "\u003cdiv xmlns\u003d\"http://www.w3.org/1999/xhtml\"\u003e\u003ch2\u003eContainerCap\u003c/h2\u003e\u003cdiv\u003e\u003cp\u003eColor of the container cap.\u003c/p\u003e\n\u003c/div\u003e\u003cp\u003eThis code system http://terminology.hl7.org/CodeSystem/container-cap defines the following codes:\u003c/p\u003e\u003ctable class\u003d\"codes\"\u003e\u003ctr\u003e\u003ctd style\u003d\"white-space:nowrap\"\u003e\u003cb\u003eCode\u003c/b\u003e\u003c/td\u003e\u003ctd\u003e\u003cb\u003eDisplay\u003c/b\u003e\u003c/td\u003e\u003ctd\u003e\u003cb\u003eDefinition\u003c/b\u003e\u003c/td\u003e\u003c/tr\u003e\u003ctr\u003e\u003ctd style\u003d\"white-space:nowrap\"\u003ered\u003ca name\u003d\"container-cap-red\"\u003e \u003c/a\u003e\u003c/td\u003e\u003ctd\u003ered cap\u003c/td\u003e\u003ctd\u003ered cap.\u003c/td\u003e\u003c/tr\u003e\u003ctr\u003e\u003ctd style\u003d\"white-space:nowrap\"\u003eyellow\u003ca name\u003d\"container-cap-yellow\"\u003e \u003c/a\u003e\u003c/td\u003e\u003ctd\u003eyellow cap\u003c/td\u003e\u003ctd\u003eyellow cap.\u003c/td\u003e\u003c/tr\u003e\u003ctr\u003e\u003ctd style\u003d\"white-space:nowrap\"\u003edark-yellow\u003ca name\u003d\"container-cap-dark-yellow\"\u003e \u003c/a\u003e\u003c/td\u003e\u003ctd\u003edark yellow cap\u003c/td\u003e\u003ctd\u003edark yellow cap.\u003c/td\u003e\u003c/tr\u003e\u003ctr\u003e\u003ctd style\u003d\"white-space:nowrap\"\u003egrey\u003ca name\u003d\"container-cap-grey\"\u003e \u003c/a\u003e\u003c/td\u003e\u003ctd\u003egrey cap\u003c/td\u003e\u003ctd\u003egrey cap.\u003c/td\u003e\u003c/tr\u003e\u003ctr\u003e\u003ctd style\u003d\"white-space:nowrap\"\u003elight-blue\u003ca name\u003d\"container-cap-light-blue\"\u003e \u003c/a\u003e\u003c/td\u003e\u003ctd\u003elight blue cap\u003c/td\u003e\u003ctd\u003elight blue cap.\u003c/td\u003e\u003c/tr\u003e\u003ctr\u003e\u003ctd style\u003d\"white-space:nowrap\"\u003eblack\u003ca name\u003d\"container-cap-black\"\u003e \u003c/a\u003e\u003c/td\u003e\u003ctd\u003eblack cap\u003c/td\u003e\u003ctd\u003eblack cap.\u003c/td\u003e\u003c/tr\u003e\u003ctr\u003e\u003ctd style\u003d\"white-space:nowrap\"\u003egreen\u003ca name\u003d\"container-cap-green\"\u003e \u003c/a\u003e\u003c/td\u003e\u003ctd\u003egreen cap\u003c/td\u003e\u003ctd\u003egreen cap.\u003c/td\u003e\u003c/tr\u003e\u003ctr\u003e\u003ctd style\u003d\"white-space:nowrap\"\u003elight-green\u003ca name\u003d\"container-cap-light-green\"\u003e \u003c/a\u003e\u003c/td\u003e\u003ctd\u003elight green cap\u003c/td\u003e\u003ctd\u003elight green cap.\u003c/td\u003e\u003c/tr\u003e\u003ctr\u003e\u003ctd style\u003d\"white-space:nowrap\"\u003elavender\u003ca name\u003d\"container-cap-lavender\"\u003e \u003c/a\u003e\u003c/td\u003e\u003ctd\u003elavender cap\u003c/td\u003e\u003ctd\u003elavender cap.\u003c/td\u003e\u003c/tr\u003e\u003ctr\u003e\u003ctd style\u003d\"white-space:nowrap\"\u003ebrown\u003ca name\u003d\"container-cap-brown\"\u003e \u003c/a\u003e\u003c/td\u003e\u003ctd\u003ebrown cap\u003c/td\u003e\u003ctd\u003ebrown cap.\u003c/td\u003e\u003c/tr\u003e\u003ctr\u003e\u003ctd style\u003d\"white-space:nowrap\"\u003ewhite\u003ca name\u003d\"container-cap-white\"\u003e \u003c/a\u003e\u003c/td\u003e\u003ctd\u003ewhite cap\u003c/td\u003e\u003ctd\u003ewhite cap.\u003c/td\u003e\u003c/tr\u003e\u003ctr\u003e\u003ctd style\u003d\"white-space:nowrap\"\u003epink\u003ca name\u003d\"container-cap-pink\"\u003e \u003c/a\u003e\u003c/td\u003e\u003ctd\u003epink cap\u003c/td\u003e\u003ctd\u003epink cap.\u003c/td\u003e\u003c/tr\u003e\u003c/table\u003e\u003c/div\u003e"
  },
  "extension": [
    {
      "url": "http://hl7.org/fhir/StructureDefinition/structuredefinition-wg",
      "valueCode": "oo"
    },
    {
      "url": "http://hl7.org/fhir/StructureDefinition/structuredefinition-standards-status",
      "valueCode": "draft"
    },
    {
      "url": "http://hl7.org/fhir/StructureDefinition/structuredefinition-fmm",
      "valueInteger": 1
    }
  ],
  "url": "http://terminology.hl7.org/CodeSystem/container-cap",
  "identifier": [
    {
      "system": "urn:ietf:rfc:3986",
      "value": "urn:oid:2.16.840.1.113883.4.642.1.1258"
    }
  ],
  "version": "4.0.0",
  "name": "ContainerCap",
  "title": "ContainerCap",
  "status": "draft",
  "experimental": false,
  "date": "2018-12-27T22:37:54+11:00",
  "publisher": "HL7 (FHIR Project)",
  "contact": [
    {
      "telecom": [
        {
          "system": "url",
          "value": "http://hl7.org/fhir"
        },
        {
          "system": "email",
          "value": "fhir@lists.hl7.org"
        }
      ]
    }
  ],
  "description": "Color of the container cap.",
  "caseSensitive": true,
  "valueSet": "http://hl7.org/fhir/ValueSet/container-cap",
  "content": "complete",
  "concept": [
    {
      "code": "red",
      "display": "red cap",
      "definition": "red cap."
    },
    {
      "code": "yellow",
      "display": "yellow cap",
      "definition": "yellow cap."
    },
    {
      "code": "dark-yellow",
      "display": "dark yellow cap",
      "definition": "dark yellow cap."
    },
    {
      "code": "grey",
      "display": "grey cap",
      "definition": "grey cap."
    },
    {
      "code": "light-blue",
      "display": "light blue cap",
      "definition": "light blue cap."
    },
    {
      "code": "black",
      "display": "black cap",
      "definition": "black cap."
    },
    {
      "code": "green",
      "display": "green cap",
      "definition": "green cap."
    },
    {
      "code": "light-green",
      "display": "light green cap",
      "definition": "light green cap."
    },
    {
      "code": "lavender",
      "display": "lavender cap",
      "definition": "lavender cap."
    },
    {
      "code": "brown",
      "display": "brown cap",
      "definition": "brown cap."
    },
    {
      "code": "white",
      "display": "white cap",
      "definition": "white cap."
    },
    {
      "code": "pink",
      "display": "pink cap",
      "definition": "pink cap."
    }
  ]
}