{
  "resourceType": "CodeSystem",
  "id": "contract-term-subtype",
  "meta": {
    "lastUpdated": "2018-12-27T22:37:54.724+11:00",
    "profile": [
      "http://hl7.org/fhir/StructureDefinition/shareablecodesystem"
    ]
  },
  "text": {
    "status": "generated",
    "div": "\u003cdiv xmlns\u003d\"http://www.w3.org/1999/xhtml\"\u003e\u003ch2\u003eContract Term Subtype Codes\u003c/h2\u003e\u003cdiv\u003e\u003cp\u003eThis value set includes sample Contract Term SubType codes.\u003c/p\u003e\n\u003c/div\u003e\u003cp\u003e\u003cb\u003eCopyright Statement:\u003c/b\u003e This is an example set.\u003c/p\u003e\u003cp\u003eThis code system http://terminology.hl7.org/CodeSystem/contracttermsubtypecodes defines the following codes:\u003c/p\u003e\u003ctable class\u003d\"codes\"\u003e\u003ctr\u003e\u003ctd style\u003d\"white-space:nowrap\"\u003e\u003cb\u003eCode\u003c/b\u003e\u003c/td\u003e\u003ctd\u003e\u003cb\u003eDisplay\u003c/b\u003e\u003c/td\u003e\u003ctd\u003e\u003cb\u003eDefinition\u003c/b\u003e\u003c/td\u003e\u003c/tr\u003e\u003ctr\u003e\u003ctd style\u003d\"white-space:nowrap\"\u003econdition\u003ca name\u003d\"contract-term-subtype-condition\"\u003e \u003c/a\u003e\u003c/td\u003e\u003ctd\u003eCondition\u003c/td\u003e\u003ctd\u003eTerms that go to the very root of a contract.\u003c/td\u003e\u003c/tr\u003e\u003ctr\u003e\u003ctd style\u003d\"white-space:nowrap\"\u003ewarranty\u003ca name\u003d\"contract-term-subtype-warranty\"\u003e \u003c/a\u003e\u003c/td\u003e\u003ctd\u003eWarranty\u003c/td\u003e\u003ctd\u003eLess imperative than a condition, so the contract will survive a breach\u003c/td\u003e\u003c/tr\u003e\u003ctr\u003e\u003ctd style\u003d\"white-space:nowrap\"\u003einnominate\u003ca name\u003d\"contract-term-subtype-innominate\"\u003e \u003c/a\u003e\u003c/td\u003e\u003ctd\u003eInnominate\u003c/td\u003e\u003ctd\u003eBreach of which might or might not go to the root of the contract depending upon the nature of the breach\u003c/td\u003e\u003c/tr\u003e\u003c/table\u003e\u003c/div\u003e"
  },
  "extension": [
    {
      "url": "http://hl7.org/fhir/StructureDefinition/structuredefinition-wg",
      "valueCode": "fm"
    },
    {
      "url": "http://hl7.org/fhir/StructureDefinition/structuredefinition-standards-status",
      "valueCode": "draft"
    },
    {
      "url": "http://hl7.org/fhir/StructureDefinition/structuredefinition-fmm",
      "valueInteger": 1
    }
  ],
  "url": "http://terminology.hl7.org/CodeSystem/contracttermsubtypecodes",
  "identifier": [
    {
      "system": "urn:ietf:rfc:3986",
      "value": "urn:oid:2.16.840.1.113883.4.642.1.1200"
    }
  ],
  "version": "4.0.0",
  "name": "ContractTermSubtypeCodes",
  "title": "Contract Term Subtype Codes",
  "status": "draft",
  "experimental": false,
  "publisher": "Financial Management",
  "contact": [
    {
      "telecom": [
        {
          "system": "url",
          "value": "http://hl7.org/fhir"
        }
      ]
    }
  ],
  "description": "This value set includes sample Contract Term SubType codes.",
  "copyright": "This is an example set.",
  "caseSensitive": true,
  "valueSet": "http://hl7.org/fhir/ValueSet/contract-term-subtype",
  "content": "complete",
  "concept": [
    {
      "code": "condition",
      "display": "Condition",
      "definition": "Terms that go to the very root of a contract."
    },
    {
      "code": "warranty",
      "display": "Warranty",
      "definition": "Less imperative than a condition, so the contract will survive a breach"
    },
    {
      "code": "innominate",
      "display": "Innominate",
      "definition": "Breach of which might or might not go to the root of the contract depending upon the nature of the breach"
    }
  ]
}