{
  "resourceType": "CodeSystem",
  "id": "device-status-reason",
  "meta": {
    "lastUpdated": "2018-12-27T22:37:54.724+11:00"
  },
  "text": {
    "status": "generated",
    "div": "\u003cdiv xmlns\u003d\"http://www.w3.org/1999/xhtml\"\u003e\u003ch2\u003eFHIRDeviceStatusReason\u003c/h2\u003e\u003cdiv\u003e\u003cp\u003eThe availability status reason of the device.\u003c/p\u003e\n\u003c/div\u003e\u003cp\u003eThis code system http://terminology.hl7.org/CodeSystem/device-status-reason defines the following codes:\u003c/p\u003e\u003ctable class\u003d\"codes\"\u003e\u003ctr\u003e\u003ctd style\u003d\"white-space:nowrap\"\u003e\u003cb\u003eCode\u003c/b\u003e\u003c/td\u003e\u003ctd\u003e\u003cb\u003eDisplay\u003c/b\u003e\u003c/td\u003e\u003ctd\u003e\u003cb\u003eDefinition\u003c/b\u003e\u003c/td\u003e\u003c/tr\u003e\u003ctr\u003e\u003ctd style\u003d\"white-space:nowrap\"\u003eonline\u003ca name\u003d\"device-status-reason-online\"\u003e \u003c/a\u003e\u003c/td\u003e\u003ctd\u003eOnline\u003c/td\u003e\u003ctd\u003eThe device is off.\u003c/td\u003e\u003c/tr\u003e\u003ctr\u003e\u003ctd style\u003d\"white-space:nowrap\"\u003epaused\u003ca name\u003d\"device-status-reason-paused\"\u003e \u003c/a\u003e\u003c/td\u003e\u003ctd\u003ePaused\u003c/td\u003e\u003ctd\u003eThe device is paused.\u003c/td\u003e\u003c/tr\u003e\u003ctr\u003e\u003ctd style\u003d\"white-space:nowrap\"\u003estandby\u003ca name\u003d\"device-status-reason-standby\"\u003e \u003c/a\u003e\u003c/td\u003e\u003ctd\u003eStandby\u003c/td\u003e\u003ctd\u003eThe device is ready but not actively operating.\u003c/td\u003e\u003c/tr\u003e\u003ctr\u003e\u003ctd style\u003d\"white-space:nowrap\"\u003eoffline\u003ca name\u003d\"device-status-reason-offline\"\u003e \u003c/a\u003e\u003c/td\u003e\u003ctd\u003eOffline\u003c/td\u003e\u003ctd\u003eThe device is offline.\u003c/td\u003e\u003c/tr\u003e\u003ctr\u003e\u003ctd style\u003d\"white-space:nowrap\"\u003enot-ready\u003ca name\u003d\"device-status-reason-not-ready\"\u003e \u003c/a\u003e\u003c/td\u003e\u003ctd\u003eNot Ready\u003c/td\u003e\u003ctd\u003eThe device is not ready.\u003c/td\u003e\u003c/tr\u003e\u003ctr\u003e\u003ctd style\u003d\"white-space:nowrap\"\u003etransduc-discon\u003ca name\u003d\"device-status-reason-transduc-discon\"\u003e \u003c/a\u003e\u003c/td\u003e\u003ctd\u003eTransducer Disconnected\u003c/td\u003e\u003ctd\u003eThe device transducer is disconnected.\u003c/td\u003e\u003c/tr\u003e\u003ctr\u003e\u003ctd style\u003d\"white-space:nowrap\"\u003ehw-discon\u003ca name\u003d\"device-status-reason-hw-discon\"\u003e \u003c/a\u003e\u003c/td\u003e\u003ctd\u003eHardware Disconnected\u003c/td\u003e\u003ctd\u003eThe device hardware is disconnected.\u003c/td\u003e\u003c/tr\u003e\u003ctr\u003e\u003ctd style\u003d\"white-space:nowrap\"\u003eoff\u003ca name\u003d\"device-status-reason-off\"\u003e \u003c/a\u003e\u003c/td\u003e\u003ctd\u003eOff\u003c/td\u003e\u003ctd\u003eThe device is off.\u003c/td\u003e\u003c/tr\u003e\u003c/table\u003e\u003c/div\u003e"
  },
  "extension": [
    {
      "url": "http://hl7.org/fhir/StructureDefinition/structuredefinition-wg",
      "valueCode": "oo"
    },
    {
      "url": "http://hl7.org/fhir/StructureDefinition/structuredefinition-standards-status",
      "valueCode": "trial-use"
    },
    {
      "url": "http://hl7.org/fhir/StructureDefinition/structuredefinition-fmm",
      "valueInteger": 0
    }
  ],
  "url": "http://terminology.hl7.org/CodeSystem/device-status-reason",
  "identifier": [
    {
      "system": "urn:ietf:rfc:3986",
      "value": "urn:oid:2.16.840.1.113883.4.642.1.1082"
    }
  ],
  "version": "4.0.0",
  "name": "FHIRDeviceStatusReason",
  "title": "FHIRDeviceStatusReason",
  "status": "draft",
  "experimental": false,
  "date": "2018-12-27T22:37:54+11:00",
  "publisher": "HL7 (FHIR Project)",
  "contact": [
    {
      "telecom": [
        {
          "system": "url",
          "value": "http://hl7.org/fhir"
        },
        {
          "system": "email",
          "value": "fhir@lists.hl7.org"
        }
      ]
    }
  ],
  "description": "The availability status reason of the device.",
  "caseSensitive": true,
  "valueSet": "http://hl7.org/fhir/ValueSet/device-status-reason",
  "content": "complete",
  "concept": [
    {
      "code": "online",
      "display": "Online",
      "definition": "The device is off."
    },
    {
      "code": "paused",
      "display": "Paused",
      "definition": "The device is paused."
    },
    {
      "code": "standby",
      "display": "Standby",
      "definition": "The device is ready but not actively operating."
    },
    {
      "code": "offline",
      "display": "Offline",
      "definition": "The device is offline."
    },
    {
      "code": "not-ready",
      "display": "Not Ready",
      "definition": "The device is not ready."
    },
    {
      "code": "transduc-discon",
      "display": "Transducer Disconnected",
      "definition": "The device transducer is disconnected."
    },
    {
      "code": "hw-discon",
      "display": "Hardware Disconnected",
      "definition": "The device hardware is disconnected."
    },
    {
      "code": "off",
      "display": "Off",
      "definition": "The device is off."
    }
  ]
}