{
  "resourceType": "CodeSystem",
  "id": "discriminator-type",
  "meta": {
    "lastUpdated": "2018-12-27T22:37:54.724+11:00"
  },
  "text": {
    "status": "generated",
    "div": "\u003cdiv xmlns\u003d\"http://www.w3.org/1999/xhtml\"\u003e\u003ch2\u003eDiscriminatorType\u003c/h2\u003e\u003cdiv\u003e\u003cp\u003eHow an element value is interpreted when discrimination is evaluated.\u003c/p\u003e\n\u003c/div\u003e\u003cp\u003eThis code system http://hl7.org/fhir/discriminator-type defines the following codes:\u003c/p\u003e\u003ctable class\u003d\"codes\"\u003e\u003ctr\u003e\u003ctd style\u003d\"white-space:nowrap\"\u003e\u003cb\u003eCode\u003c/b\u003e\u003c/td\u003e\u003ctd\u003e\u003cb\u003eDisplay\u003c/b\u003e\u003c/td\u003e\u003ctd\u003e\u003cb\u003eDefinition\u003c/b\u003e\u003c/td\u003e\u003c/tr\u003e\u003ctr\u003e\u003ctd style\u003d\"white-space:nowrap\"\u003evalue\u003ca name\u003d\"discriminator-type-value\"\u003e \u003c/a\u003e\u003c/td\u003e\u003ctd\u003eValue\u003c/td\u003e\u003ctd\u003eThe slices have different values in the nominated element.\u003c/td\u003e\u003c/tr\u003e\u003ctr\u003e\u003ctd style\u003d\"white-space:nowrap\"\u003eexists\u003ca name\u003d\"discriminator-type-exists\"\u003e \u003c/a\u003e\u003c/td\u003e\u003ctd\u003eExists\u003c/td\u003e\u003ctd\u003eThe slices are differentiated by the presence or absence of the nominated element.\u003c/td\u003e\u003c/tr\u003e\u003ctr\u003e\u003ctd style\u003d\"white-space:nowrap\"\u003epattern\u003ca name\u003d\"discriminator-type-pattern\"\u003e \u003c/a\u003e\u003c/td\u003e\u003ctd\u003ePattern\u003c/td\u003e\u003ctd\u003eThe slices have different values in the nominated element, as determined by testing them against the applicable ElementDefinition.pattern[x].\u003c/td\u003e\u003c/tr\u003e\u003ctr\u003e\u003ctd style\u003d\"white-space:nowrap\"\u003etype\u003ca name\u003d\"discriminator-type-type\"\u003e \u003c/a\u003e\u003c/td\u003e\u003ctd\u003eType\u003c/td\u003e\u003ctd\u003eThe slices are differentiated by type of the nominated element.\u003c/td\u003e\u003c/tr\u003e\u003ctr\u003e\u003ctd style\u003d\"white-space:nowrap\"\u003eprofile\u003ca name\u003d\"discriminator-type-profile\"\u003e \u003c/a\u003e\u003c/td\u003e\u003ctd\u003eProfile\u003c/td\u003e\u003ctd\u003eThe slices are differentiated by conformance of the nominated element to a specified profile. Note that if the path specifies .resolve() then the profile is the target profile on the reference. In this case, validation by the possible profiles is required to differentiate the slices.\u003c/td\u003e\u003c/tr\u003e\u003c/table\u003e\u003c/div\u003e"
  },
  "extension": [
    {
      "url": "http://hl7.org/fhir/StructureDefinition/structuredefinition-wg",
      "valueCode": "fhir"
    },
    {
      "url": "http://hl7.org/fhir/StructureDefinition/structuredefinition-standards-status",
      "valueCode": "normative"
    },
    {
      "url": "http://hl7.org/fhir/StructureDefinition/structuredefinition-normative-version",
      "valueCode": "4.0.0"
    },
    {
      "url": "http://hl7.org/fhir/StructureDefinition/structuredefinition-fmm",
      "valueInteger": 2
    }
  ],
  "url": "http://hl7.org/fhir/discriminator-type",
  "identifier": [
    {
      "system": "urn:ietf:rfc:3986",
      "value": "urn:oid:2.16.840.1.113883.4.642.1.92"
    }
  ],
  "version": "4.0.0",
  "name": "DiscriminatorType",
  "title": "DiscriminatorType",
  "status": "active",
  "experimental": false,
  "date": "2018-12-27T22:37:54+11:00",
  "publisher": "HL7 (FHIR Project)",
  "contact": [
    {
      "telecom": [
        {
          "system": "url",
          "value": "http://hl7.org/fhir"
        },
        {
          "system": "email",
          "value": "fhir@lists.hl7.org"
        }
      ]
    }
  ],
  "description": "How an element value is interpreted when discrimination is evaluated.",
  "caseSensitive": true,
  "valueSet": "http://hl7.org/fhir/ValueSet/discriminator-type",
  "content": "complete",
  "concept": [
    {
      "code": "value",
      "display": "Value",
      "definition": "The slices have different values in the nominated element."
    },
    {
      "code": "exists",
      "display": "Exists",
      "definition": "The slices are differentiated by the presence or absence of the nominated element."
    },
    {
      "code": "pattern",
      "display": "Pattern",
      "definition": "The slices have different values in the nominated element, as determined by testing them against the applicable ElementDefinition.pattern[x]."
    },
    {
      "code": "type",
      "display": "Type",
      "definition": "The slices are differentiated by type of the nominated element."
    },
    {
      "code": "profile",
      "display": "Profile",
      "definition": "The slices are differentiated by conformance of the nominated element to a specified profile. Note that if the path specifies .resolve() then the profile is the target profile on the reference. In this case, validation by the possible profiles is required to differentiate the slices."
    }
  ]
}