{
  "resourceType": "CodeSystem",
  "id": "audit-event-action",
  "meta": {
    "lastUpdated": "2018-12-27T22:37:54.724+11:00"
  },
  "text": {
    "status": "generated",
    "div": "\u003cdiv xmlns\u003d\"http://www.w3.org/1999/xhtml\"\u003e\u003ch2\u003eAuditEventAction\u003c/h2\u003e\u003cdiv\u003e\u003cp\u003eIndicator for type of action performed during the event that generated the event.\u003c/p\u003e\n\u003c/div\u003e\u003cp\u003eThis code system http://hl7.org/fhir/audit-event-action defines the following codes:\u003c/p\u003e\u003ctable class\u003d\"codes\"\u003e\u003ctr\u003e\u003ctd style\u003d\"white-space:nowrap\"\u003e\u003cb\u003eCode\u003c/b\u003e\u003c/td\u003e\u003ctd\u003e\u003cb\u003eDisplay\u003c/b\u003e\u003c/td\u003e\u003ctd\u003e\u003cb\u003eDefinition\u003c/b\u003e\u003c/td\u003e\u003c/tr\u003e\u003ctr\u003e\u003ctd style\u003d\"white-space:nowrap\"\u003eC\u003ca name\u003d\"audit-event-action-C\"\u003e \u003c/a\u003e\u003c/td\u003e\u003ctd\u003eCreate\u003c/td\u003e\u003ctd\u003eCreate a new database object, such as placing an order.\u003c/td\u003e\u003c/tr\u003e\u003ctr\u003e\u003ctd style\u003d\"white-space:nowrap\"\u003eR\u003ca name\u003d\"audit-event-action-R\"\u003e \u003c/a\u003e\u003c/td\u003e\u003ctd\u003eRead/View/Print\u003c/td\u003e\u003ctd\u003eDisplay or print data, such as a doctor census.\u003c/td\u003e\u003c/tr\u003e\u003ctr\u003e\u003ctd style\u003d\"white-space:nowrap\"\u003eU\u003ca name\u003d\"audit-event-action-U\"\u003e \u003c/a\u003e\u003c/td\u003e\u003ctd\u003eUpdate\u003c/td\u003e\u003ctd\u003eUpdate data, such as revise patient information.\u003c/td\u003e\u003c/tr\u003e\u003ctr\u003e\u003ctd style\u003d\"white-space:nowrap\"\u003eD\u003ca name\u003d\"audit-event-action-D\"\u003e \u003c/a\u003e\u003c/td\u003e\u003ctd\u003eDelete\u003c/td\u003e\u003ctd\u003eDelete items, such as a doctor master file record.\u003c/td\u003e\u003c/tr\u003e\u003ctr\u003e\u003ctd style\u003d\"white-space:nowrap\"\u003eE\u003ca name\u003d\"audit-event-action-E\"\u003e \u003c/a\u003e\u003c/td\u003e\u003ctd\u003eExecute\u003c/td\u003e\u003ctd\u003ePerform a system or application function such as log-on, program execution or use of an object\u0027s method, or perform a query/search operation.\u003c/td\u003e\u003c/tr\u003e\u003c/table\u003e\u003c/div\u003e"
  },
  "extension": [
    {
      "url": "http://hl7.org/fhir/StructureDefinition/structuredefinition-wg",
      "valueCode": "sec"
    },
    {
      "url": "http://hl7.org/fhir/StructureDefinition/structuredefinition-standards-status",
      "valueCode": "trial-use"
    },
    {
      "url": "http://hl7.org/fhir/StructureDefinition/structuredefinition-fmm",
      "valueInteger": 3
    }
  ],
  "url": "http://hl7.org/fhir/audit-event-action",
  "identifier": [
    {
      "system": "urn:ietf:rfc:3986",
      "value": "urn:oid:2.16.840.1.113883.4.642.1.453"
    }
  ],
  "version": "4.0.0",
  "name": "AuditEventAction",
  "title": "AuditEventAction",
  "status": "draft",
  "experimental": false,
  "date": "2018-12-27T22:37:54+11:00",
  "publisher": "HL7 (FHIR Project)",
  "contact": [
    {
      "telecom": [
        {
          "system": "url",
          "value": "http://hl7.org/fhir"
        },
        {
          "system": "email",
          "value": "fhir@lists.hl7.org"
        }
      ]
    }
  ],
  "description": "Indicator for type of action performed during the event that generated the event.",
  "caseSensitive": true,
  "valueSet": "http://hl7.org/fhir/ValueSet/audit-event-action",
  "content": "complete",
  "concept": [
    {
      "code": "C",
      "display": "Create",
      "definition": "Create a new database object, such as placing an order."
    },
    {
      "code": "R",
      "display": "Read/View/Print",
      "definition": "Display or print data, such as a doctor census."
    },
    {
      "code": "U",
      "display": "Update",
      "definition": "Update data, such as revise patient information."
    },
    {
      "code": "D",
      "display": "Delete",
      "definition": "Delete items, such as a doctor master file record."
    },
    {
      "code": "E",
      "display": "Execute",
      "definition": "Perform a system or application function such as log-on, program execution or use of an object\u0027s method, or perform a query/search operation."
    }
  ]
}