{
  "resourceType": "CodeSystem",
  "id": "consent-provision-type",
  "meta": {
    "lastUpdated": "2018-12-27T22:37:54.724+11:00"
  },
  "text": {
    "status": "generated",
    "div": "\u003cdiv xmlns\u003d\"http://www.w3.org/1999/xhtml\"\u003e\u003ch2\u003eConsentProvisionType\u003c/h2\u003e\u003cdiv\u003e\u003cp\u003eHow a rule statement is applied, such as adding additional consent or removing consent.\u003c/p\u003e\n\u003c/div\u003e\u003cp\u003eThis code system http://hl7.org/fhir/consent-provision-type defines the following codes:\u003c/p\u003e\u003ctable class\u003d\"codes\"\u003e\u003ctr\u003e\u003ctd style\u003d\"white-space:nowrap\"\u003e\u003cb\u003eCode\u003c/b\u003e\u003c/td\u003e\u003ctd\u003e\u003cb\u003eDisplay\u003c/b\u003e\u003c/td\u003e\u003ctd\u003e\u003cb\u003eDefinition\u003c/b\u003e\u003c/td\u003e\u003c/tr\u003e\u003ctr\u003e\u003ctd style\u003d\"white-space:nowrap\"\u003edeny\u003ca name\u003d\"consent-provision-type-deny\"\u003e \u003c/a\u003e\u003c/td\u003e\u003ctd\u003eOpt Out\u003c/td\u003e\u003ctd\u003eConsent is denied for actions meeting these rules.\u003c/td\u003e\u003c/tr\u003e\u003ctr\u003e\u003ctd style\u003d\"white-space:nowrap\"\u003epermit\u003ca name\u003d\"consent-provision-type-permit\"\u003e \u003c/a\u003e\u003c/td\u003e\u003ctd\u003eOpt In\u003c/td\u003e\u003ctd\u003eConsent is provided for actions meeting these rules.\u003c/td\u003e\u003c/tr\u003e\u003c/table\u003e\u003c/div\u003e"
  },
  "extension": [
    {
      "url": "http://hl7.org/fhir/StructureDefinition/structuredefinition-wg",
      "valueCode": "cbcc"
    },
    {
      "url": "http://hl7.org/fhir/StructureDefinition/structuredefinition-standards-status",
      "valueCode": "trial-use"
    },
    {
      "url": "http://hl7.org/fhir/StructureDefinition/structuredefinition-fmm",
      "valueInteger": 2
    }
  ],
  "url": "http://hl7.org/fhir/consent-provision-type",
  "identifier": [
    {
      "system": "urn:ietf:rfc:3986",
      "value": "urn:oid:2.16.840.1.113883.4.642.1.758"
    }
  ],
  "version": "4.0.0",
  "name": "ConsentProvisionType",
  "title": "ConsentProvisionType",
  "status": "draft",
  "experimental": false,
  "date": "2018-12-27T22:37:54+11:00",
  "publisher": "HL7 (FHIR Project)",
  "contact": [
    {
      "telecom": [
        {
          "system": "url",
          "value": "http://hl7.org/fhir"
        },
        {
          "system": "email",
          "value": "fhir@lists.hl7.org"
        }
      ]
    }
  ],
  "description": "How a rule statement is applied, such as adding additional consent or removing consent.",
  "caseSensitive": true,
  "valueSet": "http://hl7.org/fhir/ValueSet/consent-provision-type",
  "content": "complete",
  "concept": [
    {
      "code": "deny",
      "display": "Opt Out",
      "definition": "Consent is denied for actions meeting these rules."
    },
    {
      "code": "permit",
      "display": "Opt In",
      "definition": "Consent is provided for actions meeting these rules."
    }
  ]
}