{
  "resourceType": "CodeSystem",
  "id": "chromosome-human",
  "meta": {
    "lastUpdated": "2018-12-27T22:37:54.724+11:00"
  },
  "text": {
    "status": "generated",
    "div": "\u003cdiv xmlns\u003d\"http://www.w3.org/1999/xhtml\"\u003e\u003ch2\u003echromosome-human\u003c/h2\u003e\u003cdiv\u003e\u003cp\u003eChromosome number for human.\u003c/p\u003e\n\u003c/div\u003e\u003cp\u003eThis code system http://terminology.hl7.org/CodeSystem/chromosome-human defines the following codes:\u003c/p\u003e\u003ctable class\u003d\"codes\"\u003e\u003ctr\u003e\u003ctd style\u003d\"white-space:nowrap\"\u003e\u003cb\u003eCode\u003c/b\u003e\u003c/td\u003e\u003ctd\u003e\u003cb\u003eDisplay\u003c/b\u003e\u003c/td\u003e\u003ctd\u003e\u003cb\u003eDefinition\u003c/b\u003e\u003c/td\u003e\u003c/tr\u003e\u003ctr\u003e\u003ctd style\u003d\"white-space:nowrap\"\u003e1\u003ca name\u003d\"chromosome-human-1\"\u003e \u003c/a\u003e\u003c/td\u003e\u003ctd\u003echromosome 1\u003c/td\u003e\u003ctd\u003echromosome 1.\u003c/td\u003e\u003c/tr\u003e\u003ctr\u003e\u003ctd style\u003d\"white-space:nowrap\"\u003e2\u003ca name\u003d\"chromosome-human-2\"\u003e \u003c/a\u003e\u003c/td\u003e\u003ctd\u003echromosome 2\u003c/td\u003e\u003ctd\u003echromosome 2.\u003c/td\u003e\u003c/tr\u003e\u003ctr\u003e\u003ctd style\u003d\"white-space:nowrap\"\u003e3\u003ca name\u003d\"chromosome-human-3\"\u003e \u003c/a\u003e\u003c/td\u003e\u003ctd\u003echromosome 3\u003c/td\u003e\u003ctd\u003echromosome 3.\u003c/td\u003e\u003c/tr\u003e\u003ctr\u003e\u003ctd style\u003d\"white-space:nowrap\"\u003e4\u003ca name\u003d\"chromosome-human-4\"\u003e \u003c/a\u003e\u003c/td\u003e\u003ctd\u003echromosome 4\u003c/td\u003e\u003ctd\u003echromosome 4.\u003c/td\u003e\u003c/tr\u003e\u003ctr\u003e\u003ctd style\u003d\"white-space:nowrap\"\u003e5\u003ca name\u003d\"chromosome-human-5\"\u003e \u003c/a\u003e\u003c/td\u003e\u003ctd\u003echromosome 5\u003c/td\u003e\u003ctd\u003echromosome 5.\u003c/td\u003e\u003c/tr\u003e\u003ctr\u003e\u003ctd style\u003d\"white-space:nowrap\"\u003e6\u003ca name\u003d\"chromosome-human-6\"\u003e \u003c/a\u003e\u003c/td\u003e\u003ctd\u003echromosome 6\u003c/td\u003e\u003ctd\u003echromosome 6.\u003c/td\u003e\u003c/tr\u003e\u003ctr\u003e\u003ctd style\u003d\"white-space:nowrap\"\u003e7\u003ca name\u003d\"chromosome-human-7\"\u003e \u003c/a\u003e\u003c/td\u003e\u003ctd\u003echromosome 7\u003c/td\u003e\u003ctd\u003echromosome 7.\u003c/td\u003e\u003c/tr\u003e\u003ctr\u003e\u003ctd style\u003d\"white-space:nowrap\"\u003e8\u003ca name\u003d\"chromosome-human-8\"\u003e \u003c/a\u003e\u003c/td\u003e\u003ctd\u003echromosome 8\u003c/td\u003e\u003ctd\u003echromosome 8.\u003c/td\u003e\u003c/tr\u003e\u003ctr\u003e\u003ctd style\u003d\"white-space:nowrap\"\u003e9\u003ca name\u003d\"chromosome-human-9\"\u003e \u003c/a\u003e\u003c/td\u003e\u003ctd\u003echromosome 9\u003c/td\u003e\u003ctd\u003echromosome 9.\u003c/td\u003e\u003c/tr\u003e\u003ctr\u003e\u003ctd style\u003d\"white-space:nowrap\"\u003e10\u003ca name\u003d\"chromosome-human-10\"\u003e \u003c/a\u003e\u003c/td\u003e\u003ctd\u003echromosome 10\u003c/td\u003e\u003ctd\u003echromosome 10.\u003c/td\u003e\u003c/tr\u003e\u003ctr\u003e\u003ctd style\u003d\"white-space:nowrap\"\u003e11\u003ca name\u003d\"chromosome-human-11\"\u003e \u003c/a\u003e\u003c/td\u003e\u003ctd\u003echromosome 11\u003c/td\u003e\u003ctd\u003echromosome 11.\u003c/td\u003e\u003c/tr\u003e\u003ctr\u003e\u003ctd style\u003d\"white-space:nowrap\"\u003e12\u003ca name\u003d\"chromosome-human-12\"\u003e \u003c/a\u003e\u003c/td\u003e\u003ctd\u003echromosome 12\u003c/td\u003e\u003ctd\u003echromosome 12.\u003c/td\u003e\u003c/tr\u003e\u003ctr\u003e\u003ctd style\u003d\"white-space:nowrap\"\u003e13\u003ca name\u003d\"chromosome-human-13\"\u003e \u003c/a\u003e\u003c/td\u003e\u003ctd\u003echromosome 13\u003c/td\u003e\u003ctd\u003echromosome 13.\u003c/td\u003e\u003c/tr\u003e\u003ctr\u003e\u003ctd style\u003d\"white-space:nowrap\"\u003e14\u003ca name\u003d\"chromosome-human-14\"\u003e \u003c/a\u003e\u003c/td\u003e\u003ctd\u003echromosome 14\u003c/td\u003e\u003ctd\u003echromosome 14.\u003c/td\u003e\u003c/tr\u003e\u003ctr\u003e\u003ctd style\u003d\"white-space:nowrap\"\u003e15\u003ca name\u003d\"chromosome-human-15\"\u003e \u003c/a\u003e\u003c/td\u003e\u003ctd\u003echromosome 15\u003c/td\u003e\u003ctd\u003echromosome 15.\u003c/td\u003e\u003c/tr\u003e\u003ctr\u003e\u003ctd style\u003d\"white-space:nowrap\"\u003e16\u003ca name\u003d\"chromosome-human-16\"\u003e \u003c/a\u003e\u003c/td\u003e\u003ctd\u003echromosome 16\u003c/td\u003e\u003ctd\u003echromosome 16.\u003c/td\u003e\u003c/tr\u003e\u003ctr\u003e\u003ctd style\u003d\"white-space:nowrap\"\u003e17\u003ca name\u003d\"chromosome-human-17\"\u003e \u003c/a\u003e\u003c/td\u003e\u003ctd\u003echromosome 17\u003c/td\u003e\u003ctd\u003echromosome 17.\u003c/td\u003e\u003c/tr\u003e\u003ctr\u003e\u003ctd style\u003d\"white-space:nowrap\"\u003e18\u003ca name\u003d\"chromosome-human-18\"\u003e \u003c/a\u003e\u003c/td\u003e\u003ctd\u003echromosome 18\u003c/td\u003e\u003ctd\u003echromosome 18.\u003c/td\u003e\u003c/tr\u003e\u003ctr\u003e\u003ctd style\u003d\"white-space:nowrap\"\u003e19\u003ca name\u003d\"chromosome-human-19\"\u003e \u003c/a\u003e\u003c/td\u003e\u003ctd\u003echromosome 19\u003c/td\u003e\u003ctd\u003echromosome 19.\u003c/td\u003e\u003c/tr\u003e\u003ctr\u003e\u003ctd style\u003d\"white-space:nowrap\"\u003e20\u003ca name\u003d\"chromosome-human-20\"\u003e \u003c/a\u003e\u003c/td\u003e\u003ctd\u003echromosome 20\u003c/td\u003e\u003ctd\u003echromosome 20.\u003c/td\u003e\u003c/tr\u003e\u003ctr\u003e\u003ctd style\u003d\"white-space:nowrap\"\u003e21\u003ca name\u003d\"chromosome-human-21\"\u003e \u003c/a\u003e\u003c/td\u003e\u003ctd\u003echromosome 21\u003c/td\u003e\u003ctd\u003echromosome 21.\u003c/td\u003e\u003c/tr\u003e\u003ctr\u003e\u003ctd style\u003d\"white-space:nowrap\"\u003e22\u003ca name\u003d\"chromosome-human-22\"\u003e \u003c/a\u003e\u003c/td\u003e\u003ctd\u003echromosome 22\u003c/td\u003e\u003ctd\u003echromosome 22.\u003c/td\u003e\u003c/tr\u003e\u003ctr\u003e\u003ctd style\u003d\"white-space:nowrap\"\u003eX\u003ca name\u003d\"chromosome-human-X\"\u003e \u003c/a\u003e\u003c/td\u003e\u003ctd\u003echromosome X\u003c/td\u003e\u003ctd\u003echromosome X.\u003c/td\u003e\u003c/tr\u003e\u003ctr\u003e\u003ctd style\u003d\"white-space:nowrap\"\u003eY\u003ca name\u003d\"chromosome-human-Y\"\u003e \u003c/a\u003e\u003c/td\u003e\u003ctd\u003echromosome Y\u003c/td\u003e\u003ctd\u003echromosome Y.\u003c/td\u003e\u003c/tr\u003e\u003c/table\u003e\u003c/div\u003e"
  },
  "extension": [
    {
      "url": "http://hl7.org/fhir/StructureDefinition/structuredefinition-wg",
      "valueCode": "cg"
    },
    {
      "url": "http://hl7.org/fhir/StructureDefinition/structuredefinition-standards-status",
      "valueCode": "draft"
    },
    {
      "url": "http://hl7.org/fhir/StructureDefinition/structuredefinition-fmm",
      "valueInteger": 1
    }
  ],
  "url": "http://terminology.hl7.org/CodeSystem/chromosome-human",
  "identifier": [
    {
      "system": "urn:ietf:rfc:3986",
      "value": "urn:oid:2.16.840.1.113883.4.642.1.1086"
    }
  ],
  "version": "4.0.0",
  "name": "chromosome-human",
  "title": "chromosome-human",
  "status": "draft",
  "experimental": false,
  "date": "2018-12-27T22:37:54+11:00",
  "publisher": "HL7 (FHIR Project)",
  "contact": [
    {
      "telecom": [
        {
          "system": "url",
          "value": "http://hl7.org/fhir"
        },
        {
          "system": "email",
          "value": "fhir@lists.hl7.org"
        }
      ]
    }
  ],
  "description": "Chromosome number for human.",
  "caseSensitive": true,
  "valueSet": "http://hl7.org/fhir/ValueSet/chromosome-human",
  "content": "complete",
  "concept": [
    {
      "code": "1",
      "display": "chromosome 1",
      "definition": "chromosome 1."
    },
    {
      "code": "2",
      "display": "chromosome 2",
      "definition": "chromosome 2."
    },
    {
      "code": "3",
      "display": "chromosome 3",
      "definition": "chromosome 3."
    },
    {
      "code": "4",
      "display": "chromosome 4",
      "definition": "chromosome 4."
    },
    {
      "code": "5",
      "display": "chromosome 5",
      "definition": "chromosome 5."
    },
    {
      "code": "6",
      "display": "chromosome 6",
      "definition": "chromosome 6."
    },
    {
      "code": "7",
      "display": "chromosome 7",
      "definition": "chromosome 7."
    },
    {
      "code": "8",
      "display": "chromosome 8",
      "definition": "chromosome 8."
    },
    {
      "code": "9",
      "display": "chromosome 9",
      "definition": "chromosome 9."
    },
    {
      "code": "10",
      "display": "chromosome 10",
      "definition": "chromosome 10."
    },
    {
      "code": "11",
      "display": "chromosome 11",
      "definition": "chromosome 11."
    },
    {
      "code": "12",
      "display": "chromosome 12",
      "definition": "chromosome 12."
    },
    {
      "code": "13",
      "display": "chromosome 13",
      "definition": "chromosome 13."
    },
    {
      "code": "14",
      "display": "chromosome 14",
      "definition": "chromosome 14."
    },
    {
      "code": "15",
      "display": "chromosome 15",
      "definition": "chromosome 15."
    },
    {
      "code": "16",
      "display": "chromosome 16",
      "definition": "chromosome 16."
    },
    {
      "code": "17",
      "display": "chromosome 17",
      "definition": "chromosome 17."
    },
    {
      "code": "18",
      "display": "chromosome 18",
      "definition": "chromosome 18."
    },
    {
      "code": "19",
      "display": "chromosome 19",
      "definition": "chromosome 19."
    },
    {
      "code": "20",
      "display": "chromosome 20",
      "definition": "chromosome 20."
    },
    {
      "code": "21",
      "display": "chromosome 21",
      "definition": "chromosome 21."
    },
    {
      "code": "22",
      "display": "chromosome 22",
      "definition": "chromosome 22."
    },
    {
      "code": "X",
      "display": "chromosome X",
      "definition": "chromosome X."
    },
    {
      "code": "Y",
      "display": "chromosome Y",
      "definition": "chromosome Y."
    }
  ]
}