{
  "resourceType": "CodeSystem",
  "id": "entformula-additive",
  "meta": {
    "lastUpdated": "2018-12-27T22:37:54.724+11:00",
    "profile": [
      "http://hl7.org/fhir/StructureDefinition/shareablecodesystem"
    ]
  },
  "text": {
    "status": "generated",
    "div": "\u003cdiv xmlns\u003d\"http://www.w3.org/1999/xhtml\"\u003e\u003ch2\u003eEnteral Formula Additive Type Code\u003c/h2\u003e\u003cdiv\u003e\u003cp\u003eEnteralFormulaAdditiveType: Codes for the type of modular component such as protein, carbohydrate or fiber to be provided in addition to or mixed with the base formula. This value set is provided as a suggestive example.\u003c/p\u003e\n\u003c/div\u003e\u003cp\u003eThis code system http://terminology.hl7.org/CodeSystem/entformula-additive defines the following codes:\u003c/p\u003e\u003ctable class\u003d\"codes\"\u003e\u003ctr\u003e\u003ctd style\u003d\"white-space:nowrap\"\u003e\u003cb\u003eCode\u003c/b\u003e\u003c/td\u003e\u003ctd\u003e\u003cb\u003eDisplay\u003c/b\u003e\u003c/td\u003e\u003ctd\u003e\u003cb\u003eDefinition\u003c/b\u003e\u003c/td\u003e\u003c/tr\u003e\u003ctr\u003e\u003ctd style\u003d\"white-space:nowrap\"\u003elipid\u003ca name\u003d\"entformula-additive-lipid\"\u003e \u003c/a\u003e\u003c/td\u003e\u003ctd\u003eLipid\u003c/td\u003e\u003ctd\u003eModular lipid enteral formula component\u003c/td\u003e\u003c/tr\u003e\u003ctr\u003e\u003ctd style\u003d\"white-space:nowrap\"\u003eprotein\u003ca name\u003d\"entformula-additive-protein\"\u003e \u003c/a\u003e\u003c/td\u003e\u003ctd\u003eProtein\u003c/td\u003e\u003ctd\u003eModular protein enteral formula component\u003c/td\u003e\u003c/tr\u003e\u003ctr\u003e\u003ctd style\u003d\"white-space:nowrap\"\u003ecarbohydrate\u003ca name\u003d\"entformula-additive-carbohydrate\"\u003e \u003c/a\u003e\u003c/td\u003e\u003ctd\u003eCarbohydrate\u003c/td\u003e\u003ctd\u003eModular carbohydrate enteral formula component\u003c/td\u003e\u003c/tr\u003e\u003ctr\u003e\u003ctd style\u003d\"white-space:nowrap\"\u003efiber\u003ca name\u003d\"entformula-additive-fiber\"\u003e \u003c/a\u003e\u003c/td\u003e\u003ctd\u003eFiber\u003c/td\u003e\u003ctd\u003eModular fiber enteral formula component\u003c/td\u003e\u003c/tr\u003e\u003ctr\u003e\u003ctd style\u003d\"white-space:nowrap\"\u003ewater\u003ca name\u003d\"entformula-additive-water\"\u003e \u003c/a\u003e\u003c/td\u003e\u003ctd\u003eWater\u003c/td\u003e\u003ctd\u003eAdded water\u003c/td\u003e\u003c/tr\u003e\u003c/table\u003e\u003c/div\u003e"
  },
  "extension": [
    {
      "url": "http://hl7.org/fhir/StructureDefinition/structuredefinition-wg",
      "valueCode": "oo"
    },
    {
      "url": "http://hl7.org/fhir/StructureDefinition/structuredefinition-standards-status",
      "valueCode": "draft"
    },
    {
      "url": "http://hl7.org/fhir/StructureDefinition/structuredefinition-fmm",
      "valueInteger": 1
    }
  ],
  "url": "http://terminology.hl7.org/CodeSystem/entformula-additive",
  "identifier": [
    {
      "system": "urn:ietf:rfc:3986",
      "value": "urn:oid:2.16.840.1.113883.4.642.1.1123"
    }
  ],
  "version": "4.0.0",
  "name": "EnteralFormulaAdditiveTypeCode",
  "title": "Enteral Formula Additive Type Code",
  "status": "draft",
  "experimental": false,
  "publisher": "FHIR NutritionOrder team",
  "contact": [
    {
      "telecom": [
        {
          "system": "url",
          "value": "http://hl7.org/fhir"
        }
      ]
    }
  ],
  "description": "EnteralFormulaAdditiveType: Codes for the type of modular component such as protein, carbohydrate or fiber to be provided in addition to or mixed with the base formula. This value set is provided as a suggestive example.",
  "caseSensitive": true,
  "valueSet": "http://hl7.org/fhir/ValueSet/entformula-additive",
  "content": "complete",
  "concept": [
    {
      "code": "lipid",
      "display": "Lipid",
      "definition": "Modular lipid enteral formula component"
    },
    {
      "code": "protein",
      "display": "Protein",
      "definition": "Modular protein enteral formula component"
    },
    {
      "code": "carbohydrate",
      "display": "Carbohydrate",
      "definition": "Modular carbohydrate enteral formula component"
    },
    {
      "code": "fiber",
      "display": "Fiber",
      "definition": "Modular fiber enteral formula component"
    },
    {
      "code": "water",
      "display": "Water",
      "definition": "Added water"
    }
  ]
}