{
  "resourceType": "CodeSystem",
  "id": "action-relationship-type",
  "meta": {
    "lastUpdated": "2018-12-27T22:37:54.724+11:00"
  },
  "text": {
    "status": "generated",
    "div": "\u003cdiv xmlns\u003d\"http://www.w3.org/1999/xhtml\"\u003e\u003ch2\u003eActionRelationshipType\u003c/h2\u003e\u003cdiv\u003e\u003cp\u003eDefines the types of relationships between actions.\u003c/p\u003e\n\u003c/div\u003e\u003cp\u003eThis code system http://hl7.org/fhir/action-relationship-type defines the following codes:\u003c/p\u003e\u003ctable class\u003d\"codes\"\u003e\u003ctr\u003e\u003ctd style\u003d\"white-space:nowrap\"\u003e\u003cb\u003eCode\u003c/b\u003e\u003c/td\u003e\u003ctd\u003e\u003cb\u003eDisplay\u003c/b\u003e\u003c/td\u003e\u003ctd\u003e\u003cb\u003eDefinition\u003c/b\u003e\u003c/td\u003e\u003c/tr\u003e\u003ctr\u003e\u003ctd style\u003d\"white-space:nowrap\"\u003ebefore-start\u003ca name\u003d\"action-relationship-type-before-start\"\u003e \u003c/a\u003e\u003c/td\u003e\u003ctd\u003eBefore Start\u003c/td\u003e\u003ctd\u003eThe action must be performed before the start of the related action.\u003c/td\u003e\u003c/tr\u003e\u003ctr\u003e\u003ctd style\u003d\"white-space:nowrap\"\u003ebefore\u003ca name\u003d\"action-relationship-type-before\"\u003e \u003c/a\u003e\u003c/td\u003e\u003ctd\u003eBefore\u003c/td\u003e\u003ctd\u003eThe action must be performed before the related action.\u003c/td\u003e\u003c/tr\u003e\u003ctr\u003e\u003ctd style\u003d\"white-space:nowrap\"\u003ebefore-end\u003ca name\u003d\"action-relationship-type-before-end\"\u003e \u003c/a\u003e\u003c/td\u003e\u003ctd\u003eBefore End\u003c/td\u003e\u003ctd\u003eThe action must be performed before the end of the related action.\u003c/td\u003e\u003c/tr\u003e\u003ctr\u003e\u003ctd style\u003d\"white-space:nowrap\"\u003econcurrent-with-start\u003ca name\u003d\"action-relationship-type-concurrent-with-start\"\u003e \u003c/a\u003e\u003c/td\u003e\u003ctd\u003eConcurrent With Start\u003c/td\u003e\u003ctd\u003eThe action must be performed concurrent with the start of the related action.\u003c/td\u003e\u003c/tr\u003e\u003ctr\u003e\u003ctd style\u003d\"white-space:nowrap\"\u003econcurrent\u003ca name\u003d\"action-relationship-type-concurrent\"\u003e \u003c/a\u003e\u003c/td\u003e\u003ctd\u003eConcurrent\u003c/td\u003e\u003ctd\u003eThe action must be performed concurrent with the related action.\u003c/td\u003e\u003c/tr\u003e\u003ctr\u003e\u003ctd style\u003d\"white-space:nowrap\"\u003econcurrent-with-end\u003ca name\u003d\"action-relationship-type-concurrent-with-end\"\u003e \u003c/a\u003e\u003c/td\u003e\u003ctd\u003eConcurrent With End\u003c/td\u003e\u003ctd\u003eThe action must be performed concurrent with the end of the related action.\u003c/td\u003e\u003c/tr\u003e\u003ctr\u003e\u003ctd style\u003d\"white-space:nowrap\"\u003eafter-start\u003ca name\u003d\"action-relationship-type-after-start\"\u003e \u003c/a\u003e\u003c/td\u003e\u003ctd\u003eAfter Start\u003c/td\u003e\u003ctd\u003eThe action must be performed after the start of the related action.\u003c/td\u003e\u003c/tr\u003e\u003ctr\u003e\u003ctd style\u003d\"white-space:nowrap\"\u003eafter\u003ca name\u003d\"action-relationship-type-after\"\u003e \u003c/a\u003e\u003c/td\u003e\u003ctd\u003eAfter\u003c/td\u003e\u003ctd\u003eThe action must be performed after the related action.\u003c/td\u003e\u003c/tr\u003e\u003ctr\u003e\u003ctd style\u003d\"white-space:nowrap\"\u003eafter-end\u003ca name\u003d\"action-relationship-type-after-end\"\u003e \u003c/a\u003e\u003c/td\u003e\u003ctd\u003eAfter End\u003c/td\u003e\u003ctd\u003eThe action must be performed after the end of the related action.\u003c/td\u003e\u003c/tr\u003e\u003c/table\u003e\u003c/div\u003e"
  },
  "extension": [
    {
      "url": "http://hl7.org/fhir/StructureDefinition/structuredefinition-wg",
      "valueCode": "cds"
    },
    {
      "url": "http://hl7.org/fhir/StructureDefinition/structuredefinition-standards-status",
      "valueCode": "trial-use"
    },
    {
      "url": "http://hl7.org/fhir/StructureDefinition/structuredefinition-fmm",
      "valueInteger": 2
    }
  ],
  "url": "http://hl7.org/fhir/action-relationship-type",
  "identifier": [
    {
      "system": "urn:ietf:rfc:3986",
      "value": "urn:oid:2.16.840.1.113883.4.642.1.814"
    }
  ],
  "version": "4.0.0",
  "name": "ActionRelationshipType",
  "title": "ActionRelationshipType",
  "status": "draft",
  "experimental": false,
  "date": "2018-12-27T22:37:54+11:00",
  "publisher": "HL7 (FHIR Project)",
  "contact": [
    {
      "telecom": [
        {
          "system": "url",
          "value": "http://hl7.org/fhir"
        },
        {
          "system": "email",
          "value": "fhir@lists.hl7.org"
        }
      ]
    }
  ],
  "description": "Defines the types of relationships between actions.",
  "caseSensitive": true,
  "valueSet": "http://hl7.org/fhir/ValueSet/action-relationship-type",
  "content": "complete",
  "concept": [
    {
      "code": "before-start",
      "display": "Before Start",
      "definition": "The action must be performed before the start of the related action."
    },
    {
      "code": "before",
      "display": "Before",
      "definition": "The action must be performed before the related action."
    },
    {
      "code": "before-end",
      "display": "Before End",
      "definition": "The action must be performed before the end of the related action."
    },
    {
      "code": "concurrent-with-start",
      "display": "Concurrent With Start",
      "definition": "The action must be performed concurrent with the start of the related action."
    },
    {
      "code": "concurrent",
      "display": "Concurrent",
      "definition": "The action must be performed concurrent with the related action."
    },
    {
      "code": "concurrent-with-end",
      "display": "Concurrent With End",
      "definition": "The action must be performed concurrent with the end of the related action."
    },
    {
      "code": "after-start",
      "display": "After Start",
      "definition": "The action must be performed after the start of the related action."
    },
    {
      "code": "after",
      "display": "After",
      "definition": "The action must be performed after the related action."
    },
    {
      "code": "after-end",
      "display": "After End",
      "definition": "The action must be performed after the end of the related action."
    }
  ]
}