{
  "resourceType": "CodeSystem",
  "id": "consent-action",
  "meta": {
    "lastUpdated": "2018-12-27T22:37:54.724+11:00",
    "profile": [
      "http://hl7.org/fhir/StructureDefinition/shareablecodesystem"
    ]
  },
  "text": {
    "status": "generated",
    "div": "\u003cdiv xmlns\u003d\"http://www.w3.org/1999/xhtml\"\u003e\u003ch2\u003eConsent Action Codes\u003c/h2\u003e\u003cdiv\u003e\u003cp\u003eThis value set includes sample Consent Action codes.\u003c/p\u003e\n\u003c/div\u003e\u003cp\u003e\u003cb\u003eCopyright Statement:\u003c/b\u003e This is an example set.\u003c/p\u003e\u003cp\u003eThis code system http://terminology.hl7.org/CodeSystem/consentaction defines the following codes:\u003c/p\u003e\u003ctable class\u003d\"codes\"\u003e\u003ctr\u003e\u003ctd style\u003d\"white-space:nowrap\"\u003e\u003cb\u003eCode\u003c/b\u003e\u003c/td\u003e\u003ctd\u003e\u003cb\u003eDisplay\u003c/b\u003e\u003c/td\u003e\u003ctd\u003e\u003cb\u003eDefinition\u003c/b\u003e\u003c/td\u003e\u003c/tr\u003e\u003ctr\u003e\u003ctd style\u003d\"white-space:nowrap\"\u003ecollect\u003ca name\u003d\"consent-action-collect\"\u003e \u003c/a\u003e\u003c/td\u003e\u003ctd\u003eCollect\u003c/td\u003e\u003ctd\u003eGather retrieved information for storage\u003c/td\u003e\u003c/tr\u003e\u003ctr\u003e\u003ctd style\u003d\"white-space:nowrap\"\u003eaccess\u003ca name\u003d\"consent-action-access\"\u003e \u003c/a\u003e\u003c/td\u003e\u003ctd\u003eAccess\u003c/td\u003e\u003ctd\u003eRetrieval without permitting collection, use or disclosure. e.g., no screen-scraping for collection, use or disclosure (view-only access)\u003c/td\u003e\u003c/tr\u003e\u003ctr\u003e\u003ctd style\u003d\"white-space:nowrap\"\u003euse\u003ca name\u003d\"consent-action-use\"\u003e \u003c/a\u003e\u003c/td\u003e\u003ctd\u003eUse\u003c/td\u003e\u003ctd\u003eUtilize the retrieved information\u003c/td\u003e\u003c/tr\u003e\u003ctr\u003e\u003ctd style\u003d\"white-space:nowrap\"\u003edisclose\u003ca name\u003d\"consent-action-disclose\"\u003e \u003c/a\u003e\u003c/td\u003e\u003ctd\u003eDisclose\u003c/td\u003e\u003ctd\u003eTransfer retrieved information\u003c/td\u003e\u003c/tr\u003e\u003ctr\u003e\u003ctd style\u003d\"white-space:nowrap\"\u003ecorrect\u003ca name\u003d\"consent-action-correct\"\u003e \u003c/a\u003e\u003c/td\u003e\u003ctd\u003eAccess and Correct\u003c/td\u003e\u003ctd\u003eAllow retrieval of a patient\u0027s information for the purpose of update or rectify\u003c/td\u003e\u003c/tr\u003e\u003c/table\u003e\u003c/div\u003e"
  },
  "extension": [
    {
      "url": "http://hl7.org/fhir/StructureDefinition/structuredefinition-wg",
      "valueCode": "cbcc"
    },
    {
      "url": "http://hl7.org/fhir/StructureDefinition/structuredefinition-standards-status",
      "valueCode": "draft"
    },
    {
      "url": "http://hl7.org/fhir/StructureDefinition/structuredefinition-fmm",
      "valueInteger": 1
    }
  ],
  "url": "http://terminology.hl7.org/CodeSystem/consentaction",
  "identifier": [
    {
      "system": "urn:ietf:rfc:3986",
      "value": "urn:oid:2.16.840.1.113883.4.642.1.1227"
    }
  ],
  "version": "4.0.0",
  "name": "ConsentActionCodes",
  "title": "Consent Action Codes",
  "status": "draft",
  "experimental": false,
  "publisher": "CBCC",
  "contact": [
    {
      "telecom": [
        {
          "system": "url",
          "value": "http://hl7.org/fhir"
        }
      ]
    }
  ],
  "description": "This value set includes sample Consent Action codes.",
  "copyright": "This is an example set.",
  "caseSensitive": true,
  "valueSet": "http://hl7.org/fhir/ValueSet/consent-action",
  "content": "complete",
  "concept": [
    {
      "code": "collect",
      "display": "Collect",
      "definition": "Gather retrieved information for storage"
    },
    {
      "code": "access",
      "display": "Access",
      "definition": "Retrieval without permitting collection, use or disclosure. e.g., no screen-scraping for collection, use or disclosure (view-only access)"
    },
    {
      "code": "use",
      "display": "Use",
      "definition": "Utilize the retrieved information"
    },
    {
      "code": "disclose",
      "display": "Disclose",
      "definition": "Transfer retrieved information"
    },
    {
      "code": "correct",
      "display": "Access and Correct",
      "definition": "Allow retrieval of a patient\u0027s information for the purpose of update or rectify"
    }
  ]
}