{
  "resourceType": "CodeSystem",
  "id": "map-input-mode",
  "meta": {
    "lastUpdated": "2018-12-27T22:37:54.724+11:00"
  },
  "text": {
    "status": "generated",
    "div": "\u003cdiv xmlns\u003d\"http://www.w3.org/1999/xhtml\"\u003e\u003ch2\u003eStructureMapInputMode\u003c/h2\u003e\u003cdiv\u003e\u003cp\u003eMode for this instance of data.\u003c/p\u003e\n\u003c/div\u003e\u003cp\u003eThis code system http://hl7.org/fhir/map-input-mode defines the following codes:\u003c/p\u003e\u003ctable class\u003d\"codes\"\u003e\u003ctr\u003e\u003ctd style\u003d\"white-space:nowrap\"\u003e\u003cb\u003eCode\u003c/b\u003e\u003c/td\u003e\u003ctd\u003e\u003cb\u003eDisplay\u003c/b\u003e\u003c/td\u003e\u003ctd\u003e\u003cb\u003eDefinition\u003c/b\u003e\u003c/td\u003e\u003c/tr\u003e\u003ctr\u003e\u003ctd style\u003d\"white-space:nowrap\"\u003esource\u003ca name\u003d\"map-input-mode-source\"\u003e \u003c/a\u003e\u003c/td\u003e\u003ctd\u003eSource Instance\u003c/td\u003e\u003ctd\u003eNames an input instance used a source for mapping.\u003c/td\u003e\u003c/tr\u003e\u003ctr\u003e\u003ctd style\u003d\"white-space:nowrap\"\u003etarget\u003ca name\u003d\"map-input-mode-target\"\u003e \u003c/a\u003e\u003c/td\u003e\u003ctd\u003eTarget Instance\u003c/td\u003e\u003ctd\u003eNames an instance that is being populated.\u003c/td\u003e\u003c/tr\u003e\u003c/table\u003e\u003c/div\u003e"
  },
  "extension": [
    {
      "url": "http://hl7.org/fhir/StructureDefinition/structuredefinition-wg",
      "valueCode": "fhir"
    },
    {
      "url": "http://hl7.org/fhir/StructureDefinition/structuredefinition-standards-status",
      "valueCode": "trial-use"
    },
    {
      "url": "http://hl7.org/fhir/StructureDefinition/structuredefinition-fmm",
      "valueInteger": 2
    }
  ],
  "url": "http://hl7.org/fhir/map-input-mode",
  "identifier": [
    {
      "system": "urn:ietf:rfc:3986",
      "value": "urn:oid:2.16.840.1.113883.4.642.1.678"
    }
  ],
  "version": "4.0.0",
  "name": "StructureMapInputMode",
  "title": "StructureMapInputMode",
  "status": "draft",
  "experimental": false,
  "date": "2018-12-27T22:37:54+11:00",
  "publisher": "HL7 (FHIR Project)",
  "contact": [
    {
      "telecom": [
        {
          "system": "url",
          "value": "http://hl7.org/fhir"
        },
        {
          "system": "email",
          "value": "fhir@lists.hl7.org"
        }
      ]
    }
  ],
  "description": "Mode for this instance of data.",
  "caseSensitive": true,
  "valueSet": "http://hl7.org/fhir/ValueSet/map-input-mode",
  "content": "complete",
  "concept": [
    {
      "code": "source",
      "display": "Source Instance",
      "definition": "Names an input instance used a source for mapping."
    },
    {
      "code": "target",
      "display": "Target Instance",
      "definition": "Names an instance that is being populated."
    }
  ]
}