{
  "resourceType": "CodeSystem",
  "id": "measure-improvement-notation",
  "meta": {
    "lastUpdated": "2018-12-27T22:37:54.724+11:00"
  },
  "text": {
    "status": "generated",
    "div": "\u003cdiv xmlns\u003d\"http://www.w3.org/1999/xhtml\"\u003e\u003ch2\u003eMeasureImprovementNotation\u003c/h2\u003e\u003cdiv\u003e\u003cp\u003eObservation values that indicate what change in a measurement value or score is indicative of an improvement in the measured item or scored issue.\u003c/p\u003e\n\u003c/div\u003e\u003cp\u003eThis code system http://terminology.hl7.org/CodeSystem/measure-improvement-notation defines the following codes:\u003c/p\u003e\u003ctable class\u003d\"codes\"\u003e\u003ctr\u003e\u003ctd style\u003d\"white-space:nowrap\"\u003e\u003cb\u003eCode\u003c/b\u003e\u003c/td\u003e\u003ctd\u003e\u003cb\u003eDisplay\u003c/b\u003e\u003c/td\u003e\u003ctd\u003e\u003cb\u003eDefinition\u003c/b\u003e\u003c/td\u003e\u003c/tr\u003e\u003ctr\u003e\u003ctd style\u003d\"white-space:nowrap\"\u003eincrease\u003ca name\u003d\"measure-improvement-notation-increase\"\u003e \u003c/a\u003e\u003c/td\u003e\u003ctd\u003eIncreased score indicates improvement\u003c/td\u003e\u003ctd\u003eImprovement is indicated as an increase in the score or measurement (e.g. Higher score indicates better quality).\u003c/td\u003e\u003c/tr\u003e\u003ctr\u003e\u003ctd style\u003d\"white-space:nowrap\"\u003edecrease\u003ca name\u003d\"measure-improvement-notation-decrease\"\u003e \u003c/a\u003e\u003c/td\u003e\u003ctd\u003eDecreased score indicates improvement\u003c/td\u003e\u003ctd\u003eImprovement is indicated as a decrease in the score or measurement (e.g. Lower score indicates better quality).\u003c/td\u003e\u003c/tr\u003e\u003c/table\u003e\u003c/div\u003e"
  },
  "extension": [
    {
      "url": "http://hl7.org/fhir/StructureDefinition/structuredefinition-wg",
      "valueCode": "cqi"
    },
    {
      "url": "http://hl7.org/fhir/StructureDefinition/structuredefinition-standards-status",
      "valueCode": "trial-use"
    },
    {
      "url": "http://hl7.org/fhir/StructureDefinition/structuredefinition-fmm",
      "valueInteger": 2
    }
  ],
  "url": "http://terminology.hl7.org/CodeSystem/measure-improvement-notation",
  "identifier": [
    {
      "system": "urn:ietf:rfc:3986",
      "value": "urn:oid:2.16.840.1.113883.4.642.1.1395"
    }
  ],
  "version": "4.0.0",
  "name": "MeasureImprovementNotation",
  "title": "MeasureImprovementNotation",
  "status": "draft",
  "experimental": false,
  "date": "2018-12-27T22:37:54+11:00",
  "publisher": "HL7 (FHIR Project)",
  "contact": [
    {
      "telecom": [
        {
          "system": "url",
          "value": "http://hl7.org/fhir"
        },
        {
          "system": "email",
          "value": "fhir@lists.hl7.org"
        }
      ]
    }
  ],
  "description": "Observation values that indicate what change in a measurement value or score is indicative of an improvement in the measured item or scored issue.",
  "caseSensitive": true,
  "valueSet": "http://hl7.org/fhir/ValueSet/measure-improvement-notation",
  "content": "complete",
  "concept": [
    {
      "code": "increase",
      "display": "Increased score indicates improvement",
      "definition": "Improvement is indicated as an increase in the score or measurement (e.g. Higher score indicates better quality)."
    },
    {
      "code": "decrease",
      "display": "Decreased score indicates improvement",
      "definition": "Improvement is indicated as a decrease in the score or measurement (e.g. Lower score indicates better quality)."
    }
  ]
}