{
  "resourceType": "CodeSystem",
  "id": "adverse-event-severity",
  "meta": {
    "lastUpdated": "2018-12-27T22:37:54.724+11:00"
  },
  "text": {
    "status": "generated",
    "div": "\u003cdiv xmlns\u003d\"http://www.w3.org/1999/xhtml\"\u003e\u003ch2\u003eAdverseEventSeverity\u003c/h2\u003e\u003cdiv\u003e\u003cp\u003eThe severity of the adverse event itself, in direct relation to the subject.\u003c/p\u003e\n\u003c/div\u003e\u003cp\u003eThis code system http://terminology.hl7.org/CodeSystem/adverse-event-severity defines the following codes:\u003c/p\u003e\u003ctable class\u003d\"codes\"\u003e\u003ctr\u003e\u003ctd style\u003d\"white-space:nowrap\"\u003e\u003cb\u003eCode\u003c/b\u003e\u003c/td\u003e\u003ctd\u003e\u003cb\u003eDisplay\u003c/b\u003e\u003c/td\u003e\u003ctd\u003e\u003cb\u003eDefinition\u003c/b\u003e\u003c/td\u003e\u003c/tr\u003e\u003ctr\u003e\u003ctd style\u003d\"white-space:nowrap\"\u003emild\u003ca name\u003d\"adverse-event-severity-mild\"\u003e \u003c/a\u003e\u003c/td\u003e\u003ctd\u003eMild\u003c/td\u003e\u003ctd/\u003e\u003c/tr\u003e\u003ctr\u003e\u003ctd style\u003d\"white-space:nowrap\"\u003emoderate\u003ca name\u003d\"adverse-event-severity-moderate\"\u003e \u003c/a\u003e\u003c/td\u003e\u003ctd\u003eModerate\u003c/td\u003e\u003ctd/\u003e\u003c/tr\u003e\u003ctr\u003e\u003ctd style\u003d\"white-space:nowrap\"\u003esevere\u003ca name\u003d\"adverse-event-severity-severe\"\u003e \u003c/a\u003e\u003c/td\u003e\u003ctd\u003eSevere\u003c/td\u003e\u003ctd/\u003e\u003c/tr\u003e\u003c/table\u003e\u003c/div\u003e"
  },
  "extension": [
    {
      "url": "http://hl7.org/fhir/StructureDefinition/structuredefinition-wg",
      "valueCode": "pc"
    },
    {
      "url": "http://hl7.org/fhir/StructureDefinition/structuredefinition-standards-status",
      "valueCode": "trial-use"
    },
    {
      "url": "http://hl7.org/fhir/StructureDefinition/structuredefinition-fmm",
      "valueInteger": 0
    }
  ],
  "url": "http://terminology.hl7.org/CodeSystem/adverse-event-severity",
  "identifier": [
    {
      "system": "urn:ietf:rfc:3986",
      "value": "urn:oid:2.16.840.1.113883.4.642.1.1256"
    }
  ],
  "version": "4.0.0",
  "name": "AdverseEventSeverity",
  "title": "AdverseEventSeverity",
  "status": "draft",
  "experimental": false,
  "date": "2018-12-27T22:37:54+11:00",
  "publisher": "HL7 (FHIR Project)",
  "contact": [
    {
      "telecom": [
        {
          "system": "url",
          "value": "http://hl7.org/fhir"
        },
        {
          "system": "email",
          "value": "fhir@lists.hl7.org"
        }
      ]
    }
  ],
  "description": "The severity of the adverse event itself, in direct relation to the subject.",
  "caseSensitive": true,
  "valueSet": "http://hl7.org/fhir/ValueSet/adverse-event-severity",
  "content": "complete",
  "concept": [
    {
      "code": "mild",
      "display": "Mild"
    },
    {
      "code": "moderate",
      "display": "Moderate"
    },
    {
      "code": "severe",
      "display": "Severe"
    }
  ]
}