{
  "resourceType": "CodeSystem",
  "id": "fm-status",
  "meta": {
    "lastUpdated": "2018-12-27T22:37:54.724+11:00",
    "profile": [
      "http://hl7.org/fhir/StructureDefinition/shareablecodesystem"
    ]
  },
  "text": {
    "status": "generated",
    "div": "\u003cdiv xmlns\u003d\"http://www.w3.org/1999/xhtml\"\u003e\u003ch2\u003eFinancial Resource Status Codes\u003c/h2\u003e\u003cdiv\u003e\u003cp\u003eThis value set includes Status codes.\u003c/p\u003e\n\u003c/div\u003e\u003cp\u003e\u003cb\u003eCopyright Statement:\u003c/b\u003e HL7 International.\u003c/p\u003e\u003cp\u003eThis code system http://hl7.org/fhir/fm-status defines the following codes:\u003c/p\u003e\u003ctable class\u003d\"codes\"\u003e\u003ctr\u003e\u003ctd style\u003d\"white-space:nowrap\"\u003e\u003cb\u003eCode\u003c/b\u003e\u003c/td\u003e\u003ctd\u003e\u003cb\u003eDisplay\u003c/b\u003e\u003c/td\u003e\u003ctd\u003e\u003cb\u003eDefinition\u003c/b\u003e\u003c/td\u003e\u003c/tr\u003e\u003ctr\u003e\u003ctd style\u003d\"white-space:nowrap\"\u003eactive\u003ca name\u003d\"fm-status-active\"\u003e \u003c/a\u003e\u003c/td\u003e\u003ctd\u003eActive\u003c/td\u003e\u003ctd\u003eThe instance is currently in-force.\u003c/td\u003e\u003c/tr\u003e\u003ctr\u003e\u003ctd style\u003d\"white-space:nowrap\"\u003ecancelled\u003ca name\u003d\"fm-status-cancelled\"\u003e \u003c/a\u003e\u003c/td\u003e\u003ctd\u003eCancelled\u003c/td\u003e\u003ctd\u003eThe instance is withdrawn, rescinded or reversed.\u003c/td\u003e\u003c/tr\u003e\u003ctr\u003e\u003ctd style\u003d\"white-space:nowrap\"\u003edraft\u003ca name\u003d\"fm-status-draft\"\u003e \u003c/a\u003e\u003c/td\u003e\u003ctd\u003eDraft\u003c/td\u003e\u003ctd\u003eA new instance the contents of which is not complete.\u003c/td\u003e\u003c/tr\u003e\u003ctr\u003e\u003ctd style\u003d\"white-space:nowrap\"\u003eentered-in-error\u003ca name\u003d\"fm-status-entered-in-error\"\u003e \u003c/a\u003e\u003c/td\u003e\u003ctd\u003eEntered in Error\u003c/td\u003e\u003ctd\u003eThe instance was entered in error.\u003c/td\u003e\u003c/tr\u003e\u003c/table\u003e\u003c/div\u003e"
  },
  "extension": [
    {
      "url": "http://hl7.org/fhir/StructureDefinition/structuredefinition-wg",
      "valueCode": "fm"
    },
    {
      "url": "http://hl7.org/fhir/StructureDefinition/structuredefinition-standards-status",
      "valueCode": "trial-use"
    },
    {
      "url": "http://hl7.org/fhir/StructureDefinition/structuredefinition-fmm",
      "valueInteger": 2
    }
  ],
  "url": "http://hl7.org/fhir/fm-status",
  "identifier": [
    {
      "system": "urn:ietf:rfc:3986",
      "value": "urn:oid:2.16.840.1.113883.4.642.1.593"
    }
  ],
  "version": "4.0.0",
  "name": "FinancialResourceStatusCodes",
  "title": "Financial Resource Status Codes",
  "status": "draft",
  "experimental": false,
  "publisher": "Financial Management",
  "contact": [
    {
      "telecom": [
        {
          "system": "url",
          "value": "http://hl7.org/fhir"
        }
      ]
    }
  ],
  "description": "This value set includes Status codes.",
  "copyright": "HL7 International.",
  "caseSensitive": true,
  "valueSet": "http://hl7.org/fhir/ValueSet/fm-status",
  "content": "complete",
  "concept": [
    {
      "code": "active",
      "display": "Active",
      "definition": "The instance is currently in-force."
    },
    {
      "code": "cancelled",
      "display": "Cancelled",
      "definition": "The instance is withdrawn, rescinded or reversed."
    },
    {
      "code": "draft",
      "display": "Draft",
      "definition": "A new instance the contents of which is not complete."
    },
    {
      "code": "entered-in-error",
      "display": "Entered in Error",
      "definition": "The instance was entered in error."
    }
  ]
}