{
  "resourceType": "CodeSystem",
  "id": "consent-scope",
  "meta": {
    "lastUpdated": "2018-12-27T22:37:54.724+11:00",
    "profile": [
      "http://hl7.org/fhir/StructureDefinition/shareablecodesystem"
    ]
  },
  "text": {
    "status": "generated",
    "div": "\u003cdiv xmlns\u003d\"http://www.w3.org/1999/xhtml\"\u003e\u003ch2\u003eConsent Scope Codes\u003c/h2\u003e\u003cdiv\u003e\u003cp\u003eThis value set includes the four Consent scope codes.\u003c/p\u003e\n\u003c/div\u003e\u003cp\u003e\u003cb\u003eCopyright Statement:\u003c/b\u003e This is an example set.\u003c/p\u003e\u003cp\u003eThis code system http://terminology.hl7.org/CodeSystem/consentscope defines the following codes:\u003c/p\u003e\u003ctable class\u003d\"codes\"\u003e\u003ctr\u003e\u003ctd style\u003d\"white-space:nowrap\"\u003e\u003cb\u003eCode\u003c/b\u003e\u003c/td\u003e\u003ctd\u003e\u003cb\u003eDisplay\u003c/b\u003e\u003c/td\u003e\u003ctd\u003e\u003cb\u003eDefinition\u003c/b\u003e\u003c/td\u003e\u003c/tr\u003e\u003ctr\u003e\u003ctd style\u003d\"white-space:nowrap\"\u003eadr\u003ca name\u003d\"consent-scope-adr\"\u003e \u003c/a\u003e\u003c/td\u003e\u003ctd\u003eAdvanced Care Directive\u003c/td\u003e\u003ctd\u003eActions to be taken if they are no longer able to make decisions for themselves\u003c/td\u003e\u003c/tr\u003e\u003ctr\u003e\u003ctd style\u003d\"white-space:nowrap\"\u003eresearch\u003ca name\u003d\"consent-scope-research\"\u003e \u003c/a\u003e\u003c/td\u003e\u003ctd\u003eResearch\u003c/td\u003e\u003ctd\u003eConsent to participate in research protocol and information sharing required\u003c/td\u003e\u003c/tr\u003e\u003ctr\u003e\u003ctd style\u003d\"white-space:nowrap\"\u003epatient-privacy\u003ca name\u003d\"consent-scope-patient-privacy\"\u003e \u003c/a\u003e\u003c/td\u003e\u003ctd\u003ePrivacy Consent\u003c/td\u003e\u003ctd\u003eAgreement to collect, access, use or disclose (share) information\u003c/td\u003e\u003c/tr\u003e\u003ctr\u003e\u003ctd style\u003d\"white-space:nowrap\"\u003etreatment\u003ca name\u003d\"consent-scope-treatment\"\u003e \u003c/a\u003e\u003c/td\u003e\u003ctd\u003eTreatment\u003c/td\u003e\u003ctd\u003eConsent to undergo a specific treatment\u003c/td\u003e\u003c/tr\u003e\u003c/table\u003e\u003c/div\u003e"
  },
  "extension": [
    {
      "url": "http://hl7.org/fhir/StructureDefinition/structuredefinition-wg",
      "valueCode": "cbcc"
    },
    {
      "url": "http://hl7.org/fhir/StructureDefinition/structuredefinition-standards-status",
      "valueCode": "trial-use"
    },
    {
      "url": "http://hl7.org/fhir/StructureDefinition/structuredefinition-fmm",
      "valueInteger": 2
    }
  ],
  "url": "http://terminology.hl7.org/CodeSystem/consentscope",
  "identifier": [
    {
      "system": "urn:ietf:rfc:3986",
      "value": "urn:oid:2.16.840.1.113883.4.642.1.1228"
    }
  ],
  "version": "4.0.0",
  "name": "ConsentScopeCodes",
  "title": "Consent Scope Codes",
  "status": "draft",
  "experimental": false,
  "publisher": "CBCC",
  "contact": [
    {
      "telecom": [
        {
          "system": "url",
          "value": "http://hl7.org/fhir"
        }
      ]
    }
  ],
  "description": "This value set includes the four Consent scope codes.",
  "copyright": "This is an example set.",
  "caseSensitive": true,
  "valueSet": "http://hl7.org/fhir/ValueSet/consent-scope",
  "content": "complete",
  "concept": [
    {
      "code": "adr",
      "display": "Advanced Care Directive",
      "definition": "Actions to be taken if they are no longer able to make decisions for themselves"
    },
    {
      "code": "research",
      "display": "Research",
      "definition": "Consent to participate in research protocol and information sharing required"
    },
    {
      "code": "patient-privacy",
      "display": "Privacy Consent",
      "definition": "Agreement to collect, access, use or disclose (share) information"
    },
    {
      "code": "treatment",
      "display": "Treatment",
      "definition": "Consent to undergo a specific treatment"
    }
  ]
}