{
  "resourceType": "CodeSystem",
  "id": "medicationdispense-status-reason",
  "meta": {
    "lastUpdated": "2018-12-27T22:37:54.724+11:00",
    "profile": [
      "http://hl7.org/fhir/StructureDefinition/shareablecodesystem"
    ]
  },
  "text": {
    "status": "generated",
    "div": "\u003cdiv xmlns\u003d\"http://www.w3.org/1999/xhtml\"\u003e\u003ch2\u003eMedication dispense  status  reason  codes\u003c/h2\u003e\u003cdiv\u003e\u003cp\u003eMedicationDispense Status Codes\u003c/p\u003e\n\u003c/div\u003e\u003cp\u003eThis code system http://terminology.hl7.org/fhir/CodeSystem/medicationdispense-status-reason defines the following codes:\u003c/p\u003e\u003ctable class\u003d\"codes\"\u003e\u003ctr\u003e\u003ctd style\u003d\"white-space:nowrap\"\u003e\u003cb\u003eCode\u003c/b\u003e\u003c/td\u003e\u003ctd\u003e\u003cb\u003eDisplay\u003c/b\u003e\u003c/td\u003e\u003ctd\u003e\u003cb\u003eDefinition\u003c/b\u003e\u003c/td\u003e\u003c/tr\u003e\u003ctr\u003e\u003ctd style\u003d\"white-space:nowrap\"\u003efrr01\u003ca name\u003d\"medicationdispense-status-reason-frr01\"\u003e \u003c/a\u003e\u003c/td\u003e\u003ctd\u003eOrder Stopped\u003c/td\u003e\u003ctd\u003eThe order has been stopped by the prescriber but this fact has not necessarily captured electronically. Example: A verbal stop, a fax, etc.\u003c/td\u003e\u003c/tr\u003e\u003ctr\u003e\u003ctd style\u003d\"white-space:nowrap\"\u003efrr02\u003ca name\u003d\"medicationdispense-status-reason-frr02\"\u003e \u003c/a\u003e\u003c/td\u003e\u003ctd\u003eStale-dated Order\u003c/td\u003e\u003ctd\u003eOrder has not been fulfilled within a reasonable amount of time, and might not be current.\u003c/td\u003e\u003c/tr\u003e\u003ctr\u003e\u003ctd style\u003d\"white-space:nowrap\"\u003efrr03\u003ca name\u003d\"medicationdispense-status-reason-frr03\"\u003e \u003c/a\u003e\u003c/td\u003e\u003ctd\u003eIncomplete data\u003c/td\u003e\u003ctd\u003eData needed to safely act on the order which was expected to become available independent of the order is not yet available. Example: Lab results, diagnostic imaging, etc.\u003c/td\u003e\u003c/tr\u003e\u003ctr\u003e\u003ctd style\u003d\"white-space:nowrap\"\u003efrr04\u003ca name\u003d\"medicationdispense-status-reason-frr04\"\u003e \u003c/a\u003e\u003c/td\u003e\u003ctd\u003eProduct unavailable\u003c/td\u003e\u003ctd\u003eProduct not available or manufactured. Cannot supply.\u003c/td\u003e\u003c/tr\u003e\u003ctr\u003e\u003ctd style\u003d\"white-space:nowrap\"\u003efrr05\u003ca name\u003d\"medicationdispense-status-reason-frr05\"\u003e \u003c/a\u003e\u003c/td\u003e\u003ctd\u003eEthical/religious\u003c/td\u003e\u003ctd\u003eThe dispenser has ethical, religious or moral objections to fulfilling the order/dispensing the product.\u003c/td\u003e\u003c/tr\u003e\u003ctr\u003e\u003ctd style\u003d\"white-space:nowrap\"\u003efrr06\u003ca name\u003d\"medicationdispense-status-reason-frr06\"\u003e \u003c/a\u003e\u003c/td\u003e\u003ctd\u003eUnable to provide care\u003c/td\u003e\u003ctd\u003eFulfiller not able to provide appropriate care associated with fulfilling the order. Example: Therapy requires ongoing monitoring by fulfiller and fulfiller will be ending practice, leaving town, unable to schedule necessary time, etc.\u003c/td\u003e\u003c/tr\u003e\u003ctr\u003e\u003ctd style\u003d\"white-space:nowrap\"\u003ealtchoice\u003ca name\u003d\"medicationdispense-status-reason-altchoice\"\u003e \u003c/a\u003e\u003c/td\u003e\u003ctd\u003eTry another treatment first\u003c/td\u003e\u003ctd\u003eThis therapy has been ordered as a backup to a preferred therapy. This order will be released when and if the preferred therapy is unsuccessful.\u003c/td\u003e\u003c/tr\u003e\u003ctr\u003e\u003ctd style\u003d\"white-space:nowrap\"\u003eclarif\u003ca name\u003d\"medicationdispense-status-reason-clarif\"\u003e \u003c/a\u003e\u003c/td\u003e\u003ctd\u003ePrescription/Request requires clarification\u003c/td\u003e\u003ctd\u003eClarification is required before the order can be acted upon.\u003c/td\u003e\u003c/tr\u003e\u003ctr\u003e\u003ctd style\u003d\"white-space:nowrap\"\u003edrughigh\u003ca name\u003d\"medicationdispense-status-reason-drughigh\"\u003e \u003c/a\u003e\u003c/td\u003e\u003ctd\u003eDrug level too high\u003c/td\u003e\u003ctd\u003eThe current level of the medication in the patient\u0027s system is too high. The medication is suspended to allow the level to subside to a safer level.\u003c/td\u003e\u003c/tr\u003e\u003ctr\u003e\u003ctd style\u003d\"white-space:nowrap\"\u003ehospadm\u003ca name\u003d\"medicationdispense-status-reason-hospadm\"\u003e \u003c/a\u003e\u003c/td\u003e\u003ctd\u003eAdmission to hospital\u003c/td\u003e\u003ctd\u003eThe patient has been admitted to a care facility and their community medications are suspended until hospital discharge.\u003c/td\u003e\u003c/tr\u003e\u003ctr\u003e\u003ctd style\u003d\"white-space:nowrap\"\u003elabint\u003ca name\u003d\"medicationdispense-status-reason-labint\"\u003e \u003c/a\u003e\u003c/td\u003e\u003ctd\u003eLab interference issues\u003c/td\u003e\u003ctd\u003eThe therapy would interfere with a planned lab test and the therapy is being withdrawn until the test is completed.\u003c/td\u003e\u003c/tr\u003e\u003ctr\u003e\u003ctd style\u003d\"white-space:nowrap\"\u003enon-avail\u003ca name\u003d\"medicationdispense-status-reason-non-avail\"\u003e \u003c/a\u003e\u003c/td\u003e\u003ctd\u003ePatient not available\u003c/td\u003e\u003ctd\u003ePatient not available for a period of time due to a scheduled therapy, leave of absence or other reason.\u003c/td\u003e\u003c/tr\u003e\u003ctr\u003e\u003ctd style\u003d\"white-space:nowrap\"\u003epreg\u003ca name\u003d\"medicationdispense-status-reason-preg\"\u003e \u003c/a\u003e\u003c/td\u003e\u003ctd\u003ePatient is pregnant or breastfeeding\u003c/td\u003e\u003ctd\u003eThe patient is pregnant or breast feeding. The therapy will be resumed when the pregnancy is complete and the patient is no longer breastfeeding.\u003c/td\u003e\u003c/tr\u003e\u003ctr\u003e\u003ctd style\u003d\"white-space:nowrap\"\u003esaig\u003ca name\u003d\"medicationdispense-status-reason-saig\"\u003e \u003c/a\u003e\u003c/td\u003e\u003ctd\u003eAllergy\u003c/td\u003e\u003ctd\u003eThe patient is believed to be allergic to a substance that is part of the therapy and the therapy is being temporarily withdrawn to confirm.\u003c/td\u003e\u003c/tr\u003e\u003ctr\u003e\u003ctd style\u003d\"white-space:nowrap\"\u003esddi\u003ca name\u003d\"medicationdispense-status-reason-sddi\"\u003e \u003c/a\u003e\u003c/td\u003e\u003ctd\u003eDrug interacts with another drug\u003c/td\u003e\u003ctd\u003eThe drug interacts with a short-term treatment that is more urgently required. This order will be resumed when the short-term treatment is complete.\u003c/td\u003e\u003c/tr\u003e\u003ctr\u003e\u003ctd style\u003d\"white-space:nowrap\"\u003esdupther\u003ca name\u003d\"medicationdispense-status-reason-sdupther\"\u003e \u003c/a\u003e\u003c/td\u003e\u003ctd\u003eDuplicate therapy\u003c/td\u003e\u003ctd\u003eAnother short-term co-occurring therapy fulfills the same purpose as this therapy. This therapy will be resumed when the co-occuring therapy is complete.\u003c/td\u003e\u003c/tr\u003e\u003ctr\u003e\u003ctd style\u003d\"white-space:nowrap\"\u003esintol\u003ca name\u003d\"medicationdispense-status-reason-sintol\"\u003e \u003c/a\u003e\u003c/td\u003e\u003ctd\u003eSuspected intolerance\u003c/td\u003e\u003ctd\u003eThe patient is believed to have an intolerance to a substance that is part of the therapy and the therapy is being temporarily withdrawn to confirm.\u003c/td\u003e\u003c/tr\u003e\u003ctr\u003e\u003ctd style\u003d\"white-space:nowrap\"\u003esurg\u003ca name\u003d\"medicationdispense-status-reason-surg\"\u003e \u003c/a\u003e\u003c/td\u003e\u003ctd\u003ePatient scheduled for surgery\u003c/td\u003e\u003ctd\u003eThe drug is contraindicated for patients receiving surgery and the patient is scheduled to be admitted for surgery in the near future. The drug will be resumed when the patient has sufficiently recovered from the surgery.\u003c/td\u003e\u003c/tr\u003e\u003ctr\u003e\u003ctd style\u003d\"white-space:nowrap\"\u003ewashout\u003ca name\u003d\"medicationdispense-status-reason-washout\"\u003e \u003c/a\u003e\u003c/td\u003e\u003ctd\u003eWashout\u003c/td\u003e\u003ctd\u003eThe patient was previously receiving a medication contraindicated with the current medication. The current medication will remain on hold until the prior medication has been cleansed from their system.\u003c/td\u003e\u003c/tr\u003e\u003ctr\u003e\u003ctd style\u003d\"white-space:nowrap\"\u003eoutofstock\u003ca name\u003d\"medicationdispense-status-reason-outofstock\"\u003e \u003c/a\u003e\u003c/td\u003e\u003ctd\u003eDrug not available - out of stock\u003c/td\u003e\u003ctd\u003eDrug out of stock. Cannot supply.\u003c/td\u003e\u003c/tr\u003e\u003ctr\u003e\u003ctd style\u003d\"white-space:nowrap\"\u003eoffmarket\u003ca name\u003d\"medicationdispense-status-reason-offmarket\"\u003e \u003c/a\u003e\u003c/td\u003e\u003ctd\u003eDrug not available - off market\u003c/td\u003e\u003ctd\u003eDrug no longer marketed Cannot supply.\u003c/td\u003e\u003c/tr\u003e\u003c/table\u003e\u003c/div\u003e"
  },
  "extension": [
    {
      "url": "http://hl7.org/fhir/StructureDefinition/structuredefinition-wg",
      "valueCode": "phx"
    },
    {
      "url": "http://hl7.org/fhir/StructureDefinition/structuredefinition-standards-status",
      "valueCode": "draft"
    },
    {
      "url": "http://hl7.org/fhir/StructureDefinition/structuredefinition-fmm",
      "valueInteger": 1
    }
  ],
  "url": "http://terminology.hl7.org/fhir/CodeSystem/medicationdispense-status-reason",
  "identifier": [
    {
      "system": "urn:ietf:rfc:3986",
      "value": "urn:oid:2.16.840.1.113883.4.642.1.1317"
    }
  ],
  "version": "4.0.0",
  "name": "MedicationDispense Status Reason Codes",
  "title": "Medication dispense  status  reason  codes",
  "status": "draft",
  "experimental": false,
  "publisher": "FHIR Project team",
  "contact": [
    {
      "telecom": [
        {
          "system": "url",
          "value": "http://hl7.org/fhir"
        }
      ]
    }
  ],
  "description": "MedicationDispense Status Codes",
  "caseSensitive": true,
  "valueSet": "http://hl7.org/fhir/ValueSet/medicationdispense-status-reason",
  "content": "complete",
  "concept": [
    {
      "code": "frr01",
      "display": "Order Stopped",
      "definition": "The order has been stopped by the prescriber but this fact has not necessarily captured electronically. Example: A verbal stop, a fax, etc."
    },
    {
      "code": "frr02",
      "display": "Stale-dated Order",
      "definition": "Order has not been fulfilled within a reasonable amount of time, and might not be current."
    },
    {
      "code": "frr03",
      "display": "Incomplete data",
      "definition": "Data needed to safely act on the order which was expected to become available independent of the order is not yet available. Example: Lab results, diagnostic imaging, etc."
    },
    {
      "code": "frr04",
      "display": "Product unavailable",
      "definition": "Product not available or manufactured. Cannot supply."
    },
    {
      "code": "frr05",
      "display": "Ethical/religious",
      "definition": "The dispenser has ethical, religious or moral objections to fulfilling the order/dispensing the product."
    },
    {
      "code": "frr06",
      "display": "Unable to provide care",
      "definition": "Fulfiller not able to provide appropriate care associated with fulfilling the order. Example: Therapy requires ongoing monitoring by fulfiller and fulfiller will be ending practice, leaving town, unable to schedule necessary time, etc."
    },
    {
      "code": "altchoice",
      "display": "Try another treatment first",
      "definition": "This therapy has been ordered as a backup to a preferred therapy. This order will be released when and if the preferred therapy is unsuccessful."
    },
    {
      "code": "clarif",
      "display": "Prescription/Request requires clarification",
      "definition": "Clarification is required before the order can be acted upon."
    },
    {
      "code": "drughigh",
      "display": "Drug level too high",
      "definition": "The current level of the medication in the patient\u0027s system is too high. The medication is suspended to allow the level to subside to a safer level."
    },
    {
      "code": "hospadm",
      "display": "Admission to hospital",
      "definition": "The patient has been admitted to a care facility and their community medications are suspended until hospital discharge."
    },
    {
      "code": "labint",
      "display": "Lab interference issues",
      "definition": "The therapy would interfere with a planned lab test and the therapy is being withdrawn until the test is completed."
    },
    {
      "code": "non-avail",
      "display": "Patient not available",
      "definition": "Patient not available for a period of time due to a scheduled therapy, leave of absence or other reason."
    },
    {
      "code": "preg",
      "display": "Patient is pregnant or breastfeeding",
      "definition": "The patient is pregnant or breast feeding. The therapy will be resumed when the pregnancy is complete and the patient is no longer breastfeeding."
    },
    {
      "code": "saig",
      "display": "Allergy",
      "definition": "The patient is believed to be allergic to a substance that is part of the therapy and the therapy is being temporarily withdrawn to confirm."
    },
    {
      "code": "sddi",
      "display": "Drug interacts with another drug",
      "definition": "The drug interacts with a short-term treatment that is more urgently required. This order will be resumed when the short-term treatment is complete."
    },
    {
      "code": "sdupther",
      "display": "Duplicate therapy",
      "definition": "Another short-term co-occurring therapy fulfills the same purpose as this therapy. This therapy will be resumed when the co-occuring therapy is complete."
    },
    {
      "code": "sintol",
      "display": "Suspected intolerance",
      "definition": "The patient is believed to have an intolerance to a substance that is part of the therapy and the therapy is being temporarily withdrawn to confirm."
    },
    {
      "code": "surg",
      "display": "Patient scheduled for surgery",
      "definition": "The drug is contraindicated for patients receiving surgery and the patient is scheduled to be admitted for surgery in the near future. The drug will be resumed when the patient has sufficiently recovered from the surgery."
    },
    {
      "code": "washout",
      "display": "Washout",
      "definition": "The patient was previously receiving a medication contraindicated with the current medication. The current medication will remain on hold until the prior medication has been cleansed from their system."
    },
    {
      "code": "outofstock",
      "display": "Drug not available - out of stock",
      "definition": "Drug out of stock. Cannot supply."
    },
    {
      "code": "offmarket",
      "display": "Drug not available - off market",
      "definition": "Drug no longer marketed Cannot supply."
    }
  ]
}