{
  "resourceType": "CodeSystem",
  "id": "document-relationship-type",
  "meta": {
    "lastUpdated": "2018-12-27T22:37:54.724+11:00"
  },
  "text": {
    "status": "generated",
    "div": "\u003cdiv xmlns\u003d\"http://www.w3.org/1999/xhtml\"\u003e\u003ch2\u003eDocumentRelationshipType\u003c/h2\u003e\u003cdiv\u003e\u003cp\u003eThe type of relationship between documents.\u003c/p\u003e\n\u003c/div\u003e\u003cp\u003eThis code system http://hl7.org/fhir/document-relationship-type defines the following codes:\u003c/p\u003e\u003ctable class\u003d\"codes\"\u003e\u003ctr\u003e\u003ctd style\u003d\"white-space:nowrap\"\u003e\u003cb\u003eCode\u003c/b\u003e\u003c/td\u003e\u003ctd\u003e\u003cb\u003eDisplay\u003c/b\u003e\u003c/td\u003e\u003ctd\u003e\u003cb\u003eDefinition\u003c/b\u003e\u003c/td\u003e\u003c/tr\u003e\u003ctr\u003e\u003ctd style\u003d\"white-space:nowrap\"\u003ereplaces\u003ca name\u003d\"document-relationship-type-replaces\"\u003e \u003c/a\u003e\u003c/td\u003e\u003ctd\u003eReplaces\u003c/td\u003e\u003ctd\u003eThis document logically replaces or supersedes the target document.\u003c/td\u003e\u003c/tr\u003e\u003ctr\u003e\u003ctd style\u003d\"white-space:nowrap\"\u003etransforms\u003ca name\u003d\"document-relationship-type-transforms\"\u003e \u003c/a\u003e\u003c/td\u003e\u003ctd\u003eTransforms\u003c/td\u003e\u003ctd\u003eThis document was generated by transforming the target document (e.g. format or language conversion).\u003c/td\u003e\u003c/tr\u003e\u003ctr\u003e\u003ctd style\u003d\"white-space:nowrap\"\u003esigns\u003ca name\u003d\"document-relationship-type-signs\"\u003e \u003c/a\u003e\u003c/td\u003e\u003ctd\u003eSigns\u003c/td\u003e\u003ctd\u003eThis document is a signature of the target document.\u003c/td\u003e\u003c/tr\u003e\u003ctr\u003e\u003ctd style\u003d\"white-space:nowrap\"\u003eappends\u003ca name\u003d\"document-relationship-type-appends\"\u003e \u003c/a\u003e\u003c/td\u003e\u003ctd\u003eAppends\u003c/td\u003e\u003ctd\u003eThis document adds additional information to the target document.\u003c/td\u003e\u003c/tr\u003e\u003c/table\u003e\u003c/div\u003e"
  },
  "extension": [
    {
      "url": "http://hl7.org/fhir/StructureDefinition/structuredefinition-wg",
      "valueCode": "sd"
    },
    {
      "url": "http://hl7.org/fhir/StructureDefinition/structuredefinition-standards-status",
      "valueCode": "trial-use"
    },
    {
      "url": "http://hl7.org/fhir/StructureDefinition/structuredefinition-fmm",
      "valueInteger": 3
    }
  ],
  "url": "http://hl7.org/fhir/document-relationship-type",
  "identifier": [
    {
      "system": "urn:ietf:rfc:3986",
      "value": "urn:oid:2.16.840.1.113883.4.642.1.245"
    }
  ],
  "version": "4.0.0",
  "name": "DocumentRelationshipType",
  "title": "DocumentRelationshipType",
  "status": "draft",
  "experimental": false,
  "date": "2018-12-27T22:37:54+11:00",
  "publisher": "HL7 (FHIR Project)",
  "contact": [
    {
      "telecom": [
        {
          "system": "url",
          "value": "http://hl7.org/fhir"
        },
        {
          "system": "email",
          "value": "fhir@lists.hl7.org"
        }
      ]
    }
  ],
  "description": "The type of relationship between documents.",
  "caseSensitive": true,
  "valueSet": "http://hl7.org/fhir/ValueSet/document-relationship-type",
  "content": "complete",
  "concept": [
    {
      "code": "replaces",
      "display": "Replaces",
      "definition": "This document logically replaces or supersedes the target document."
    },
    {
      "code": "transforms",
      "display": "Transforms",
      "definition": "This document was generated by transforming the target document (e.g. format or language conversion)."
    },
    {
      "code": "signs",
      "display": "Signs",
      "definition": "This document is a signature of the target document."
    },
    {
      "code": "appends",
      "display": "Appends",
      "definition": "This document adds additional information to the target document."
    }
  ]
}