{
  "resourceType": "CodeSystem",
  "id": "assert-direction-codes",
  "meta": {
    "lastUpdated": "2018-12-27T22:37:54.724+11:00"
  },
  "text": {
    "status": "generated",
    "div": "\u003cdiv xmlns\u003d\"http://www.w3.org/1999/xhtml\"\u003e\u003ch2\u003eAssertionDirectionType\u003c/h2\u003e\u003cdiv\u003e\u003cp\u003eThe type of direction to use for assertion.\u003c/p\u003e\n\u003c/div\u003e\u003cp\u003eThis code system http://hl7.org/fhir/assert-direction-codes defines the following codes:\u003c/p\u003e\u003ctable class\u003d\"codes\"\u003e\u003ctr\u003e\u003ctd style\u003d\"white-space:nowrap\"\u003e\u003cb\u003eCode\u003c/b\u003e\u003c/td\u003e\u003ctd\u003e\u003cb\u003eDisplay\u003c/b\u003e\u003c/td\u003e\u003ctd\u003e\u003cb\u003eDefinition\u003c/b\u003e\u003c/td\u003e\u003c/tr\u003e\u003ctr\u003e\u003ctd style\u003d\"white-space:nowrap\"\u003eresponse\u003ca name\u003d\"assert-direction-codes-response\"\u003e \u003c/a\u003e\u003c/td\u003e\u003ctd\u003eresponse\u003c/td\u003e\u003ctd\u003eThe assertion is evaluated on the response. This is the default value.\u003c/td\u003e\u003c/tr\u003e\u003ctr\u003e\u003ctd style\u003d\"white-space:nowrap\"\u003erequest\u003ca name\u003d\"assert-direction-codes-request\"\u003e \u003c/a\u003e\u003c/td\u003e\u003ctd\u003erequest\u003c/td\u003e\u003ctd\u003eThe assertion is evaluated on the request.\u003c/td\u003e\u003c/tr\u003e\u003c/table\u003e\u003c/div\u003e"
  },
  "extension": [
    {
      "url": "http://hl7.org/fhir/StructureDefinition/structuredefinition-wg",
      "valueCode": "fhir"
    },
    {
      "url": "http://hl7.org/fhir/StructureDefinition/structuredefinition-standards-status",
      "valueCode": "trial-use"
    },
    {
      "url": "http://hl7.org/fhir/StructureDefinition/structuredefinition-fmm",
      "valueInteger": 2
    }
  ],
  "url": "http://hl7.org/fhir/assert-direction-codes",
  "identifier": [
    {
      "system": "urn:ietf:rfc:3986",
      "value": "urn:oid:2.16.840.1.113883.4.642.1.707"
    }
  ],
  "version": "4.0.0",
  "name": "AssertionDirectionType",
  "title": "AssertionDirectionType",
  "status": "draft",
  "experimental": false,
  "date": "2018-12-27T22:37:54+11:00",
  "publisher": "HL7 (FHIR Project)",
  "contact": [
    {
      "telecom": [
        {
          "system": "url",
          "value": "http://hl7.org/fhir"
        },
        {
          "system": "email",
          "value": "fhir@lists.hl7.org"
        }
      ]
    }
  ],
  "description": "The type of direction to use for assertion.",
  "caseSensitive": true,
  "valueSet": "http://hl7.org/fhir/ValueSet/assert-direction-codes",
  "content": "complete",
  "concept": [
    {
      "code": "response",
      "display": "response",
      "definition": "The assertion is evaluated on the response. This is the default value."
    },
    {
      "code": "request",
      "display": "request",
      "definition": "The assertion is evaluated on the request."
    }
  ]
}