{
  "resourceType": "CodeSystem",
  "id": "action-precheck-behavior",
  "meta": {
    "lastUpdated": "2018-12-27T22:37:54.724+11:00"
  },
  "text": {
    "status": "generated",
    "div": "\u003cdiv xmlns\u003d\"http://www.w3.org/1999/xhtml\"\u003e\u003ch2\u003eActionPrecheckBehavior\u003c/h2\u003e\u003cdiv\u003e\u003cp\u003eDefines selection frequency behavior for an action or group.\u003c/p\u003e\n\u003c/div\u003e\u003cp\u003eThis code system http://hl7.org/fhir/action-precheck-behavior defines the following codes:\u003c/p\u003e\u003ctable class\u003d\"codes\"\u003e\u003ctr\u003e\u003ctd style\u003d\"white-space:nowrap\"\u003e\u003cb\u003eCode\u003c/b\u003e\u003c/td\u003e\u003ctd\u003e\u003cb\u003eDisplay\u003c/b\u003e\u003c/td\u003e\u003ctd\u003e\u003cb\u003eDefinition\u003c/b\u003e\u003c/td\u003e\u003c/tr\u003e\u003ctr\u003e\u003ctd style\u003d\"white-space:nowrap\"\u003eyes\u003ca name\u003d\"action-precheck-behavior-yes\"\u003e \u003c/a\u003e\u003c/td\u003e\u003ctd\u003eYes\u003c/td\u003e\u003ctd\u003eAn action with this behavior is one of the most frequent action that is, or should be, included by an end user, for the particular context in which the action occurs. The system displaying the action to the end user should consider \u0026quot;pre-checking\u0026quot; such an action as a convenience for the user.\u003c/td\u003e\u003c/tr\u003e\u003ctr\u003e\u003ctd style\u003d\"white-space:nowrap\"\u003eno\u003ca name\u003d\"action-precheck-behavior-no\"\u003e \u003c/a\u003e\u003c/td\u003e\u003ctd\u003eNo\u003c/td\u003e\u003ctd\u003eAn action with this behavior is one of the less frequent actions included by the end user, for the particular context in which the action occurs. The system displaying the actions to the end user would typically not \u0026quot;pre-check\u0026quot; such an action.\u003c/td\u003e\u003c/tr\u003e\u003c/table\u003e\u003c/div\u003e"
  },
  "extension": [
    {
      "url": "http://hl7.org/fhir/StructureDefinition/structuredefinition-wg",
      "valueCode": "cds"
    },
    {
      "url": "http://hl7.org/fhir/StructureDefinition/structuredefinition-standards-status",
      "valueCode": "trial-use"
    },
    {
      "url": "http://hl7.org/fhir/StructureDefinition/structuredefinition-fmm",
      "valueInteger": 2
    }
  ],
  "url": "http://hl7.org/fhir/action-precheck-behavior",
  "identifier": [
    {
      "system": "urn:ietf:rfc:3986",
      "value": "urn:oid:2.16.840.1.113883.4.642.1.806"
    }
  ],
  "version": "4.0.0",
  "name": "ActionPrecheckBehavior",
  "title": "ActionPrecheckBehavior",
  "status": "draft",
  "experimental": false,
  "date": "2018-12-27T22:37:54+11:00",
  "publisher": "HL7 (FHIR Project)",
  "contact": [
    {
      "telecom": [
        {
          "system": "url",
          "value": "http://hl7.org/fhir"
        },
        {
          "system": "email",
          "value": "fhir@lists.hl7.org"
        }
      ]
    }
  ],
  "description": "Defines selection frequency behavior for an action or group.",
  "caseSensitive": true,
  "valueSet": "http://hl7.org/fhir/ValueSet/action-precheck-behavior",
  "content": "complete",
  "concept": [
    {
      "code": "yes",
      "display": "Yes",
      "definition": "An action with this behavior is one of the most frequent action that is, or should be, included by an end user, for the particular context in which the action occurs. The system displaying the action to the end user should consider \"pre-checking\" such an action as a convenience for the user."
    },
    {
      "code": "no",
      "display": "No",
      "definition": "An action with this behavior is one of the less frequent actions included by the end user, for the particular context in which the action occurs. The system displaying the actions to the end user would typically not \"pre-check\" such an action."
    }
  ]
}