{
  "resourceType": "CodeSystem",
  "id": "measure-report-type",
  "meta": {
    "lastUpdated": "2018-12-27T22:37:54.724+11:00"
  },
  "text": {
    "status": "generated",
    "div": "\u003cdiv xmlns\u003d\"http://www.w3.org/1999/xhtml\"\u003e\u003ch2\u003eMeasureReportType\u003c/h2\u003e\u003cdiv\u003e\u003cp\u003eThe type of the measure report.\u003c/p\u003e\n\u003c/div\u003e\u003cp\u003eThis code system http://hl7.org/fhir/measure-report-type defines the following codes:\u003c/p\u003e\u003ctable class\u003d\"codes\"\u003e\u003ctr\u003e\u003ctd style\u003d\"white-space:nowrap\"\u003e\u003cb\u003eCode\u003c/b\u003e\u003c/td\u003e\u003ctd\u003e\u003cb\u003eDisplay\u003c/b\u003e\u003c/td\u003e\u003ctd\u003e\u003cb\u003eDefinition\u003c/b\u003e\u003c/td\u003e\u003c/tr\u003e\u003ctr\u003e\u003ctd style\u003d\"white-space:nowrap\"\u003eindividual\u003ca name\u003d\"measure-report-type-individual\"\u003e \u003c/a\u003e\u003c/td\u003e\u003ctd\u003eIndividual\u003c/td\u003e\u003ctd\u003eAn individual report that provides information on the performance for a given measure with respect to a single subject.\u003c/td\u003e\u003c/tr\u003e\u003ctr\u003e\u003ctd style\u003d\"white-space:nowrap\"\u003esubject-list\u003ca name\u003d\"measure-report-type-subject-list\"\u003e \u003c/a\u003e\u003c/td\u003e\u003ctd\u003eSubject List\u003c/td\u003e\u003ctd\u003eA subject list report that includes a listing of subjects that satisfied each population criteria in the measure.\u003c/td\u003e\u003c/tr\u003e\u003ctr\u003e\u003ctd style\u003d\"white-space:nowrap\"\u003esummary\u003ca name\u003d\"measure-report-type-summary\"\u003e \u003c/a\u003e\u003c/td\u003e\u003ctd\u003eSummary\u003c/td\u003e\u003ctd\u003eA summary report that returns the number of members in each population criteria for the measure.\u003c/td\u003e\u003c/tr\u003e\u003ctr\u003e\u003ctd style\u003d\"white-space:nowrap\"\u003edata-collection\u003ca name\u003d\"measure-report-type-data-collection\"\u003e \u003c/a\u003e\u003c/td\u003e\u003ctd\u003eData Collection\u003c/td\u003e\u003ctd\u003eA data collection report that contains data-of-interest for the measure.\u003c/td\u003e\u003c/tr\u003e\u003c/table\u003e\u003c/div\u003e"
  },
  "extension": [
    {
      "url": "http://hl7.org/fhir/StructureDefinition/structuredefinition-wg",
      "valueCode": "cqi"
    },
    {
      "url": "http://hl7.org/fhir/StructureDefinition/structuredefinition-standards-status",
      "valueCode": "trial-use"
    },
    {
      "url": "http://hl7.org/fhir/StructureDefinition/structuredefinition-fmm",
      "valueInteger": 2
    }
  ],
  "url": "http://hl7.org/fhir/measure-report-type",
  "identifier": [
    {
      "system": "urn:ietf:rfc:3986",
      "value": "urn:oid:2.16.840.1.113883.4.642.1.779"
    }
  ],
  "version": "4.0.0",
  "name": "MeasureReportType",
  "title": "MeasureReportType",
  "status": "draft",
  "experimental": false,
  "date": "2018-12-27T22:37:54+11:00",
  "publisher": "HL7 (FHIR Project)",
  "contact": [
    {
      "telecom": [
        {
          "system": "url",
          "value": "http://hl7.org/fhir"
        },
        {
          "system": "email",
          "value": "fhir@lists.hl7.org"
        }
      ]
    }
  ],
  "description": "The type of the measure report.",
  "caseSensitive": true,
  "valueSet": "http://hl7.org/fhir/ValueSet/measure-report-type",
  "content": "complete",
  "concept": [
    {
      "code": "individual",
      "display": "Individual",
      "definition": "An individual report that provides information on the performance for a given measure with respect to a single subject."
    },
    {
      "code": "subject-list",
      "display": "Subject List",
      "definition": "A subject list report that includes a listing of subjects that satisfied each population criteria in the measure."
    },
    {
      "code": "summary",
      "display": "Summary",
      "definition": "A summary report that returns the number of members in each population criteria for the measure."
    },
    {
      "code": "data-collection",
      "display": "Data Collection",
      "definition": "A data collection report that contains data-of-interest for the measure."
    }
  ]
}