{
  "resourceType": "CodeSystem",
  "id": "additionalmaterials",
  "meta": {
    "lastUpdated": "2018-12-27T22:37:54.724+11:00",
    "profile": [
      "http://hl7.org/fhir/StructureDefinition/shareablecodesystem"
    ]
  },
  "text": {
    "status": "generated",
    "div": "\u003cdiv xmlns\u003d\"http://www.w3.org/1999/xhtml\"\u003e\u003ch2\u003eAdditional Material Codes\u003c/h2\u003e\u003cdiv\u003e\u003cp\u003eThis value set includes sample additional material type codes.\u003c/p\u003e\n\u003c/div\u003e\u003cp\u003e\u003cb\u003eCopyright Statement:\u003c/b\u003e This is an example set.\u003c/p\u003e\u003cp\u003eThis code system http://hl7.org/fhir/additionalmaterials defines the following codes:\u003c/p\u003e\u003ctable class\u003d\"codes\"\u003e\u003ctr\u003e\u003ctd style\u003d\"white-space:nowrap\"\u003e\u003cb\u003eCode\u003c/b\u003e\u003c/td\u003e\u003ctd\u003e\u003cb\u003eDisplay\u003c/b\u003e\u003c/td\u003e\u003ctd\u003e\u003cb\u003eDefinition\u003c/b\u003e\u003c/td\u003e\u003c/tr\u003e\u003ctr\u003e\u003ctd style\u003d\"white-space:nowrap\"\u003exray\u003ca name\u003d\"additionalmaterials-xray\"\u003e \u003c/a\u003e\u003c/td\u003e\u003ctd\u003eXRay\u003c/td\u003e\u003ctd\u003eXRay\u003c/td\u003e\u003c/tr\u003e\u003ctr\u003e\u003ctd style\u003d\"white-space:nowrap\"\u003eimage\u003ca name\u003d\"additionalmaterials-image\"\u003e \u003c/a\u003e\u003c/td\u003e\u003ctd\u003eImage\u003c/td\u003e\u003ctd\u003eImage\u003c/td\u003e\u003c/tr\u003e\u003ctr\u003e\u003ctd style\u003d\"white-space:nowrap\"\u003eemail\u003ca name\u003d\"additionalmaterials-email\"\u003e \u003c/a\u003e\u003c/td\u003e\u003ctd\u003eEmail\u003c/td\u003e\u003ctd\u003eEmail\u003c/td\u003e\u003c/tr\u003e\u003ctr\u003e\u003ctd style\u003d\"white-space:nowrap\"\u003emodel\u003ca name\u003d\"additionalmaterials-model\"\u003e \u003c/a\u003e\u003c/td\u003e\u003ctd\u003eModel\u003c/td\u003e\u003ctd\u003eModel\u003c/td\u003e\u003c/tr\u003e\u003ctr\u003e\u003ctd style\u003d\"white-space:nowrap\"\u003edocument\u003ca name\u003d\"additionalmaterials-document\"\u003e \u003c/a\u003e\u003c/td\u003e\u003ctd\u003eDocument\u003c/td\u003e\u003ctd\u003eDocument\u003c/td\u003e\u003c/tr\u003e\u003ctr\u003e\u003ctd style\u003d\"white-space:nowrap\"\u003eother\u003ca name\u003d\"additionalmaterials-other\"\u003e \u003c/a\u003e\u003c/td\u003e\u003ctd\u003eOther\u003c/td\u003e\u003ctd\u003eOther\u003c/td\u003e\u003c/tr\u003e\u003c/table\u003e\u003c/div\u003e"
  },
  "url": "http://hl7.org/fhir/additionalmaterials",
  "identifier": [
    {
      "system": "urn:ietf:rfc:3986",
      "value": "urn:oid:2.16.840.1.113883.4.642.1.530"
    }
  ],
  "version": "4.0.0",
  "name": "AdditionalMaterialCodes",
  "title": "Additional Material Codes",
  "status": "draft",
  "experimental": false,
  "publisher": "Financial Management",
  "contact": [
    {
      "telecom": [
        {
          "system": "url",
          "value": "http://hl7.org/fhir"
        }
      ]
    }
  ],
  "description": "This value set includes sample additional material type codes.",
  "copyright": "This is an example set.",
  "caseSensitive": true,
  "valueSet": "http://hl7.org/fhir/ValueSet/additionalmaterials",
  "content": "complete",
  "concept": [
    {
      "code": "xray",
      "display": "XRay",
      "definition": "XRay"
    },
    {
      "code": "image",
      "display": "Image",
      "definition": "Image"
    },
    {
      "code": "email",
      "display": "Email",
      "definition": "Email"
    },
    {
      "code": "model",
      "display": "Model",
      "definition": "Model"
    },
    {
      "code": "document",
      "display": "Document",
      "definition": "Document"
    },
    {
      "code": "other",
      "display": "Other",
      "definition": "Other"
    }
  ]
}