{
  "resourceType": "CodeSystem",
  "id": "media-modality",
  "meta": {
    "lastUpdated": "2018-12-27T22:37:54.724+11:00",
    "profile": [
      "http://hl7.org/fhir/StructureDefinition/shareablecodesystem"
    ]
  },
  "text": {
    "status": "generated",
    "div": "\u003cdiv xmlns\u003d\"http://www.w3.org/1999/xhtml\"\u003e\u003ch2\u003eMedia Modality\u003c/h2\u003e\u003cdiv\u003e\u003cp\u003eDetailed information about the type of the image - its kind, purpose, or the kind of equipment used to generate it.\u003c/p\u003e\n\u003c/div\u003e\u003cp\u003e\u003cb\u003eCopyright Statement:\u003c/b\u003e This resource includes content from the Digital Imaging and Communications in Medicine (DICOM) Standard, Copyright 2011 by the National Electrical Manufacturers Association\u003c/p\u003e\u003cp\u003eThis code system http://terminology.hl7.org/CodeSystem/media-modality defines the following codes:\u003c/p\u003e\u003ctable class\u003d\"codes\"\u003e\u003ctr\u003e\u003ctd style\u003d\"white-space:nowrap\"\u003e\u003cb\u003eCode\u003c/b\u003e\u003c/td\u003e\u003ctd\u003e\u003cb\u003eDisplay\u003c/b\u003e\u003c/td\u003e\u003ctd\u003e\u003cb\u003eDefinition\u003c/b\u003e\u003c/td\u003e\u003c/tr\u003e\u003ctr\u003e\u003ctd style\u003d\"white-space:nowrap\"\u003ediagram\u003ca name\u003d\"media-modality-diagram\"\u003e \u003c/a\u003e\u003c/td\u003e\u003ctd\u003eDiagram\u003c/td\u003e\u003ctd\u003eA diagram. Often used in diagnostic reports\u003c/td\u003e\u003c/tr\u003e\u003ctr\u003e\u003ctd style\u003d\"white-space:nowrap\"\u003efax\u003ca name\u003d\"media-modality-fax\"\u003e \u003c/a\u003e\u003c/td\u003e\u003ctd\u003eFax\u003c/td\u003e\u003ctd\u003eA digital record of a fax document\u003c/td\u003e\u003c/tr\u003e\u003ctr\u003e\u003ctd style\u003d\"white-space:nowrap\"\u003escan\u003ca name\u003d\"media-modality-scan\"\u003e \u003c/a\u003e\u003c/td\u003e\u003ctd\u003eScanned Document\u003c/td\u003e\u003ctd\u003eA digital scan of a document. This is reserved for when there is not enough metadata to create a document reference\u003c/td\u003e\u003c/tr\u003e\u003ctr\u003e\u003ctd style\u003d\"white-space:nowrap\"\u003eretina\u003ca name\u003d\"media-modality-retina\"\u003e \u003c/a\u003e\u003c/td\u003e\u003ctd\u003eRetina Scan\u003c/td\u003e\u003ctd\u003eA retinal image used for identification purposes\u003c/td\u003e\u003c/tr\u003e\u003ctr\u003e\u003ctd style\u003d\"white-space:nowrap\"\u003efingerprint\u003ca name\u003d\"media-modality-fingerprint\"\u003e \u003c/a\u003e\u003c/td\u003e\u003ctd\u003eFingerprint\u003c/td\u003e\u003ctd\u003eA finger print scan used for identification purposes\u003c/td\u003e\u003c/tr\u003e\u003ctr\u003e\u003ctd style\u003d\"white-space:nowrap\"\u003eiris\u003ca name\u003d\"media-modality-iris\"\u003e \u003c/a\u003e\u003c/td\u003e\u003ctd\u003eIris Scan\u003c/td\u003e\u003ctd\u003eAn iris scan used for identification purposes\u003c/td\u003e\u003c/tr\u003e\u003ctr\u003e\u003ctd style\u003d\"white-space:nowrap\"\u003epalm\u003ca name\u003d\"media-modality-palm\"\u003e \u003c/a\u003e\u003c/td\u003e\u003ctd\u003ePalm Scan\u003c/td\u003e\u003ctd\u003eA palm scan used for identification purposes\u003c/td\u003e\u003c/tr\u003e\u003ctr\u003e\u003ctd style\u003d\"white-space:nowrap\"\u003eface\u003ca name\u003d\"media-modality-face\"\u003e \u003c/a\u003e\u003c/td\u003e\u003ctd\u003eFace Scan\u003c/td\u003e\u003ctd\u003eA face scan used for identification purposes\u003c/td\u003e\u003c/tr\u003e\u003c/table\u003e\u003c/div\u003e"
  },
  "extension": [
    {
      "url": "http://hl7.org/fhir/StructureDefinition/structuredefinition-wg",
      "valueCode": "oo"
    },
    {
      "url": "http://hl7.org/fhir/StructureDefinition/structuredefinition-standards-status",
      "valueCode": "draft"
    },
    {
      "url": "http://hl7.org/fhir/StructureDefinition/structuredefinition-fmm",
      "valueInteger": 1
    }
  ],
  "url": "http://terminology.hl7.org/CodeSystem/media-modality",
  "identifier": [
    {
      "system": "urn:ietf:rfc:3986",
      "value": "urn:oid:2.16.840.1.113883.4.642.1.1109"
    }
  ],
  "version": "4.0.0",
  "name": "MediaModality",
  "title": "Media Modality",
  "status": "draft",
  "experimental": false,
  "publisher": "FHIR Project team",
  "contact": [
    {
      "telecom": [
        {
          "system": "url",
          "value": "http://hl7.org/fhir"
        }
      ]
    }
  ],
  "description": "Detailed information about the type of the image - its kind, purpose, or the kind of equipment used to generate it.",
  "copyright": "This resource includes content from the Digital Imaging and Communications in Medicine (DICOM) Standard, Copyright 2011 by the National Electrical Manufacturers Association",
  "caseSensitive": true,
  "content": "complete",
  "concept": [
    {
      "code": "diagram",
      "display": "Diagram",
      "definition": "A diagram. Often used in diagnostic reports"
    },
    {
      "code": "fax",
      "display": "Fax",
      "definition": "A digital record of a fax document"
    },
    {
      "code": "scan",
      "display": "Scanned Document",
      "definition": "A digital scan of a document. This is reserved for when there is not enough metadata to create a document reference"
    },
    {
      "code": "retina",
      "display": "Retina Scan",
      "definition": "A retinal image used for identification purposes"
    },
    {
      "code": "fingerprint",
      "display": "Fingerprint",
      "definition": "A finger print scan used for identification purposes"
    },
    {
      "code": "iris",
      "display": "Iris Scan",
      "definition": "An iris scan used for identification purposes"
    },
    {
      "code": "palm",
      "display": "Palm Scan",
      "definition": "A palm scan used for identification purposes"
    },
    {
      "code": "face",
      "display": "Face Scan",
      "definition": "A face scan used for identification purposes"
    }
  ]
}