{
  "resourceType": "CodeSystem",
  "id": "map-target-list-mode",
  "meta": {
    "lastUpdated": "2018-12-27T22:37:54.724+11:00"
  },
  "text": {
    "status": "generated",
    "div": "\u003cdiv xmlns\u003d\"http://www.w3.org/1999/xhtml\"\u003e\u003ch2\u003eStructureMapTargetListMode\u003c/h2\u003e\u003cdiv\u003e\u003cp\u003eIf field is a list, how to manage the production.\u003c/p\u003e\n\u003c/div\u003e\u003cp\u003eThis code system http://hl7.org/fhir/map-target-list-mode defines the following codes:\u003c/p\u003e\u003ctable class\u003d\"codes\"\u003e\u003ctr\u003e\u003ctd style\u003d\"white-space:nowrap\"\u003e\u003cb\u003eCode\u003c/b\u003e\u003c/td\u003e\u003ctd\u003e\u003cb\u003eDisplay\u003c/b\u003e\u003c/td\u003e\u003ctd\u003e\u003cb\u003eDefinition\u003c/b\u003e\u003c/td\u003e\u003c/tr\u003e\u003ctr\u003e\u003ctd style\u003d\"white-space:nowrap\"\u003efirst\u003ca name\u003d\"map-target-list-mode-first\"\u003e \u003c/a\u003e\u003c/td\u003e\u003ctd\u003eFirst\u003c/td\u003e\u003ctd\u003ewhen the target list is being assembled, the items for this rule go first. If more than one rule defines a first item (for a given instance of mapping) then this is an error.\u003c/td\u003e\u003c/tr\u003e\u003ctr\u003e\u003ctd style\u003d\"white-space:nowrap\"\u003eshare\u003ca name\u003d\"map-target-list-mode-share\"\u003e \u003c/a\u003e\u003c/td\u003e\u003ctd\u003eShare\u003c/td\u003e\u003ctd\u003ethe target instance is shared with the target instances generated by another rule (up to the first common n items, then create new ones).\u003c/td\u003e\u003c/tr\u003e\u003ctr\u003e\u003ctd style\u003d\"white-space:nowrap\"\u003elast\u003ca name\u003d\"map-target-list-mode-last\"\u003e \u003c/a\u003e\u003c/td\u003e\u003ctd\u003eLast\u003c/td\u003e\u003ctd\u003ewhen the target list is being assembled, the items for this rule go last. If more than one rule defines a last item (for a given instance of mapping) then this is an error.\u003c/td\u003e\u003c/tr\u003e\u003ctr\u003e\u003ctd style\u003d\"white-space:nowrap\"\u003ecollate\u003ca name\u003d\"map-target-list-mode-collate\"\u003e \u003c/a\u003e\u003c/td\u003e\u003ctd\u003eCollate\u003c/td\u003e\u003ctd\u003ere-use the first item in the list, and keep adding content to it.\u003c/td\u003e\u003c/tr\u003e\u003c/table\u003e\u003c/div\u003e"
  },
  "extension": [
    {
      "url": "http://hl7.org/fhir/StructureDefinition/structuredefinition-wg",
      "valueCode": "fhir"
    },
    {
      "url": "http://hl7.org/fhir/StructureDefinition/structuredefinition-standards-status",
      "valueCode": "trial-use"
    },
    {
      "url": "http://hl7.org/fhir/StructureDefinition/structuredefinition-fmm",
      "valueInteger": 2
    }
  ],
  "url": "http://hl7.org/fhir/map-target-list-mode",
  "identifier": [
    {
      "system": "urn:ietf:rfc:3986",
      "value": "urn:oid:2.16.840.1.113883.4.642.1.686"
    }
  ],
  "version": "4.0.0",
  "name": "StructureMapTargetListMode",
  "title": "StructureMapTargetListMode",
  "status": "draft",
  "experimental": false,
  "date": "2018-12-27T22:37:54+11:00",
  "publisher": "HL7 (FHIR Project)",
  "contact": [
    {
      "telecom": [
        {
          "system": "url",
          "value": "http://hl7.org/fhir"
        },
        {
          "system": "email",
          "value": "fhir@lists.hl7.org"
        }
      ]
    }
  ],
  "description": "If field is a list, how to manage the production.",
  "caseSensitive": true,
  "valueSet": "http://hl7.org/fhir/ValueSet/map-target-list-mode",
  "content": "complete",
  "concept": [
    {
      "code": "first",
      "display": "First",
      "definition": "when the target list is being assembled, the items for this rule go first. If more than one rule defines a first item (for a given instance of mapping) then this is an error."
    },
    {
      "code": "share",
      "display": "Share",
      "definition": "the target instance is shared with the target instances generated by another rule (up to the first common n items, then create new ones)."
    },
    {
      "code": "last",
      "display": "Last",
      "definition": "when the target list is being assembled, the items for this rule go last. If more than one rule defines a last item (for a given instance of mapping) then this is an error."
    },
    {
      "code": "collate",
      "display": "Collate",
      "definition": "re-use the first item in the list, and keep adding content to it."
    }
  ]
}