{
  "resourceType": "CodeSystem",
  "id": "address-type",
  "meta": {
    "lastUpdated": "2018-12-27T22:37:54.724+11:00"
  },
  "text": {
    "status": "generated",
    "div": "\u003cdiv xmlns\u003d\"http://www.w3.org/1999/xhtml\"\u003e\u003ch2\u003eAddressType\u003c/h2\u003e\u003cdiv\u003e\u003cp\u003eThe type of an address (physical / postal).\u003c/p\u003e\n\u003c/div\u003e\u003cp\u003eThis code system http://hl7.org/fhir/address-type defines the following codes:\u003c/p\u003e\u003ctable class\u003d\"codes\"\u003e\u003ctr\u003e\u003ctd style\u003d\"white-space:nowrap\"\u003e\u003cb\u003eCode\u003c/b\u003e\u003c/td\u003e\u003ctd\u003e\u003cb\u003eDisplay\u003c/b\u003e\u003c/td\u003e\u003ctd\u003e\u003cb\u003eDefinition\u003c/b\u003e\u003c/td\u003e\u003c/tr\u003e\u003ctr\u003e\u003ctd style\u003d\"white-space:nowrap\"\u003epostal\u003ca name\u003d\"address-type-postal\"\u003e \u003c/a\u003e\u003c/td\u003e\u003ctd\u003ePostal\u003c/td\u003e\u003ctd\u003eMailing addresses - PO Boxes and care-of addresses.\u003c/td\u003e\u003c/tr\u003e\u003ctr\u003e\u003ctd style\u003d\"white-space:nowrap\"\u003ephysical\u003ca name\u003d\"address-type-physical\"\u003e \u003c/a\u003e\u003c/td\u003e\u003ctd\u003ePhysical\u003c/td\u003e\u003ctd\u003eA physical address that can be visited.\u003c/td\u003e\u003c/tr\u003e\u003ctr\u003e\u003ctd style\u003d\"white-space:nowrap\"\u003eboth\u003ca name\u003d\"address-type-both\"\u003e \u003c/a\u003e\u003c/td\u003e\u003ctd\u003ePostal \u0026amp; Physical\u003c/td\u003e\u003ctd\u003eAn address that is both physical and postal.\u003c/td\u003e\u003c/tr\u003e\u003c/table\u003e\u003c/div\u003e"
  },
  "extension": [
    {
      "url": "http://hl7.org/fhir/StructureDefinition/structuredefinition-wg",
      "valueCode": "fhir"
    },
    {
      "url": "http://hl7.org/fhir/StructureDefinition/structuredefinition-standards-status",
      "valueCode": "normative"
    },
    {
      "url": "http://hl7.org/fhir/StructureDefinition/structuredefinition-normative-version",
      "valueCode": "4.0.0"
    },
    {
      "url": "http://hl7.org/fhir/StructureDefinition/structuredefinition-fmm",
      "valueInteger": 5
    }
  ],
  "url": "http://hl7.org/fhir/address-type",
  "identifier": [
    {
      "system": "urn:ietf:rfc:3986",
      "value": "urn:oid:2.16.840.1.113883.4.642.1.70"
    }
  ],
  "version": "4.0.0",
  "name": "AddressType",
  "title": "AddressType",
  "status": "active",
  "experimental": false,
  "date": "2018-12-27T22:37:54+11:00",
  "publisher": "HL7 (FHIR Project)",
  "contact": [
    {
      "telecom": [
        {
          "system": "url",
          "value": "http://hl7.org/fhir"
        },
        {
          "system": "email",
          "value": "fhir@lists.hl7.org"
        }
      ]
    }
  ],
  "description": "The type of an address (physical / postal).",
  "caseSensitive": true,
  "valueSet": "http://hl7.org/fhir/ValueSet/address-type",
  "content": "complete",
  "concept": [
    {
      "code": "postal",
      "display": "Postal",
      "definition": "Mailing addresses - PO Boxes and care-of addresses."
    },
    {
      "code": "physical",
      "display": "Physical",
      "definition": "A physical address that can be visited."
    },
    {
      "code": "both",
      "display": "Postal \u0026 Physical",
      "definition": "An address that is both physical and postal."
    }
  ]
}